':authority', 'envoy:10000'
':path', '/bookings/bk-83255'
':method', 'GET'
':scheme', 'http'
'user-agent', 'Go-http-client/1.1'
'x-forwarded-proto', 'http'
'x-request-id', '84c186eb-1425-443b-9271-32901b1212a0'
'x-envoy-expected-rq-timeout-ms', '3000'

[2026-10-05 07:14:14.160][14][debug][pool] [source/common/conn_pool/conn_pool_base.cc:330] [Tags: "ConnectionId":"19"] using existing fully connected connection
[2026-10-05 07:14:14.160][14][debug][pool] [source/common/conn_pool/conn_pool_base.cc:247] [Tags: "ConnectionId":"19"] creating stream
[2026-10-05 07:14:14.160][14][debug][router] [source/common/router/upstream_request.cc:606] [Tags: "ConnectionId":"5526","StreamId":"10499164474500210822"] pool ready
[2026-10-05 07:14:14.160][14][debug][client] [source/common/http/codec_client.cc:150] [Tags: "ConnectionId":"19"] encode complete
[2026-10-05 07:14:14.160][14][debug][http] [source/common/http/conn_manager_impl.cc:394] [Tags: "ConnectionId":"5530"] new stream
[2026-10-05 07:14:14.160][14][debug][http] [source/common/http/conn_manager_impl.cc:1291] [Tags: "ConnectionId":"5530","StreamId":"12147477508297163851"] request headers complete (end_stream=true):
':authority', 'envoy:10000'
':path', '/bookings'
':method', 'OPTIONS'
'user-agent', 'Go-http-client/1.1'

[2026-10-05 07:14:14.160][14][debug][http] [source/common/http/conn_manager_impl.cc:1274] [Tags: "ConnectionId":"5530","StreamId":"12147477508297163851"] request end stream timestamp recorded
[2026-10-05 07:14:14.160][14][debug][connection] [./source/common/network/connection_impl.h:101] [Tags: "ConnectionId":"5530"] current connecting state: false
[2026-10-05 07:14:14.160][14][info][lua] [source/extensions/filters/common/lua/lua.cc:26] script log: accepted OPTIONS /bookings
[2026-10-05 07:14:14.160][14][debug][lua] [source/extensions/filters/common/lua/lua.cc:67] coroutine finished
[2026-10-05 07:14:14.160][14][debug][router] [source/common/router/router.cc:537] [Tags: "ConnectionId":"5530","StreamId":"12147477508297163851"] cluster 'booking' match for URL '/bookings'
[2026-10-05 07:14:14.160][14][debug][router] [source/common/router/router.cc:812] [Tags: "ConnectionId":"5530","StreamId":"12147477508297163851"] router decoding headers:
':authority', 'envoy:10000'
':path', '/bookings'
':method', 'OPTIONS'
':scheme', 'http'
'user-agent', 'Go-http-client/1.1'
'x-forwarded-proto', 'http'
'x-request-id', 'c6e7dde1-f51f-468b-94b9-ce2300118d51'
'x-envoy-expected-rq-timeout-ms', '3000'

[2026-10-05 07:14:14.160][14][debug][pool] [source/common/conn_pool/conn_pool_base.cc:330] [Tags: "ConnectionId":"17"] using existing fully connected connection
[2026-10-05 07:14:14.160][14][debug][pool] [source/common/conn_pool/conn_pool_base.cc:247] [Tags: "ConnectionId":"17"] creating stream
[2026-10-05 07:14:14.160][14][debug][router] [source/common/router/upstream_request.cc:606] [Tags: "ConnectionId":"5530","StreamId":"12147477508297163851"] pool ready
[2026-10-05 07:14:14.160][14][debug][client] [source/common/http/codec_client.cc:150] [Tags: "ConnectionId":"17"] encode complete
[2026-10-05 07:14:14.160][14][debug][http] [source/common/http/conn_manager_impl.cc:394] [Tags: "ConnectionId":"5523"] new stream
[2026-10-05 07:14:14.160][14][debug][http] [source/common/http/conn_manager_impl.cc:1291] [Tags: "ConnectionId":"5523","StreamId":"14639527913191932050"] request headers complete (end_stream=false):
':authority', 'envoy:10000'
':path', '/order/ord-76759'
':method', 'PUT'
'user-agent', 'Go-http-client/1.1'
'content-length', '22'
'content-type', 'application/json'

[2026-10-05 07:14:14.160][14][debug][connection] [./source/common/network/connection_impl.h:101] [Tags: "ConnectionId":"5523"] current connecting state: false
[2026-10-05 07:14:14.160][14][info][lua] [source/extensions/filters/common/lua/lua.cc:26] script log: accepted PUT /order/ord-76759
[2026-10-05 07:14:14.160][14][debug][lua] [source/extensions/filters/common/lua/lua.cc:67] coroutine finished
[2026-10-05 07:14:14.160][14][debug][router] [source/common/router/router.cc:537] [Tags: "ConnectionId":"5523","StreamId":"14639527913191932050"] cluster 'orders' match for URL '/order/ord-76759'
[2026-10-05 07:14:14.160][14][debug][router] [source/common/router/router.cc:812] [Tags: "ConnectionId":"5523","StreamId":"14639527913191932050"] router decoding headers:
':authority', 'envoy:10000'
':path', '/order/ord-76759'
':method', 'PUT'
':scheme', 'http'
'user-agent', 'Go-http-client/1.1'
'content-length', '22'
'content-type', 'application/json'
'x-forwarded-proto', 'http'
'x-request-id', '62dee137-8d62-42a4-887a-572402909e94'
'x-envoy-expected-rq-timeout-ms', '3000'

[2026-10-05 07:14:14.160][14][debug][pool] [source/common/conn_pool/conn_pool_base.cc:330] [Tags: "ConnectionId":"13"] using existing fully connected connection
[2026-10-05 07:14:14.160][14][debug][pool] [source/common/conn_pool/conn_pool_base.cc:247] [Tags: "ConnectionId":"13"] creating stream
[2026-10-05 07:14:14.160][14][debug][router] [source/common/router/upstream_request.cc:606] [Tags: "ConnectionId":"5523","StreamId":"14639527913191932050"] pool ready
[2026-10-05 07:14:14.160][14][debug][router] [source/common/router/router.cc:993] [Tags: "ConnectionId":"5523","StreamId":"14639527913191932050"] router decoding data: 22
[2026-10-05 07:14:14.160][14][debug][http] [source/common/http/conn_manager_impl.cc:1274] [Tags: "ConnectionId":"5523","StreamId":"14639527913191932050"] request end stream timestamp recorded
[2026-10-05 07:14:14.160][14][debug][router] [source/common/router/router.cc:993] [Tags: "ConnectionId":"5523","StreamId":"14639527913191932050"] router decoding data: 0
[2026-10-05 07:14:14.160][14][debug][client] [source/common/http/codec_client.cc:150] [Tags: "ConnectionId":"13"] encode complete
[2026-10-05 07:14:14.160][14][debug][http] [source/common/http/conn_manager_impl.cc:394] [Tags: "ConnectionId":"5525"] new stream
[2026-10-05 07:14:14.160][14][debug][http] [source/common/http/conn_manager_impl.cc:1291] [Tags: "ConnectionId":"5525","StreamId":"8469542421501894825"] request headers complete (end_stream=true):
':authority', 'envoy:10000'
':path', '/users/usr-20131'
':method', 'GET'
'user-agent', 'Go-http-client/1.1'

[2026-10-05 07:14:14.160][14][debug][http] [source/common/http/conn_manager_impl.cc:1274] [Tags: "ConnectionId":"5525","StreamId":"8469542421501894825"] request end stream timestamp recorded
[2026-10-05 07:14:14.160][14][debug][connection] [./source/common/network/connection_impl.h:101] [Tags: "ConnectionId":"5525"] current connecting state: false
[2026-10-05 07:14:14.160][14][info][lua] [source/extensions/filters/common/lua/lua.cc:26] script log: accepted GET /users/usr-20131
[2026-10-05 07:14:14.160][14][debug][lua] [source/extensions/filters/common/lua/lua.cc:67] coroutine finished
[2026-10-05 07:14:14.160][14][debug][router] [source/common/router/router.cc:537] [Tags: "ConnectionId":"5525","StreamId":"8469542421501894825"] cluster 'users' match for URL '/users/usr-20131'
[2026-10-05 07:14:14.160][14][debug][router] [source/common/router/router.cc:812] [Tags: "ConnectionId":"5525","StreamId":"8469542421501894825"] router decoding headers:
':authority', 'envoy:10000'
':path', '/users/usr-20131'
':method', 'GET'
':scheme', 'http'
'user-agent', 'Go-http-client/1.1'
'x-forwarded-proto', 'http'
'x-request-id', 'cb80b17c-6f76-4690-92cd-ad721c950939'
'x-envoy-expected-rq-timeout-ms', '3000'

[2026-10-05 07:14:14.160][14][debug][pool] [source/common/conn_pool/conn_pool_base.cc:330] [Tags: "ConnectionId":"8"] using existing fully connected connection
[2026-10-05 07:14:14.160][14][debug][pool] [source/common/conn_pool/conn_pool_base.cc:247] [Tags: "ConnectionId":"8"] creating stream
[2026-10-05 07:14:14.160][14][debug][router] [source/common/router/upstream_request.cc:606] [Tags: "ConnectionId":"5525","StreamId":"8469542421501894825"] pool ready
[2026-10-05 07:14:14.160][14][debug][client] [source/common/http/codec_client.cc:150] [Tags: "ConnectionId":"8"] encode complete
[2026-10-05 07:14:14.160][14][debug][http] [source/common/http/conn_manager_impl.cc:394] [Tags: "ConnectionId":"5470"] new stream
[2026-10-05 07:14:14.160][14][debug][http] [source/common/http/conn_manager_impl.cc:1291] [Tags: "ConnectionId":"5470","StreamId":"14764677501665189295"] request headers complete (end_stream=false):
':authority', 'envoy:10000'
':path', '/payments'
':method', 'POST'
'user-agent', 'Go-http-client/1.1'
'content-length', '57'
'content-type', 'application/json'

[2026-10-05 07:14:14.160][14][debug][connection] [./source/common/network/connection_impl.h:101] [Tags: "ConnectionId":"5470"] current connecting state: false
[2026-10-05 07:14:14.160][14][info][lua] [source/extensions/filters/common/lua/lua.cc:26] script log: accepted POST /payments
[2026-10-05 07:14:14.160][14][debug][lua] [source/extensions/filters/common/lua/lua.cc:67] coroutine finished
[2026-10-05 07:14:14.160][14][debug][router] [source/common/router/router.cc:537] [Tags: "ConnectionId":"5470","StreamId":"14764677501665189295"] cluster 'payments' match for URL '/payments'
[2026-10-05 07:14:14.160][14][debug][router] [source/common/router/router.cc:812] [Tags: "ConnectionId":"5470","StreamId":"14764677501665189295"] router decoding headers:
':authority', 'envoy:10000'
':path', '/payments'
':method', 'POST'
':scheme', 'http'
'user-agent', 'Go-http-client/1.1'
'content-length', '57'
'content-type', 'application/json'
'x-forwarded-proto', 'http'
'x-request-id', 'b4c6219a-7b7c-40cf-b258-513a9180d202'
'x-envoy-expected-rq-timeout-ms', '3000'

[2026-10-05 07:14:14.160][14][debug][pool] [source/common/conn_pool/conn_pool_base.cc:330] [Tags: "ConnectionId":"1"] using existing fully connected connection
[2026-10-05 07:14:14.160][14][debug][pool] [source/common/conn_pool/conn_pool_base.cc:247] [Tags: "ConnectionId":"1"] creating stream
[2026-10-05 07:14:14.160][14][debug][router] [source/common/router/upstream_request.cc:606] [Tags: "ConnectionId":"5470","StreamId":"14764677501665189295"] pool ready
[2026-10-05 07:14:14.160][14][debug][router] [source/common/router/router.cc:993] [Tags: "ConnectionId":"5470","StreamId":"14764677501665189295"] router decoding data: 57
[2026-10-05 07:14:14.160][14][debug][http] [source/common/http/conn_manager_impl.cc:1274] [Tags: "ConnectionId":"5470","StreamId":"14764677501665189295"] request end stream timestamp recorded
[2026-10-05 07:14:14.160][14][debug][router] [source/common/router/router.cc:993] [Tags: "ConnectionId":"5470","StreamId":"14764677501665189295"] router decoding data: 0
[2026-10-05 07:14:14.160][14][debug][client] [source/common/http/codec_client.cc:150] [Tags: "ConnectionId":"1"] encode complete
[2026-10-05 07:14:14.160][14][debug][http] [source/common/http/conn_manager_impl.cc:394] [Tags: "ConnectionId":"5506"] new stream
[2026-10-05 07:14:14.160][14][debug][http] [source/common/http/conn_manager_impl.cc:1291] [Tags: "ConnectionId":"5506","StreamId":"11866453813221929895"] request headers complete (end_stream=false):
':authority', 'envoy:10000'
':path', '/order/ord-32646'
':method', 'PUT'
'user-agent', 'Go-http-client/1.1'
'content-length', '20'
'content-type', 'application/json'

[2026-10-05 07:14:14.160][14][debug][connection] [./source/common/network/connection_impl.h:101] [Tags: "ConnectionId":"5506"] current connecting state: false
[2026-10-05 07:14:14.160][14][info][lua] [source/extensions/filters/common/lua/lua.cc:26] script log: accepted PUT /order/ord-32646
[2026-10-05 07:14:14.160][14][debug][lua] [source/extensions/filters/common/lua/lua.cc:67] coroutine finished
[2026-10-05 07:14:14.160][14][debug][router] [source/common/router/router.cc:537] [Tags: "ConnectionId":"5506","StreamId":"11866453813221929895"] cluster 'orders' match for URL '/order/ord-32646'
[2026-10-05 07:14:14.160][14][debug][router] [source/common/router/router.cc:812] [Tags: "ConnectionId":"5506","StreamId":"11866453813221929895"] router decoding headers:
':authority', 'envoy:10000'
':path', '/order/ord-32646'
':method', 'PUT'
':scheme', 'http'
'user-agent', 'Go-http-client/1.1'
'content-length', '20'
'content-type', 'application/json'
'x-forwarded-proto', 'http'
'x-request-id', '3eb457a2-27aa-487e-9655-be201aa26210'
'x-envoy-expected-rq-timeout-ms', '3000'

[2026-10-05 07:14:14.160][14][debug][pool] [source/common/conn_pool/conn_pool_base.cc:330] [Tags: "ConnectionId":"1746"] using existing fully connected connection
[2026-10-05 07:14:14.160][14][debug][pool] [source/common/conn_pool/conn_pool_base.cc:247] [Tags: "ConnectionId":"1746"] creating stream
[2026-10-05 07:14:14.160][14][debug][router] [source/common/router/upstream_request.cc:606] [Tags: "ConnectionId":"5506","StreamId":"11866453813221929895"] pool ready
[2026-10-05 07:14:14.160][14][debug][router] [source/common/router/router.cc:993] [Tags: "ConnectionId":"5506","StreamId":"11866453813221929895"] router decoding data: 20
[2026-10-05 07:14:14.160][14][debug][http] [source/common/http/conn_manager_impl.cc:1274] [Tags: "ConnectionId":"5506","StreamId":"11866453813221929895"] request end stream timestamp recorded
[2026-10-05 07:14:14.160][14][debug][router] [source/common/router/router.cc:993] [Tags: "ConnectionId":"5506","StreamId":"11866453813221929895"] router decoding data: 0
[2026-10-05 07:14:14.161][14][debug][client] [source/common/http/codec_client.cc:150] [Tags: "ConnectionId":"1746"] encode complete
[2026-10-05 07:14:14.161][14][debug][http] [source/common/http/conn_manager_impl.cc:394] [Tags: "ConnectionId":"5496"] new stream
[2026-10-05 07:14:14.161][14][debug][http] [source/common/http/conn_manager_impl.cc:1291] [Tags: "ConnectionId":"5496","StreamId":"17058207550876469207"] request headers complete (end_stream=true):
':authority', 'envoy:10000'
':path', '/users/usr-60778'
':method', 'GET'
'user-agent', 'Go-http-client/1.1'

[2026-10-05 07:14:14.161][14][debug][http] [source/common/http/conn_manager_impl.cc:1274] [Tags: "ConnectionId":"5496","StreamId":"17058207550876469207"] request end stream timestamp recorded
[2026-10-05 07:14:14.161][14][debug][connection] [./source/common/network/connection_impl.h:101] [Tags: "ConnectionId":"5496"] current connecting state: false
[2026-10-05 07:14:14.161][14][info][lua] [source/extensions/filters/common/lua/lua.cc:26] script log: accepted GET /users/usr-60778
[2026-10-05 07:14:14.161][14][debug][lua] [source/extensions/filters/common/lua/lua.cc:67] coroutine finished
[2026-10-05 07:14:14.161][14][debug][router] [source/common/router/router.cc:537] [Tags: "ConnectionId":"5496","StreamId":"17058207550876469207"] cluster 'users' match for URL '/users/usr-60778'
[2026-10-05 07:14:14.161][14][debug][router] [source/common/router/router.cc:812] [Tags: "ConnectionId":"5496","StreamId":"17058207550876469207"] router decoding headers:
':authority', 'envoy:10000'
':path', '/users/usr-60778'
':method', 'GET'
':scheme', 'http'
'user-agent', 'Go-http-client/1.1'
'x-forwarded-proto', 'http'
'x-request-id', '5c7387e6-2b55-469e-80ba-42a7aa3eaed6'
'x-envoy-expected-rq-timeout-ms', '3000'

[2026-10-05 07:14:14.161][14][debug][pool] [source/common/conn_pool/conn_pool_base.cc:330] [Tags: "ConnectionId":"23"] using existing fully connected connection
[2026-10-05 07:14:14.161][14][debug][pool] [source/common/conn_pool/conn_pool_base.cc:247] [Tags: "ConnectionId":"23"] creating stream
[2026-10-05 07:14:14.161][14][debug][router] [source/common/router/upstream_request.cc:606] [Tags: "ConnectionId":"5496","StreamId":"17058207550876469207"] pool ready
[2026-10-05 07:14:14.161][14][debug][client] [source/common/http/codec_client.cc:150] [Tags: "ConnectionId":"23"] encode complete
[2026-10-05 07:14:14.161][14][debug][http] [source/common/http/conn_manager_impl.cc:394] [Tags: "ConnectionId":"5531"] new stream
[2026-10-05 07:14:14.161][14][debug][http] [source/common/http/conn_manager_impl.cc:1291] [Tags: "ConnectionId":"5531","StreamId":"5024616757834825272"] request headers complete (end_stream=true):
':authority', 'envoy:10000'
':path', '/bookings'
':method', 'OPTIONS'
'user-agent', 'Go-http-client/1.1'

[2026-10-05 07:14:14.161][14][debug][http] [source/common/http/conn_manager_impl.cc:1274] [Tags: "ConnectionId":"5531","StreamId":"5024616757834825272"] request end stream timestamp recorded
[2026-10-05 07:14:14.161][14][debug][connection] [./source/common/network/connection_impl.h:101] [Tags: "ConnectionId":"5531"] current connecting state: false
[2026-10-05 07:14:14.161][14][info][lua] [source/extensions/filters/common/lua/lua.cc:26] script log: accepted OPTIONS /bookings
[2026-10-05 07:14:14.161][14][debug][lua] [source/extensions/filters/common/lua/lua.cc:67] coroutine finished
[2026-10-05 07:14:14.161][14][debug][router] [source/common/router/router.cc:537] [Tags: "ConnectionId":"5531","StreamId":"5024616757834825272"] cluster 'booking' match for URL '/bookings'
[2026-10-05 07:14:14.161][14][debug][router] [source/common/router/router.cc:812] [Tags: "ConnectionId":"5531","StreamId":"5024616757834825272"] router decoding headers:
':authority', 'envoy:10000'
':path', '/bookings'
':method', 'OPTIONS'
':scheme', 'http'
'user-agent', 'Go-http-client/1.1'
'x-forwarded-proto', 'http'
'x-request-id', 'b911e147-fa34-46d0-8485-2f04091e1df6'
'x-envoy-expected-rq-timeout-ms', '3000'

[2026-10-05 07:14:14.161][14][debug][pool] [source/common/conn_pool/conn_pool_base.cc:330] [Tags: "ConnectionId":"11"] using existing fully connected connection
[2026-10-05 07:14:14.161][14][debug][pool] [source/common/conn_pool/conn_pool_base.cc:247] [Tags: "ConnectionId":"11"] creating stream
[2026-10-05 07:14:14.161][14][debug][router] [source/common/router/upstream_request.cc:606] [Tags: "ConnectionId":"5531","StreamId":"5024616757834825272"] pool ready
[2026-10-05 07:14:14.161][14][debug][client] [source/common/http/codec_client.cc:150] [Tags: "ConnectionId":"11"] encode complete
[2026-10-05 07:14:14.161][14][debug][http] [source/common/http/conn_manager_impl.cc:394] [Tags: "ConnectionId":"5527"] new stream
[2026-10-05 07:14:14.161][14][debug][http] [source/common/http/conn_manager_impl.cc:1291] [Tags: "ConnectionId":"5527","StreamId":"6698611920328792779"] request headers complete (end_stream=false):
':authority', 'envoy:10000'
':path', '/booking'
':method', 'POST'
'user-agent', 'Go-http-client/1.1'
'content-length', '58'
'content-type', 'application/json'

[2026-10-05 07:14:14.161][14][debug][connection] [./source/common/network/connection_impl.h:101] [Tags: "ConnectionId":"5527"] current connecting state: false
[2026-10-05 07:14:14.161][14][info][lua] [source/extensions/filters/common/lua/lua.cc:26] script log: accepted POST /booking
[2026-10-05 07:14:14.161][14][debug][lua] [source/extensions/filters/common/lua/lua.cc:67] coroutine finished
[2026-10-05 07:14:14.161][14][debug][router] [source/common/router/router.cc:537] [Tags: "ConnectionId":"5527","StreamId":"6698611920328792779"] cluster 'booking' match for URL '/booking'
[2026-10-05 07:14:14.161][14][debug][router] [source/common/router/router.cc:812] [Tags: "ConnectionId":"5527","StreamId":"6698611920328792779"] router decoding headers:
':authority', 'envoy:10000'
':path', '/booking'
':method', 'POST'
':scheme', 'http'
'user-agent', 'Go-http-client/1.1'
'content-length', '58'
'content-type', 'application/json'
'x-forwarded-proto', 'http'
'x-request-id', 'd886d35d-8660-4b89-81ed-be40e63b6e84'
'x-envoy-expected-rq-timeout-ms', '3000'

[2026-10-05 07:14:14.161][14][debug][pool] [source/common/conn_pool/conn_pool_base.cc:330] [Tags: "ConnectionId":"1752"] using existing fully connected connection
[2026-10-05 07:14:14.161][14][debug][pool] [source/common/conn_pool/conn_pool_base.cc:247] [Tags: "ConnectionId":"1752"] creating stream
[2026-10-05 07:14:14.161][14][debug][router] [source/common/router/upstream_request.cc:606] [Tags: "ConnectionId":"5527","StreamId":"6698611920328792779"] pool ready
[2026-10-05 07:14:14.161][14][debug][router] [source/common/router/router.cc:993] [Tags: "ConnectionId":"5527","StreamId":"6698611920328792779"] router decoding data: 58
[2026-10-05 07:14:14.161][14][debug][http] [source/common/http/conn_manager_impl.cc:1274] [Tags: "ConnectionId":"5527","StreamId":"6698611920328792779"] request end stream timestamp recorded
[2026-10-05 07:14:14.161][14][debug][router] [source/common/router/router.cc:993] [Tags: "ConnectionId":"5527","StreamId":"6698611920328792779"] router decoding data: 0
[2026-10-05 07:14:14.161][14][debug][client] [source/common/http/codec_client.cc:150] [Tags: "ConnectionId":"1752"] encode complete
[2026-10-05 07:14:14.161][14][debug][http] [source/common/http/conn_manager_impl.cc:394] [Tags: "ConnectionId":"5515"] new stream
[2026-10-05 07:14:14.161][14][debug][http] [source/common/http/conn_manager_impl.cc:1291] [Tags: "ConnectionId":"5515","StreamId":"8995189004984597774"] request headers complete (end_stream=false):
':authority', 'envoy:10000'
':path', '/foods/data'
':method', 'POST'
'user-agent', 'Go-http-client/1.1'
'content-length', '22'
'content-type', 'application/json'

[2026-10-05 07:14:14.161][14][debug][connection] [./source/common/network/connection_impl.h:101] [Tags: "ConnectionId":"5515"] current connecting state: false
[2026-10-05 07:14:14.161][14][info][lua] [source/extensions/filters/common/lua/lua.cc:26] script log: accepted POST /foods/data
[2026-10-05 07:14:14.161][14][debug][lua] [source/extensions/filters/common/lua/lua.cc:67] coroutine finished
[2026-10-05 07:14:14.161][14][debug][router] [source/common/router/router.cc:537] [Tags: "ConnectionId":"5515","StreamId":"8995189004984597774"] cluster 'foods' match for URL '/foods/data'
[2026-10-05 07:14:14.161][14][debug][router] [source/common/router/router.cc:812] [Tags: "ConnectionId":"5515","StreamId":"8995189004984597774"] router decoding headers:
':authority', 'envoy:10000'
':path', '/foods/data'
':method', 'POST'
':scheme', 'http'
'user-agent', 'Go-http-client/1.1'
'content-length', '22'
'content-type', 'application/json'
'x-forwarded-proto', 'http'
'x-request-id', '888b6934-5328-43a2-a209-3c5e268c830b'
'x-envoy-expected-rq-timeout-ms', '3000'

[2026-10-05 07:14:14.161][14][debug][pool] [source/common/conn_pool/conn_pool_base.cc:330] [Tags: "ConnectionId":"1750"] using existing fully connected connection
[2026-10-05 07:14:14.161][14][debug][pool] [source/common/conn_pool/conn_pool_base.cc:247] [Tags: "ConnectionId":"1750"] creating stream
[2026-10-05 07:14:14.161][14][debug][router] [source/common/router/upstream_request.cc:606] [Tags: "ConnectionId":"5515","StreamId":"8995189004984597774"] pool ready
[2026-10-05 07:14:14.161][14][debug][router] [source/common/router/router.cc:993] [Tags: "ConnectionId":"5515","StreamId":"8995189004984597774"] router decoding data: 22
[2026-10-05 07:14:14.161][14][debug][http] [source/common/http/conn_manager_impl.cc:1274] [Tags: "ConnectionId":"5515","StreamId":"8995189004984597774"] request end stream timestamp recorded
[2026-10-05 07:14:14.161][14][debug][router] [source/common/router/router.cc:993] [Tags: "ConnectionId":"5515","StreamId":"8995189004984597774"] router decoding data: 0
[2026-10-05 07:14:14.161][14][debug][client] [source/common/http/codec_client.cc:150] [Tags: "ConnectionId":"1750"] encode complete
[2026-10-05 07:14:14.161][14][debug][http] [source/common/http/conn_manager_impl.cc:394] [Tags: "ConnectionId":"5520"] new stream
[2026-10-05 07:14:14.161][14][debug][http] [source/common/http/conn_manager_impl.cc:1291] [Tags: "ConnectionId":"5520","StreamId":"16063686945015087419"] request headers complete (end_stream=true):
':authority', 'envoy:10000'
':path', '/bookings/bk-24635'
':method', 'GET'
'user-agent', 'Go-http-client/1.1'

[2026-10-05 07:14:14.161][14][debug][http] [source/common/http/conn_manager_impl.cc:1274] [Tags: "ConnectionId":"5520","StreamId":"16063686945015087419"] request end stream timestamp recorded
[2026-10-05 07:14:14.161][14][debug][connection] [./source/common/network/connection_impl.h:101] [Tags: "ConnectionId":"5520"] current connecting state: false
[2026-10-05 07:14:14.161][14][info][lua] [source/extensions/filters/common/lua/lua.cc:26] script log: accepted GET /bookings/bk-24635
[2026-10-05 07:14:14.161][14][debug][lua] [source/extensions/filters/common/lua/lua.cc:67] coroutine finished
[2026-10-05 07:14:14.161][14][debug][router] [source/common/router/router.cc:537] [Tags: "ConnectionId":"5520","StreamId":"16063686945015087419"] cluster 'booking' match for URL '/bookings/bk-24635'
[2026-10-05 07:14:14.161][14][debug][router] [source/common/router/router.cc:812] [Tags: "ConnectionId":"5520","StreamId":"16063686945015087419"] router decoding headers:
':authority', 'envoy:10000'
':path', '/bookings/bk-24635'
':method', 'GET'
':scheme', 'http'
'user-agent', 'Go-http-client/1.1'
'x-forwarded-proto', 'http'
'x-request-id', 'd371a5de-9eb6-4f09-bbdf-ebddabd0b36a'
'x-envoy-expected-rq-timeout-ms', '3000'

[2026-10-05 07:14:14.161][14][debug][pool] [source/common/conn_pool/conn_pool_base.cc:330] [Tags: "ConnectionId":"2"] using existing fully connected connection
[2026-10-05 07:14:14.161][14][debug][pool] [source/common/conn_pool/conn_pool_base.cc:247] [Tags: "ConnectionId":"2"] creating stream
[2026-10-05 07:14:14.161][14][debug][router] [source/common/router/upstream_request.cc:606] [Tags: "ConnectionId":"5520","StreamId":"16063686945015087419"] pool ready
[2026-10-05 07:14:14.161][14][debug][client] [source/common/http/codec_client.cc:150] [Tags: "ConnectionId":"2"] encode complete
[2026-10-05 07:14:14.161][14][debug][http] [source/common/http/conn_manager_impl.cc:394] [Tags: "ConnectionId":"5528"] new stream
[2026-10-05 07:14:14.161][14][debug][http] [source/common/http/conn_manager_impl.cc:1291] [Tags: "ConnectionId":"5528","StreamId":"3021108487783479770"] request headers complete (end_stream=true):
':authority', 'envoy:10000'
':path', '/payments/pay-49456'
':method', 'GET'
'user-agent', 'Go-http-client/1.1'

[2026-10-05 07:14:14.161][14][debug][http] [source/common/http/conn_manager_impl.cc:1274] [Tags: "ConnectionId":"5528","StreamId":"3021108487783479770"] request end stream timestamp recorded
[2026-10-05 07:14:14.161][14][debug][connection] [./source/common/network/connection_impl.h:101] [Tags: "ConnectionId":"5528"] current connecting state: false
[2026-10-05 07:14:14.161][14][info][lua] [source/extensions/filters/common/lua/lua.cc:26] script log: accepted GET /payments/pay-49456
[2026-10-05 07:14:14.161][14][debug][lua] [source/extensions/filters/common/lua/lua.cc:67] coroutine finished
[2026-10-05 07:14:14.161][14][debug][router] [source/common/router/router.cc:537] [Tags: "ConnectionId":"5528","StreamId":"3021108487783479770"] cluster 'payments' match for URL '/payments/pay-49456'
[2026-10-05 07:14:14.161][14][debug][router] [source/common/router/router.cc:812] [Tags: "ConnectionId":"5528","StreamId":"3021108487783479770"] router decoding headers:
':authority', 'envoy:10000'
':path', '/payments/pay-49456'
':method', 'GET'
':scheme', 'http'
'user-agent', 'Go-http-client/1.1'
'x-forwarded-proto', 'http'
'x-request-id', '61ce95d3-e9c3-4825-a1af-8d2a0a38c8d9'
'x-envoy-expected-rq-timeout-ms', '3000'

[2026-10-05 07:14:14.161][14][debug][pool] [source/common/conn_pool/conn_pool_base.cc:330] [Tags: "ConnectionId":"21"] using existing fully connected connection
[2026-10-05 07:14:14.161][14][debug][pool] [source/common/conn_pool/conn_pool_base.cc:247] [Tags: "ConnectionId":"21"] creating stream
[2026-10-05 07:14:14.161][14][debug][router] [source/common/router/upstream_request.cc:606] [Tags: "ConnectionId":"5528","StreamId":"3021108487783479770"] pool ready
[2026-10-05 07:14:14.161][14][debug][client] [source/common/http/codec_client.cc:150] [Tags: "ConnectionId":"21"] encode complete
[2026-10-05 07:14:14.161][14][debug][router] [source/common/router/router.cc:1700] [Tags: "ConnectionId":"5496","StreamId":"17058207550876469207"] upstream headers complete: end_stream=false
[2026-10-05 07:14:14.161][14][debug][lua] [source/extensions/filters/common/lua/lua.cc:23] script log: completed GET /users/usr-60778 status=200
[2026-10-05 07:14:14.161][14][debug][lua] [source/extensions/filters/common/lua/lua.cc:67] coroutine finished
[2026-10-05 07:14:14.161][14][debug][http] [source/common/http/conn_manager_impl.cc:1948] [Tags: "ConnectionId":"5496","StreamId":"17058207550876469207"] encoding headers via codec (end_stream=false):
':status', '200'
'content-type', 'application/json'
'date', 'Mon, 05 Oct 2026 07:14:14 GMT'
'content-length', '32'
'x-envoy-upstream-service-time', '0'
'server', 'envoy'

[2026-10-05 07:14:14.161][14][debug][client] [source/common/http/codec_client.cc:137] [Tags: "ConnectionId":"23"] response complete
[2026-10-05 07:14:14.161][14][debug][router] [source/common/router/router.cc:1153] Executing cleanup(): resetting retry_state_ and disabling timers
[2026-10-05 07:14:14.161][14][debug][http] [source/common/http/conn_manager_impl.cc:2063] [Tags: "ConnectionId":"5496","StreamId":"17058207550876469207"] Codec completed encoding stream.
[2026-10-05 07:14:14.161][14][debug][router] [source/common/router/router.cc:1153] Executing cleanup(): resetting retry_state_ and disabling timers
[2026-10-05 07:14:14.161][14][debug][pool] [source/common/http/http1/conn_pool.cc:61] [Tags: "ConnectionId":"23"] response complete
[2026-10-05 07:14:14.161][14][debug][pool] [source/common/conn_pool/conn_pool_base.cc:282] [Tags: "ConnectionId":"23"] destroying stream: 0 active remaining, readyForStream false, currentUnusedCapacity 1
[2026-10-05 07:14:14.161][14][debug][router] [source/common/router/router.cc:1700] [Tags: "ConnectionId":"5507","StreamId":"16960832296601299079"] upstream headers complete: end_stream=false
[2026-10-05 07:14:14.161][14][debug][lua] [source/extensions/filters/common/lua/lua.cc:23] script log: completed POST /foods/data status=200
[2026-10-05 07:14:14.161][14][debug][lua] [source/extensions/filters/common/lua/lua.cc:67] coroutine finished
[2026-10-05 07:14:14.161][14][debug][http] [source/common/http/conn_manager_impl.cc:1948] [Tags: "ConnectionId":"5507","StreamId":"16960832296601299079"] encoding headers via codec (end_stream=false):
':status', '200'
'content-type', 'application/json'
'date', 'Mon, 05 Oct 2026 07:14:14 GMT'
'content-length', '15'
'x-envoy-upstream-service-time', '1'
'server', 'envoy'

[2026-10-05 07:14:14.161][14][debug][client] [source/common/http/codec_client.cc:137] [Tags: "ConnectionId":"1751"] response complete
[2026-10-05 07:14:14.161][14][debug][router] [source/common/router/router.cc:1153] Executing cleanup(): resetting retry_state_ and disabling timers
[2026-10-05 07:14:14.161][14][debug][http] [source/common/http/conn_manager_impl.cc:2063] [Tags: "ConnectionId":"5507","StreamId":"16960832296601299079"] Codec completed encoding stream.
[2026-10-05 07:14:14.161][14][debug][router] [source/common/router/router.cc:1153] Executing cleanup(): resetting retry_state_ and disabling timers
[2026-10-05 07:14:14.161][14][debug][pool] [source/common/http/http1/conn_pool.cc:61] [Tags: "ConnectionId":"1751"] response complete
[2026-10-05 07:14:14.161][14][debug][pool] [source/common/conn_pool/conn_pool_base.cc:282] [Tags: "ConnectionId":"1751"] destroying stream: 0 active remaining, readyForStream false, currentUnusedCapacity 1
[2026-10-05 07:14:14.161][14][debug][router] [source/common/router/router.cc:1700] [Tags: "ConnectionId":"5529","StreamId":"16046089935071690814"] upstream headers complete: end_stream=false
[2026-10-05 07:14:14.161][14][debug][lua] [source/extensions/filters/http/lua/lua_filter.cc:569] yielding for full body
[2026-10-05 07:14:14.161][14][debug][lua] [source/extensions/filters/common/lua/lua.cc:70] coroutine yielded
[2026-10-05 07:14:14.161][14][debug][client] [source/common/http/codec_client.cc:137] [Tags: "ConnectionId":"6"] response complete
[2026-10-05 07:14:14.161][14][debug][router] [source/common/router/router.cc:1153] Executing cleanup(): resetting retry_state_ and disabling timers
[2026-10-05 07:14:14.161][14][debug][lua] [source/extensions/filters/http/lua/lua_filter.cc:280] resuming body due to end stream
[2026-10-05 07:14:14.161][14][error][lua] [source/extensions/filters/common/lua/lua.cc:32] script log: POST /payments status=500 reason=upstream returned 503
reason: upstream returned 503
goroutine 20 [running]:
runtime/debug.Stack()
	runtime/debug/stack.go:26 +0x64
main.(*handler).fail(0x5b2543e140c0, {0x2e9060, 0x5b2543fe40f0}, {0x5b2543f833f8, 0x4}, {0x5b2543f833fd, 0x9})
	envoy-log-generator/cmd/backend/main.go:169 +0x4c
main.(*handler).ServeHTTP(0x5b2543e140c0, {0x2e9060, 0x5b2543fe40f0}, 0x5b2543fdcdc0)
	envoy-log-generator/cmd/backend/main.go:111 +0x690
net/http.serverHandler.ServeHTTP({0x2e7ed0?}, {0x2e9060?, 0x5b2543fe40f0?}, 0x1?)
	net/http/server.go:3311 +0xb0
net/http.(*conn).serve(0x5b2543e5a1b0, {0x2e96d0, 0x5b2543e1c240})
	net/http/server.go:2067 +0x55c
created by net/http.(*Server).Serve in goroutine 1
	net/http/server.go:3464 +0x37c
[2026-10-05 07:14:14.161][14][debug][lua] [source/extensions/filters/common/lua/lua.cc:67] coroutine finished
[2026-10-05 07:14:14.161][14][debug][http] [source/common/http/conn_manager_impl.cc:1948] [Tags: "ConnectionId":"5529","StreamId":"16046089935071690814"] encoding headers via codec (end_stream=false):
':status', '500'
'content-type', 'text/plain; charset=utf-8'
'date', 'Mon, 05 Oct 2026 07:14:14 GMT'
'content-length', '703'
'x-envoy-upstream-service-time', '1'
'server', 'envoy'

[2026-10-05 07:14:14.161][14][debug][http] [source/common/http/conn_manager_impl.cc:2063] [Tags: "ConnectionId":"5529","StreamId":"16046089935071690814"] Codec completed encoding stream.
[2026-10-05 07:14:14.161][14][debug][router] [source/common/router/router.cc:1153] Executing cleanup(): resetting retry_state_ and disabling timers
[2026-10-05 07:14:14.161][14][debug][pool] [source/common/http/http1/conn_pool.cc:61] [Tags: "ConnectionId":"6"] response complete
[2026-10-05 07:14:14.161][14][debug][pool] [source/common/conn_pool/conn_pool_base.cc:282] [Tags: "ConnectionId":"6"] destroying stream: 0 active remaining, readyForStream false, currentUnusedCapacity 1
[2026-10-05 07:14:14.161][14][debug][router] [source/common/router/router.cc:1700] [Tags: "ConnectionId":"5527","StreamId":"6698611920328792779"] upstream headers complete: end_stream=false
[2026-10-05 07:14:14.161][14][debug][lua] [source/extensions/filters/common/lua/lua.cc:23] script log: completed POST /booking status=200
[2026-10-05 07:14:14.161][14][debug][lua] [source/extensions/filters/common/lua/lua.cc:67] coroutine finished
[2026-10-05 07:14:14.161][14][debug][http] [source/common/http/conn_manager_impl.cc:1948] [Tags: "ConnectionId":"5527","StreamId":"6698611920328792779"] encoding headers via codec (end_stream=false):
':status', '200'
'content-type', 'application/json'
'date', 'Mon, 05 Oct 2026 07:14:14 GMT'
'content-length', '15'
'x-envoy-upstream-service-time', '0'
'server', 'envoy'

[2026-10-05 07:14:14.161][14][debug][client] [source/common/http/codec_client.cc:137] [Tags: "ConnectionId":"1752"] response complete
[2026-10-05 07:14:14.161][14][debug][router] [source/common/router/router.cc:1153] Executing cleanup(): resetting retry_state_ and disabling timers
[2026-10-05 07:14:14.161][14][debug][http] [source/common/http/conn_manager_impl.cc:2063] [Tags: "ConnectionId":"5527","StreamId":"6698611920328792779"] Codec completed encoding stream.
[2026-10-05 07:14:14.161][14][debug][router] [source/common/router/router.cc:1153] Executing cleanup(): resetting retry_state_ and disabling timers
[2026-10-05 07:14:14.161][14][debug][pool] [source/common/http/http1/conn_pool.cc:61] [Tags: "ConnectionId":"1752"] response complete
[2026-10-05 07:14:14.161][14][debug][pool] [source/common/conn_pool/conn_pool_base.cc:282] [Tags: "ConnectionId":"1752"] destroying stream: 0 active remaining, readyForStream false, currentUnusedCapacity 1
[2026-10-05 07:14:14.162][14][debug][router] [source/common/router/router.cc:1700] [Tags: "ConnectionId":"5525","StreamId":"8469542421501894825"] upstream headers complete: end_stream=false
[2026-10-05 07:14:14.162][14][debug][lua] [source/extensions/filters/common/lua/lua.cc:23] script log: completed GET /users/usr-20131 status=200
[2026-10-05 07:14:14.162][14][debug][lua] [source/extensions/filters/common/lua/lua.cc:67] coroutine finished
[2026-10-05 07:14:14.162][14][debug][http] [source/common/http/conn_manager_impl.cc:1948] [Tags: "ConnectionId":"5525","StreamId":"8469542421501894825"] encoding headers via codec (end_stream=false):
':status', '200'
'content-type', 'application/json'
'date', 'Mon, 05 Oct 2026 07:14:14 GMT'
'content-length', '32'
'x-envoy-upstream-service-time', '1'
'server', 'envoy'

[2026-10-05 07:14:14.162][14][debug][client] [source/common/http/codec_client.cc:137] [Tags: "ConnectionId":"8"] response complete
[2026-10-05 07:14:14.162][14][debug][router] [source/common/router/router.cc:1153] Executing cleanup(): resetting retry_state_ and disabling timers
[2026-10-05 07:14:14.162][14][debug][http] [source/common/http/conn_manager_impl.cc:2063] [Tags: "ConnectionId":"5525","StreamId":"8469542421501894825"] Codec completed encoding stream.
[2026-10-05 07:14:14.162][14][debug][router] [source/common/router/router.cc:1153] Executing cleanup(): resetting retry_state_ and disabling timers
[2026-10-05 07:14:14.162][14][debug][pool] [source/common/http/http1/conn_pool.cc:61] [Tags: "ConnectionId":"8"] response complete
[2026-10-05 07:14:14.162][14][debug][pool] [source/common/conn_pool/conn_pool_base.cc:282] [Tags: "ConnectionId":"8"] destroying stream: 0 active remaining, readyForStream false, currentUnusedCapacity 1
[2026-10-05 07:14:14.162][14][debug][client] [source/common/http/codec_client.cc:137] [Tags: "ConnectionId":"11"] response complete
[2026-10-05 07:14:14.162][14][debug][router] [source/common/router/router.cc:1700] [Tags: "ConnectionId":"5531","StreamId":"5024616757834825272"] upstream headers complete: end_stream=true
[2026-10-05 07:14:14.162][14][debug][router] [source/common/router/router.cc:1153] Executing cleanup(): resetting retry_state_ and disabling timers
[2026-10-05 07:14:14.162][14][debug][lua] [source/extensions/filters/common/lua/lua.cc:23] script log: completed OPTIONS /bookings status=204
[2026-10-05 07:14:14.162][14][debug][lua] [source/extensions/filters/common/lua/lua.cc:67] coroutine finished
[2026-10-05 07:14:14.162][14][debug][http] [source/common/http/conn_manager_impl.cc:1948] [Tags: "ConnectionId":"5531","StreamId":"5024616757834825272"] encoding headers via codec (end_stream=true):
':status', '204'
'access-control-allow-methods', 'GET, OPTIONS'
'allow', 'GET, OPTIONS'
'date', 'Mon, 05 Oct 2026 07:14:14 GMT'
'x-envoy-upstream-service-time', '0'
'server', 'envoy'

[2026-10-05 07:14:14.162][14][debug][http] [source/common/http/conn_manager_impl.cc:2063] [Tags: "ConnectionId":"5531","StreamId":"5024616757834825272"] Codec completed encoding stream.
[2026-10-05 07:14:14.162][14][debug][router] [source/common/router/router.cc:1153] Executing cleanup(): resetting retry_state_ and disabling timers
[2026-10-05 07:14:14.162][14][debug][pool] [source/common/http/http1/conn_pool.cc:61] [Tags: "ConnectionId":"11"] response complete
[2026-10-05 07:14:14.162][14][debug][pool] [source/common/conn_pool/conn_pool_base.cc:282] [Tags: "ConnectionId":"11"] destroying stream: 0 active remaining, readyForStream false, currentUnusedCapacity 1
[2026-10-05 07:14:14.162][14][debug][router] [source/common/router/router.cc:1700] [Tags: "ConnectionId":"5506","StreamId":"11866453813221929895"] upstream headers complete: end_stream=false
[2026-10-05 07:14:14.162][14][debug][lua] [source/extensions/filters/common/lua/lua.cc:23] script log: completed PUT /order/ord-32646 status=200
[2026-10-05 07:14:14.162][14][debug][lua] [source/extensions/filters/common/lua/lua.cc:67] coroutine finished
[2026-10-05 07:14:14.162][14][debug][http] [source/common/http/conn_manager_impl.cc:1948] [Tags: "ConnectionId":"5506","StreamId":"11866453813221929895"] encoding headers via codec (end_stream=false):
':status', '200'
'content-type', 'application/json'
'date', 'Mon, 05 Oct 2026 07:14:14 GMT'
'content-length', '37'
'x-envoy-upstream-service-time', '1'
'server', 'envoy'

[2026-10-05 07:14:14.162][14][debug][client] [source/common/http/codec_client.cc:137] [Tags: "ConnectionId":"1746"] response complete
[2026-10-05 07:14:14.162][14][debug][router] [source/common/router/router.cc:1153] Executing cleanup(): resetting retry_state_ and disabling timers
[2026-10-05 07:14:14.162][14][debug][http] [source/common/http/conn_manager_impl.cc:2063] [Tags: "ConnectionId":"5506","StreamId":"11866453813221929895"] Codec completed encoding stream.
[2026-10-05 07:14:14.162][14][debug][router] [source/common/router/router.cc:1153] Executing cleanup(): resetting retry_state_ and disabling timers
[2026-10-05 07:14:14.162][14][debug][pool] [source/common/http/http1/conn_pool.cc:61] [Tags: "ConnectionId":"1746"] response complete
[2026-10-05 07:14:14.162][14][debug][pool] [source/common/conn_pool/conn_pool_base.cc:282] [Tags: "ConnectionId":"1746"] destroying stream: 0 active remaining, readyForStream false, currentUnusedCapacity 1
[2026-10-05 07:14:14.162][14][debug][router] [source/common/router/router.cc:1700] [Tags: "ConnectionId":"5515","StreamId":"8995189004984597774"] upstream headers complete: end_stream=false
[2026-10-05 07:14:14.162][14][debug][lua] [source/extensions/filters/common/lua/lua.cc:23] script log: completed POST /foods/data status=200
[2026-10-05 07:14:14.162][14][debug][lua] [source/extensions/filters/common/lua/lua.cc:67] coroutine finished
[2026-10-05 07:14:14.162][14][debug][http] [source/common/http/conn_manager_impl.cc:1948] [Tags: "ConnectionId":"5515","StreamId":"8995189004984597774"] encoding headers via codec (end_stream=false):
':status', '200'
'content-type', 'application/json'
'date', 'Mon, 05 Oct 2026 07:14:14 GMT'
'content-length', '15'
'x-envoy-upstream-service-time', '1'
'server', 'envoy'

[2026-10-05 07:14:14.162][14][debug][client] [source/common/http/codec_client.cc:137] [Tags: "ConnectionId":"1750"] response complete
[2026-10-05 07:14:14.162][14][debug][router] [source/common/router/router.cc:1153] Executing cleanup(): resetting retry_state_ and disabling timers
[2026-10-05 07:14:14.162][14][debug][http] [source/common/http/conn_manager_impl.cc:2063] [Tags: "ConnectionId":"5515","StreamId":"8995189004984597774"] Codec completed encoding stream.
[2026-10-05 07:14:14.162][14][debug][router] [source/common/router/router.cc:1153] Executing cleanup(): resetting retry_state_ and disabling timers
[2026-10-05 07:14:14.162][14][debug][pool] [source/common/http/http1/conn_pool.cc:61] [Tags: "ConnectionId":"1750"] response complete
[2026-10-05 07:14:14.162][14][debug][pool] [source/common/conn_pool/conn_pool_base.cc:282] [Tags: "ConnectionId":"1750"] destroying stream: 0 active remaining, readyForStream false, currentUnusedCapacity 1
[2026-10-05 07:14:14.162][14][debug][router] [source/common/router/router.cc:1700] [Tags: "ConnectionId":"5528","StreamId":"3021108487783479770"] upstream headers complete: end_stream=false
[2026-10-05 07:14:14.162][14][debug][lua] [source/extensions/filters/common/lua/lua.cc:23] script log: completed GET /payments/pay-49456 status=200
[2026-10-05 07:14:14.162][14][debug][lua] [source/extensions/filters/common/lua/lua.cc:67] coroutine finished
[2026-10-05 07:14:14.162][14][debug][http] [source/common/http/conn_manager_impl.cc:1948] [Tags: "ConnectionId":"5528","StreamId":"3021108487783479770"] encoding headers via codec (end_stream=false):
':status', '200'
'content-type', 'application/json'
'date', 'Mon, 05 Oct 2026 07:14:14 GMT'
'content-length', '32'
'x-envoy-upstream-service-time', '1'
'server', 'envoy'

[2026-10-05 07:14:14.162][14][debug][client] [source/common/http/codec_client.cc:137] [Tags: "ConnectionId":"21"] response complete
[2026-10-05 07:14:14.162][14][debug][router] [source/common/router/router.cc:1153] Executing cleanup(): resetting retry_state_ and disabling timers
[2026-10-05 07:14:14.162][14][debug][http] [source/common/http/conn_manager_impl.cc:2063] [Tags: "ConnectionId":"5528","StreamId":"3021108487783479770"] Codec completed encoding stream.
[2026-10-05 07:14:14.162][14][debug][router] [source/common/router/router.cc:1153] Executing cleanup(): resetting retry_state_ and disabling timers
[2026-10-05 07:14:14.162][14][debug][pool] [source/common/http/http1/conn_pool.cc:61] [Tags: "ConnectionId":"21"] response complete
[2026-10-05 07:14:14.162][14][debug][pool] [source/common/conn_pool/conn_pool_base.cc:282] [Tags: "ConnectionId":"21"] destroying stream: 0 active remaining, readyForStream false, currentUnusedCapacity 1
[2026-10-05 07:14:14.162][14][debug][router] [source/common/router/router.cc:1700] [Tags: "ConnectionId":"5523","StreamId":"14639527913191932050"] upstream headers complete: end_stream=false
[2026-10-05 07:14:14.162][14][debug][lua] [source/extensions/filters/common/lua/lua.cc:23] script log: completed PUT /order/ord-76759 status=200
[2026-10-05 07:14:14.162][14][debug][lua] [source/extensions/filters/common/lua/lua.cc:67] coroutine finished
[2026-10-05 07:14:14.162][14][debug][http] [source/common/http/conn_manager_impl.cc:1948] [Tags: "ConnectionId":"5523","StreamId":"14639527913191932050"] encoding headers via codec (end_stream=false):
':status', '200'
'content-type', 'application/json'
'date', 'Mon, 05 Oct 2026 07:14:14 GMT'
'content-length', '37'
'x-envoy-upstream-service-time', '1'
'server', 'envoy'

[2026-10-05 07:14:14.162][14][debug][client] [source/common/http/codec_client.cc:137] [Tags: "ConnectionId":"13"] response complete
[2026-10-05 07:14:14.162][14][debug][router] [source/common/router/router.cc:1153] Executing cleanup(): resetting retry_state_ and disabling timers
[2026-10-05 07:14:14.162][14][debug][http] [source/common/http/conn_manager_impl.cc:2063] [Tags: "ConnectionId":"5523","StreamId":"14639527913191932050"] Codec completed encoding stream.
[2026-10-05 07:14:14.162][14][debug][router] [source/common/router/router.cc:1153] Executing cleanup(): resetting retry_state_ and disabling timers
[2026-10-05 07:14:14.162][14][debug][pool] [source/common/http/http1/conn_pool.cc:61] [Tags: "ConnectionId":"13"] response complete
[2026-10-05 07:14:14.162][14][debug][pool] [source/common/conn_pool/conn_pool_base.cc:282] [Tags: "ConnectionId":"13"] destroying stream: 0 active remaining, readyForStream false, currentUnusedCapacity 1
[2026-10-05 07:14:14.162][14][debug][client] [source/common/http/codec_client.cc:137] [Tags: "ConnectionId":"17"] response complete
[2026-10-05 07:14:14.162][14][debug][router] [source/common/router/router.cc:1700] [Tags: "ConnectionId":"5530","StreamId":"12147477508297163851"] upstream headers complete: end_stream=true
[2026-10-05 07:14:14.162][14][debug][router] [source/common/router/router.cc:1153] Executing cleanup(): resetting retry_state_ and disabling timers
[2026-10-05 07:14:14.162][14][debug][lua] [source/extensions/filters/common/lua/lua.cc:23] script log: completed OPTIONS /bookings status=204
[2026-10-05 07:14:14.162][14][debug][lua] [source/extensions/filters/common/lua/lua.cc:67] coroutine finished
[2026-10-05 07:14:14.162][14][debug][http] [source/common/http/conn_manager_impl.cc:1948] [Tags: "ConnectionId":"5530","StreamId":"12147477508297163851"] encoding headers via codec (end_stream=true):
':status', '204'
'access-control-allow-methods', 'GET, OPTIONS'
'allow', 'GET, OPTIONS'
'date', 'Mon, 05 Oct 2026 07:14:14 GMT'
'x-envoy-upstream-service-time', '1'
'server', 'envoy'

[2026-10-05 07:14:14.162][14][debug][http] [source/common/http/conn_manager_impl.cc:2063] [Tags: "ConnectionId":"5530","StreamId":"12147477508297163851"] Codec completed encoding stream.
[2026-10-05 07:14:14.162][14][debug][router] [source/common/router/router.cc:1153] Executing cleanup(): resetting retry_state_ and disabling timers
[2026-10-05 07:14:14.162][14][debug][pool] [source/common/http/http1/conn_pool.cc:61] [Tags: "ConnectionId":"17"] response complete
[2026-10-05 07:14:14.162][14][debug][pool] [source/common/conn_pool/conn_pool_base.cc:282] [Tags: "ConnectionId":"17"] destroying stream: 0 active remaining, readyForStream false, currentUnusedCapacity 1
[2026-10-05 07:14:14.162][14][debug][router] [source/common/router/router.cc:1700] [Tags: "ConnectionId":"5520","StreamId":"16063686945015087419"] upstream headers complete: end_stream=false
[2026-10-05 07:14:14.162][14][debug][lua] [source/extensions/filters/common/lua/lua.cc:23] script log: completed GET /bookings/bk-24635 status=200
[2026-10-05 07:14:14.162][14][debug][lua] [source/extensions/filters/common/lua/lua.cc:67] coroutine finished
[2026-10-05 07:14:14.162][14][debug][http] [source/common/http/conn_manager_impl.cc:1948] [Tags: "ConnectionId":"5520","StreamId":"16063686945015087419"] encoding headers via codec (end_stream=false):
':status', '200'
'content-type', 'application/json'
'date', 'Mon, 05 Oct 2026 07:14:14 GMT'
'content-length', '31'
'x-envoy-upstream-service-time', '1'
'server', 'envoy'

[2026-10-05 07:14:14.162][14][debug][client] [source/common/http/codec_client.cc:137] [Tags: "ConnectionId":"2"] response complete
[2026-10-05 07:14:14.162][14][debug][router] [source/common/router/router.cc:1153] Executing cleanup(): resetting retry_state_ and disabling timers
[2026-10-05 07:14:14.162][14][debug][http] [source/common/http/conn_manager_impl.cc:2063] [Tags: "ConnectionId":"5520","StreamId":"16063686945015087419"] Codec completed encoding stream.
[2026-10-05 07:14:14.162][14][debug][router] [source/common/router/router.cc:1153] Executing cleanup(): resetting retry_state_ and disabling timers
[2026-10-05 07:14:14.162][14][debug][pool] [source/common/http/http1/conn_pool.cc:61] [Tags: "ConnectionId":"2"] response complete
[2026-10-05 07:14:14.162][14][debug][pool] [source/common/conn_pool/conn_pool_base.cc:282] [Tags: "ConnectionId":"2"] destroying stream: 0 active remaining, readyForStream false, currentUnusedCapacity 1
[2026-10-05 07:14:14.162][14][debug][router] [source/common/router/router.cc:1700] [Tags: "ConnectionId":"5470","StreamId":"14764677501665189295"] upstream headers complete: end_stream=false
[2026-10-05 07:14:14.162][14][debug][lua] [source/extensions/filters/http/lua/lua_filter.cc:569] yielding for full body
[2026-10-05 07:14:14.162][14][debug][lua] [source/extensions/filters/common/lua/lua.cc:70] coroutine yielded
[2026-10-05 07:14:14.162][14][debug][client] [source/common/http/codec_client.cc:137] [Tags: "ConnectionId":"1"] response complete
[2026-10-05 07:14:14.162][14][debug][router] [source/common/router/router.cc:1153] Executing cleanup(): resetting retry_state_ and disabling timers
[2026-10-05 07:14:14.162][14][debug][lua] [source/extensions/filters/http/lua/lua_filter.cc:280] resuming body due to end stream
[2026-10-05 07:14:14.162][14][error][lua] [source/extensions/filters/common/lua/lua.cc:32] script log: POST /payments status=500 reason=charge rejected by gateway
reason: charge rejected by gateway
goroutine 7 [running]:
runtime/debug.Stack()
	runtime/debug/stack.go:26 +0x64
main.(*handler).fail(0x5b2543e140c0, {0x2e9060, 0x5b25440320f0}, {0x5b2543f4bd88, 0x4}, {0x5b2543f4bd8d, 0x9})
	envoy-log-generator/cmd/backend/main.go:169 +0x4c
main.(*handler).ServeHTTP(0x5b2543e140c0, {0x2e9060, 0x5b25440320f0}, 0x5b25440217c0)
	envoy-log-generator/cmd/backend/main.go:111 +0x690
net/http.serverHandler.ServeHTTP({0x2e7ed0?}, {0x2e9060?, 0x5b25440320f0?}, 0x1?)
	net/http/server.go:3311 +0xb0
net/http.(*conn).serve(0x5b2543dce120, {0x2e96d0, 0x5b2543e1c240})
	net/http/server.go:2067 +0x55c
created by net/http.(*Server).Serve in goroutine 1
	net/http/server.go:3464 +0x37c
[2026-10-05 07:14:14.162][14][debug][lua] [source/extensions/filters/common/lua/lua.cc:67] coroutine finished
[2026-10-05 07:14:14.162][14][debug][http] [source/common/http/conn_manager_impl.cc:1948] [Tags: "ConnectionId":"5470","StreamId":"14764677501665189295"] encoding headers via codec (end_stream=false):
':status', '500'
'content-type', 'text/plain; charset=utf-8'
'date', 'Mon, 05 Oct 2026 07:14:14 GMT'
'content-length', '707'
'x-envoy-upstream-service-time', '1'
'server', 'envoy'

[2026-10-05 07:14:14.162][14][debug][http] [source/common/http/conn_manager_impl.cc:2063] [Tags: "ConnectionId":"5470","StreamId":"14764677501665189295"] Codec completed encoding stream.
[2026-10-05 07:14:14.162][14][debug][router] [source/common/router/router.cc:1153] Executing cleanup(): resetting retry_state_ and disabling timers
[2026-10-05 07:14:14.162][14][debug][pool] [source/common/http/http1/conn_pool.cc:61] [Tags: "ConnectionId":"1"] response complete
[2026-10-05 07:14:14.162][14][debug][pool] [source/common/conn_pool/conn_pool_base.cc:282] [Tags: "ConnectionId":"1"] destroying stream: 0 active remaining, readyForStream false, currentUnusedCapacity 1
[2026-10-05 07:14:14.162][14][debug][router] [source/common/router/router.cc:1700] [Tags: "ConnectionId":"5526","StreamId":"10499164474500210822"] upstream headers complete: end_stream=false
[2026-10-05 07:14:14.162][14][debug][lua] [source/extensions/filters/common/lua/lua.cc:23] script log: completed GET /bookings/bk-83255 status=200
[2026-10-05 07:14:14.162][14][debug][lua] [source/extensions/filters/common/lua/lua.cc:67] coroutine finished
[2026-10-05 07:14:14.162][14][debug][http] [source/common/http/conn_manager_impl.cc:1948] [Tags: "ConnectionId":"5526","StreamId":"10499164474500210822"] encoding headers via codec (end_stream=false):
':status', '200'
'content-type', 'application/json'
'date', 'Mon, 05 Oct 2026 07:14:14 GMT'
'content-length', '31'
'x-envoy-upstream-service-time', '1'
'server', 'envoy'

[2026-10-05 07:14:14.162][14][debug][client] [source/common/http/codec_client.cc:137] [Tags: "ConnectionId":"19"] response complete
[2026-10-05 07:14:14.162][14][debug][router] [source/common/router/router.cc:1153] Executing cleanup(): resetting retry_state_ and disabling timers
[2026-10-05 07:14:14.162][14][debug][http] [source/common/http/conn_manager_impl.cc:2063] [Tags: "ConnectionId":"5526","StreamId":"10499164474500210822"] Codec completed encoding stream.
[2026-10-05 07:14:14.162][14][debug][router] [source/common/router/router.cc:1153] Executing cleanup(): resetting retry_state_ and disabling timers
[2026-10-05 07:14:14.162][14][debug][pool] [source/common/http/http1/conn_pool.cc:61] [Tags: "ConnectionId":"19"] response complete
[2026-10-05 07:14:14.162][14][debug][pool] [source/common/conn_pool/conn_pool_base.cc:282] [Tags: "ConnectionId":"19"] destroying stream: 0 active remaining, readyForStream false, currentUnusedCapacity 1
[2026-10-05 07:14:14.162][14][debug][router] [source/common/router/router.cc:1700] [Tags: "ConnectionId":"5508","StreamId":"428899463535577406"] upstream headers complete: end_stream=false
[2026-10-05 07:14:14.162][14][debug][lua] [source/extensions/filters/common/lua/lua.cc:23] script log: completed GET /payments/pay-50676 status=200
[2026-10-05 07:14:14.162][14][debug][lua] [source/extensions/filters/common/lua/lua.cc:67] coroutine finished
[2026-10-05 07:14:14.162][14][debug][http] [source/common/http/conn_manager_impl.cc:1948] [Tags: "ConnectionId":"5508","StreamId":"428899463535577406"] encoding headers via codec (end_stream=false):
':status', '200'
'content-type', 'application/json'
'date', 'Mon, 05 Oct 2026 07:14:14 GMT'
'content-length', '32'
'x-envoy-upstream-service-time', '1'
'server', 'envoy'

[2026-10-05 07:14:14.162][14][debug][client] [source/common/http/codec_client.cc:137] [Tags: "ConnectionId":"1749"] response complete
[2026-10-05 07:14:14.162][14][debug][router] [source/common/router/router.cc:1153] Executing cleanup(): resetting retry_state_ and disabling timers
[2026-10-05 07:14:14.162][14][debug][http] [source/common/http/conn_manager_impl.cc:2063] [Tags: "ConnectionId":"5508","StreamId":"428899463535577406"] Codec completed encoding stream.
[2026-10-05 07:14:14.162][14][debug][router] [source/common/router/router.cc:1153] Executing cleanup(): resetting retry_state_ and disabling timers
[2026-10-05 07:14:14.162][14][debug][pool] [source/common/http/http1/conn_pool.cc:61] [Tags: "ConnectionId":"1749"] response complete
[2026-10-05 07:14:14.162][14][debug][pool] [source/common/conn_pool/conn_pool_base.cc:282] [Tags: "ConnectionId":"1749"] destroying stream: 0 active remaining, readyForStream false, currentUnusedCapacity 1
[2026-10-05 07:14:14.162][14][debug][router] [source/common/router/router.cc:1700] [Tags: "ConnectionId":"5521","StreamId":"9676337645363424729"] upstream headers complete: end_stream=false
[2026-10-05 07:14:14.162][14][debug][lua] [source/extensions/filters/common/lua/lua.cc:23] script log: completed POST /booking status=200
[2026-10-05 07:14:14.162][14][debug][lua] [source/extensions/filters/common/lua/lua.cc:67] coroutine finished
[2026-10-05 07:14:14.162][14][debug][http] [source/common/http/conn_manager_impl.cc:1948] [Tags: "ConnectionId":"5521","StreamId":"9676337645363424729"] encoding headers via codec (end_stream=false):
':status', '200'
'content-type', 'application/json'
'date', 'Mon, 05 Oct 2026 07:14:14 GMT'
'content-length', '15'
'x-envoy-upstream-service-time', '2'
'server', 'envoy'

[2026-10-05 07:14:14.162][14][debug][client] [source/common/http/codec_client.cc:137] [Tags: "ConnectionId":"1748"] response complete
[2026-10-05 07:14:14.162][14][debug][router] [source/common/router/router.cc:1153] Executing cleanup(): resetting retry_state_ and disabling timers
[2026-10-05 07:14:14.162][14][debug][http] [source/common/http/conn_manager_impl.cc:2063] [Tags: "ConnectionId":"5521","StreamId":"9676337645363424729"] Codec completed encoding stream.
[2026-10-05 07:14:14.162][14][debug][router] [source/common/router/router.cc:1153] Executing cleanup(): resetting retry_state_ and disabling timers
[2026-10-05 07:14:14.162][14][debug][pool] [source/common/http/http1/conn_pool.cc:61] [Tags: "ConnectionId":"1748"] response complete
[2026-10-05 07:14:14.162][14][debug][pool] [source/common/conn_pool/conn_pool_base.cc:282] [Tags: "ConnectionId":"1748"] destroying stream: 0 active remaining, readyForStream false, currentUnusedCapacity 1
[2026-10-05 07:14:14.178][14][debug][http] [source/common/http/conn_manager_impl.cc:394] [Tags: "ConnectionId":"5470"] new stream
[2026-10-05 07:14:14.179][14][debug][http] [source/common/http/conn_manager_impl.cc:1291] [Tags: "ConnectionId":"5470","StreamId":"6529696016548720067"] request headers complete (end_stream=false):
':authority', 'envoy:10000'
':path', '/foods/data'
':method', 'POST'
'user-agent', 'Go-http-client/1.1'
'content-length', '26'
'content-type', 'application/json'

[2026-10-05 07:14:14.179][14][debug][connection] [./source/common/network/connection_impl.h:101] [Tags: "ConnectionId":"5470"] current connecting state: false
[2026-10-05 07:14:14.179][14][info][lua] [source/extensions/filters/common/lua/lua.cc:26] script log: accepted POST /foods/data
[2026-10-05 07:14:14.179][14][debug][lua] [source/extensions/filters/common/lua/lua.cc:67] coroutine finished
[2026-10-05 07:14:14.179][14][debug][router] [source/common/router/router.cc:537] [Tags: "ConnectionId":"5470","StreamId":"6529696016548720067"] cluster 'foods' match for URL '/foods/data'
[2026-10-05 07:14:14.179][14][debug][router] [source/common/router/router.cc:812] [Tags: "ConnectionId":"5470","StreamId":"6529696016548720067"] router decoding headers:
':authority', 'envoy:10000'
':path', '/foods/data'
':method', 'POST'
':scheme', 'http'
'user-agent', 'Go-http-client/1.1'
'content-length', '26'
'content-type', 'application/json'
'x-forwarded-proto', 'http'
'x-request-id', 'f68d3ff2-d339-4b84-a76a-d4e9b7ff9d8e'
'x-envoy-expected-rq-timeout-ms', '3000'

[2026-10-05 07:14:14.179][14][debug][pool] [source/common/conn_pool/conn_pool_base.cc:330] [Tags: "ConnectionId":"1750"] using existing fully connected connection
[2026-10-05 07:14:14.179][14][debug][pool] [source/common/conn_pool/conn_pool_base.cc:247] [Tags: "ConnectionId":"1750"] creating stream
[2026-10-05 07:14:14.179][14][debug][router] [source/common/router/upstream_request.cc:606] [Tags: "ConnectionId":"5470","StreamId":"6529696016548720067"] pool ready
[2026-10-05 07:14:14.179][14][debug][router] [source/common/router/router.cc:993] [Tags: "ConnectionId":"5470","StreamId":"6529696016548720067"] router decoding data: 26
[2026-10-05 07:14:14.179][14][debug][http] [source/common/http/conn_manager_impl.cc:1274] [Tags: "ConnectionId":"5470","StreamId":"6529696016548720067"] request end stream timestamp recorded
[2026-10-05 07:14:14.179][14][debug][router] [source/common/router/router.cc:993] [Tags: "ConnectionId":"5470","StreamId":"6529696016548720067"] router decoding data: 0
[2026-10-05 07:14:14.179][14][debug][client] [source/common/http/codec_client.cc:150] [Tags: "ConnectionId":"1750"] encode complete
[2026-10-05 07:14:14.179][14][debug][http] [source/common/http/conn_manager_impl.cc:394] [Tags: "ConnectionId":"5520"] new stream
[2026-10-05 07:14:14.179][14][debug][http] [source/common/http/conn_manager_impl.cc:1291] [Tags: "ConnectionId":"5520","StreamId":"10714445764343479614"] request headers complete (end_stream=false):
':authority', 'envoy:10000'
':path', '/order/ord-44327'
':method', 'PUT'
'user-agent', 'Go-http-client/1.1'
'content-length', '22'
'content-type', 'application/json'

[2026-10-05 07:14:14.179][14][debug][connection] [./source/common/network/connection_impl.h:101] [Tags: "ConnectionId":"5520"] current connecting state: false
[2026-10-05 07:14:14.179][14][info][lua] [source/extensions/filters/common/lua/lua.cc:26] script log: accepted PUT /order/ord-44327
[2026-10-05 07:14:14.179][14][debug][lua] [source/extensions/filters/common/lua/lua.cc:67] coroutine finished
[2026-10-05 07:14:14.179][14][debug][router] [source/common/router/router.cc:537] [Tags: "ConnectionId":"5520","StreamId":"10714445764343479614"] cluster 'orders' match for URL '/order/ord-44327'
[2026-10-05 07:14:14.179][14][debug][router] [source/common/router/router.cc:812] [Tags: "ConnectionId":"5520","StreamId":"10714445764343479614"] router decoding headers:
':authority', 'envoy:10000'
':path', '/order/ord-44327'
':method', 'PUT'
':scheme', 'http'
'user-agent', 'Go-http-client/1.1'
'content-length', '22'
'content-type', 'application/json'
'x-forwarded-proto', 'http'
'x-request-id', '0fb20624-7eb6-4ef3-9a58-b2935d55414b'
'x-envoy-expected-rq-timeout-ms', '3000'

[2026-10-05 07:14:14.179][14][debug][pool] [source/common/conn_pool/conn_pool_base.cc:330] [Tags: "ConnectionId":"13"] using existing fully connected connection
[2026-10-05 07:14:14.179][14][debug][pool] [source/common/conn_pool/conn_pool_base.cc:247] [Tags: "ConnectionId":"13"] creating stream
[2026-10-05 07:14:14.179][14][debug][router] [source/common/router/upstream_request.cc:606] [Tags: "ConnectionId":"5520","StreamId":"10714445764343479614"] pool ready
[2026-10-05 07:14:14.179][14][debug][router] [source/common/router/router.cc:993] [Tags: "ConnectionId":"5520","StreamId":"10714445764343479614"] router decoding data: 22
[2026-10-05 07:14:14.179][14][debug][http] [source/common/http/conn_manager_impl.cc:1274] [Tags: "ConnectionId":"5520","StreamId":"10714445764343479614"] request end stream timestamp recorded
[2026-10-05 07:14:14.179][14][debug][router] [source/common/router/router.cc:993] [Tags: "ConnectionId":"5520","StreamId":"10714445764343479614"] router decoding data: 0
[2026-10-05 07:14:14.179][14][debug][client] [source/common/http/codec_client.cc:150] [Tags: "ConnectionId":"13"] encode complete
[2026-10-05 07:14:14.179][14][debug][http] [source/common/http/conn_manager_impl.cc:394] [Tags: "ConnectionId":"5515"] new stream
[2026-10-05 07:14:14.179][14][debug][http] [source/common/http/conn_manager_impl.cc:1291] [Tags: "ConnectionId":"5515","StreamId":"697406081850063099"] request headers complete (end_stream=true):
':authority', 'envoy:10000'
':path', '/payments/pay-68441'
':method', 'GET'
'user-agent', 'Go-http-client/1.1'

[2026-10-05 07:14:14.179][14][debug][http] [source/common/http/conn_manager_impl.cc:1274] [Tags: "ConnectionId":"5515","StreamId":"697406081850063099"] request end stream timestamp recorded
[2026-10-05 07:14:14.179][14][debug][connection] [./source/common/network/connection_impl.h:101] [Tags: "ConnectionId":"5515"] current connecting state: false
[2026-10-05 07:14:14.179][14][info][lua] [source/extensions/filters/common/lua/lua.cc:26] script log: accepted GET /payments/pay-68441
[2026-10-05 07:14:14.179][14][debug][lua] [source/extensions/filters/common/lua/lua.cc:67] coroutine finished
[2026-10-05 07:14:14.179][14][debug][router] [source/common/router/router.cc:537] [Tags: "ConnectionId":"5515","StreamId":"697406081850063099"] cluster 'payments' match for URL '/payments/pay-68441'
[2026-10-05 07:14:14.179][14][debug][router] [source/common/router/router.cc:812] [Tags: "ConnectionId":"5515","StreamId":"697406081850063099"] router decoding headers:
':authority', 'envoy:10000'
':path', '/payments/pay-68441'
':method', 'GET'
':scheme', 'http'
'user-agent', 'Go-http-client/1.1'
'x-forwarded-proto', 'http'
'x-request-id', '92049293-5a4f-4dc4-b77b-5c42ebb9c45f'
'x-envoy-expected-rq-timeout-ms', '3000'

[2026-10-05 07:14:14.179][14][debug][pool] [source/common/conn_pool/conn_pool_base.cc:330] [Tags: "ConnectionId":"1749"] using existing fully connected connection
[2026-10-05 07:14:14.179][14][debug][pool] [source/common/conn_pool/conn_pool_base.cc:247] [Tags: "ConnectionId":"1749"] creating stream
[2026-10-05 07:14:14.179][14][debug][router] [source/common/router/upstream_request.cc:606] [Tags: "ConnectionId":"5515","StreamId":"697406081850063099"] pool ready
[2026-10-05 07:14:14.179][14][debug][client] [source/common/http/codec_client.cc:150] [Tags: "ConnectionId":"1749"] encode complete
[2026-10-05 07:14:14.179][14][debug][http] [source/common/http/conn_manager_impl.cc:394] [Tags: "ConnectionId":"5528"] new stream
[2026-10-05 07:14:14.179][14][debug][http] [source/common/http/conn_manager_impl.cc:1291] [Tags: "ConnectionId":"5528","StreamId":"9812269969551451313"] request headers complete (end_stream=true):
':authority', 'envoy:10000'
':path', '/users/usr-93737'
':method', 'GET'
'user-agent', 'Go-http-client/1.1'

[2026-10-05 07:14:14.179][14][debug][http] [source/common/http/conn_manager_impl.cc:1274] [Tags: "ConnectionId":"5528","StreamId":"9812269969551451313"] request end stream timestamp recorded
[2026-10-05 07:14:14.179][14][debug][connection] [./source/common/network/connection_impl.h:101] [Tags: "ConnectionId":"5528"] current connecting state: false
[2026-10-05 07:14:14.179][14][info][lua] [source/extensions/filters/common/lua/lua.cc:26] script log: accepted GET /users/usr-93737
[2026-10-05 07:14:14.179][14][debug][lua] [source/extensions/filters/common/lua/lua.cc:67] coroutine finished
[2026-10-05 07:14:14.179][14][debug][router] [source/common/router/router.cc:537] [Tags: "ConnectionId":"5528","StreamId":"9812269969551451313"] cluster 'users' match for URL '/users/usr-93737'
[2026-10-05 07:14:14.179][14][debug][router] [source/common/router/router.cc:812] [Tags: "ConnectionId":"5528","StreamId":"9812269969551451313"] router decoding headers:
':authority', 'envoy:10000'
':path', '/users/usr-93737'
':method', 'GET'
':scheme', 'http'
'user-agent', 'Go-http-client/1.1'
'x-forwarded-proto', 'http'
'x-request-id', 'f1360fb6-37ef-4787-84c5-eeb32b969748'
'x-envoy-expected-rq-timeout-ms', '3000'

[2026-10-05 07:14:14.179][14][debug][pool] [source/common/conn_pool/conn_pool_base.cc:330] [Tags: "ConnectionId":"8"] using existing fully connected connection
[2026-10-05 07:14:14.179][14][debug][pool] [source/common/conn_pool/conn_pool_base.cc:247] [Tags: "ConnectionId":"8"] creating stream
[2026-10-05 07:14:14.179][14][debug][router] [source/common/router/upstream_request.cc:606] [Tags: "ConnectionId":"5528","StreamId":"9812269969551451313"] pool ready
[2026-10-05 07:14:14.179][14][debug][client] [source/common/http/codec_client.cc:150] [Tags: "ConnectionId":"8"] encode complete
[2026-10-05 07:14:14.179][14][debug][http] [source/common/http/conn_manager_impl.cc:394] [Tags: "ConnectionId":"5506"] new stream
[2026-10-05 07:14:14.179][14][debug][http] [source/common/http/conn_manager_impl.cc:1291] [Tags: "ConnectionId":"5506","StreamId":"5883422378666740601"] request headers complete (end_stream=true):
':authority', 'envoy:10000'
':path', '/bookings/bk-38885'
':method', 'GET'
'user-agent', 'Go-http-client/1.1'

[2026-10-05 07:14:14.179][14][debug][http] [source/common/http/conn_manager_impl.cc:1274] [Tags: "ConnectionId":"5506","StreamId":"5883422378666740601"] request end stream timestamp recorded
[2026-10-05 07:14:14.179][14][debug][connection] [./source/common/network/connection_impl.h:101] [Tags: "ConnectionId":"5506"] current connecting state: false
[2026-10-05 07:14:14.179][14][info][lua] [source/extensions/filters/common/lua/lua.cc:26] script log: accepted GET /bookings/bk-38885
[2026-10-05 07:14:14.179][14][debug][lua] [source/extensions/filters/common/lua/lua.cc:67] coroutine finished
[2026-10-05 07:14:14.179][14][debug][router] [source/common/router/router.cc:537] [Tags: "ConnectionId":"5506","StreamId":"5883422378666740601"] cluster 'booking' match for URL '/bookings/bk-38885'
[2026-10-05 07:14:14.179][14][debug][router] [source/common/router/router.cc:812] [Tags: "ConnectionId":"5506","StreamId":"5883422378666740601"] router decoding headers:
':authority', 'envoy:10000'
':path', '/bookings/bk-38885'
':method', 'GET'
':scheme', 'http'
'user-agent', 'Go-http-client/1.1'
'x-forwarded-proto', 'http'
'x-request-id', '3afa3ba9-6a79-4618-99cf-9615a4065870'
'x-envoy-expected-rq-timeout-ms', '3000'

[2026-10-05 07:14:14.179][14][debug][pool] [source/common/conn_pool/conn_pool_base.cc:330] [Tags: "ConnectionId":"1748"] using existing fully connected connection
[2026-10-05 07:14:14.179][14][debug][pool] [source/common/conn_pool/conn_pool_base.cc:247] [Tags: "ConnectionId":"1748"] creating stream
[2026-10-05 07:14:14.179][14][debug][router] [source/common/router/upstream_request.cc:606] [Tags: "ConnectionId":"5506","StreamId":"5883422378666740601"] pool ready
[2026-10-05 07:14:14.179][14][debug][client] [source/common/http/codec_client.cc:150] [Tags: "ConnectionId":"1748"] encode complete
[2026-10-05 07:14:14.179][14][debug][http] [source/common/http/conn_manager_impl.cc:394] [Tags: "ConnectionId":"5531"] new stream
[2026-10-05 07:14:14.179][14][debug][http] [source/common/http/conn_manager_impl.cc:1291] [Tags: "ConnectionId":"5531","StreamId":"11306376496223174976"] request headers complete (end_stream=false):
':authority', 'envoy:10000'
':path', '/payments'
':method', 'POST'
'user-agent', 'Go-http-client/1.1'
'content-length', '57'
'content-type', 'application/json'

[2026-10-05 07:14:14.179][14][debug][connection] [./source/common/network/connection_impl.h:101] [Tags: "ConnectionId":"5531"] current connecting state: false
[2026-10-05 07:14:14.179][14][info][lua] [source/extensions/filters/common/lua/lua.cc:26] script log: accepted POST /payments
[2026-10-05 07:14:14.179][14][debug][lua] [source/extensions/filters/common/lua/lua.cc:67] coroutine finished
[2026-10-05 07:14:14.179][14][debug][router] [source/common/router/router.cc:537] [Tags: "ConnectionId":"5531","StreamId":"11306376496223174976"] cluster 'payments' match for URL '/payments'
[2026-10-05 07:14:14.179][14][debug][router] [source/common/router/router.cc:812] [Tags: "ConnectionId":"5531","StreamId":"11306376496223174976"] router decoding headers:
':authority', 'envoy:10000'
':path', '/payments'
':method', 'POST'
':scheme', 'http'
'user-agent', 'Go-http-client/1.1'
'content-length', '57'
'content-type', 'application/json'
'x-forwarded-proto', 'http'
'x-request-id', 'fb516e8f-5429-47c8-a7d1-47b85e627125'
'x-envoy-expected-rq-timeout-ms', '3000'

[2026-10-05 07:14:14.179][14][debug][pool] [source/common/conn_pool/conn_pool_base.cc:330] [Tags: "ConnectionId":"1"] using existing fully connected connection
[2026-10-05 07:14:14.179][14][debug][pool] [source/common/conn_pool/conn_pool_base.cc:247] [Tags: "ConnectionId":"1"] creating stream
[2026-10-05 07:14:14.179][14][debug][router] [source/common/router/upstream_request.cc:606] [Tags: "ConnectionId":"5531","StreamId":"11306376496223174976"] pool ready
[2026-10-05 07:14:14.179][14][debug][router] [source/common/router/router.cc:993] [Tags: "ConnectionId":"5531","StreamId":"11306376496223174976"] router decoding data: 57
[2026-10-05 07:14:14.179][14][debug][http] [source/common/http/conn_manager_impl.cc:1274] [Tags: "ConnectionId":"5531","StreamId":"11306376496223174976"] request end stream timestamp recorded
[2026-10-05 07:14:14.179][14][debug][router] [source/common/router/router.cc:993] [Tags: "ConnectionId":"5531","StreamId":"11306376496223174976"] router decoding data: 0
[2026-10-05 07:14:14.179][14][debug][client] [source/common/http/codec_client.cc:150] [Tags: "ConnectionId":"1"] encode complete
[2026-10-05 07:14:14.179][14][debug][http] [source/common/http/conn_manager_impl.cc:394] [Tags: "ConnectionId":"5527"] new stream
[2026-10-05 07:14:14.179][14][debug][http] [source/common/http/conn_manager_impl.cc:1291] [Tags: "ConnectionId":"5527","StreamId":"9063882602823118897"] request headers complete (end_stream=true):
':authority', 'envoy:10000'
':path', '/bookings'
':method', 'OPTIONS'
'user-agent', 'Go-http-client/1.1'

[2026-10-05 07:14:14.179][14][debug][http] [source/common/http/conn_manager_impl.cc:1274] [Tags: "ConnectionId":"5527","StreamId":"9063882602823118897"] request end stream timestamp recorded
[2026-10-05 07:14:14.179][14][debug][connection] [./source/common/network/connection_impl.h:101] [Tags: "ConnectionId":"5527"] current connecting state: false
[2026-10-05 07:14:14.179][14][info][lua] [source/extensions/filters/common/lua/lua.cc:26] script log: accepted OPTIONS /bookings
[2026-10-05 07:14:14.179][14][debug][lua] [source/extensions/filters/common/lua/lua.cc:67] coroutine finished
[2026-10-05 07:14:14.179][14][debug][router] [source/common/router/router.cc:537] [Tags: "ConnectionId":"5527","StreamId":"9063882602823118897"] cluster 'booking' match for URL '/bookings'
[2026-10-05 07:14:14.179][14][debug][router] [source/common/router/router.cc:812] [Tags: "ConnectionId":"5527","StreamId":"9063882602823118897"] router decoding headers:
':authority', 'envoy:10000'
':path', '/bookings'
':method', 'OPTIONS'
':scheme', 'http'
'user-agent', 'Go-http-client/1.1'
'x-forwarded-proto', 'http'
'x-request-id', 'efa80b73-c114-4fad-828f-013a5c670bbf'
'x-envoy-expected-rq-timeout-ms', '3000'

[2026-10-05 07:14:14.179][14][debug][pool] [source/common/conn_pool/conn_pool_base.cc:330] [Tags: "ConnectionId":"19"] using existing fully connected connection
[2026-10-05 07:14:14.179][14][debug][pool] [source/common/conn_pool/conn_pool_base.cc:247] [Tags: "ConnectionId":"19"] creating stream
[2026-10-05 07:14:14.179][14][debug][router] [source/common/router/upstream_request.cc:606] [Tags: "ConnectionId":"5527","StreamId":"9063882602823118897"] pool ready
[2026-10-05 07:14:14.179][14][debug][client] [source/common/http/codec_client.cc:150] [Tags: "ConnectionId":"19"] encode complete
[2026-10-05 07:14:14.179][14][debug][http] [source/common/http/conn_manager_impl.cc:394] [Tags: "ConnectionId":"5496"] new stream
[2026-10-05 07:14:14.179][14][debug][http] [source/common/http/conn_manager_impl.cc:1291] [Tags: "ConnectionId":"5496","StreamId":"3480911406715018184"] request headers complete (end_stream=false):
':authority', 'envoy:10000'
':path', '/booking'
':method', 'POST'
'user-agent', 'Go-http-client/1.1'
'content-length', '58'
'content-type', 'application/json'

[2026-10-05 07:14:14.179][14][debug][connection] [./source/common/network/connection_impl.h:101] [Tags: "ConnectionId":"5496"] current connecting state: false
[2026-10-05 07:14:14.179][14][info][lua] [source/extensions/filters/common/lua/lua.cc:26] script log: accepted POST /booking
[2026-10-05 07:14:14.179][14][debug][lua] [source/extensions/filters/common/lua/lua.cc:67] coroutine finished
[2026-10-05 07:14:14.179][14][debug][router] [source/common/router/router.cc:537] [Tags: "ConnectionId":"5496","StreamId":"3480911406715018184"] cluster 'booking' match for URL '/booking'
[2026-10-05 07:14:14.179][14][debug][router] [source/common/router/router.cc:812] [Tags: "ConnectionId":"5496","StreamId":"3480911406715018184"] router decoding headers:
':authority', 'envoy:10000'
':path', '/booking'
':method', 'POST'
':scheme', 'http'
'user-agent', 'Go-http-client/1.1'
'content-length', '58'
'content-type', 'application/json'
'x-forwarded-proto', 'http'
'x-request-id', 'e6960ea1-3f87-404b-a730-95fc2e696dc7'
'x-envoy-expected-rq-timeout-ms', '3000'

[2026-10-05 07:14:14.179][14][debug][pool] [source/common/conn_pool/conn_pool_base.cc:330] [Tags: "ConnectionId":"2"] using existing fully connected connection
[2026-10-05 07:14:14.179][14][debug][pool] [source/common/conn_pool/conn_pool_base.cc:247] [Tags: "ConnectionId":"2"] creating stream
[2026-10-05 07:14:14.179][14][debug][router] [source/common/router/upstream_request.cc:606] [Tags: "ConnectionId":"5496","StreamId":"3480911406715018184"] pool ready
[2026-10-05 07:14:14.179][14][debug][router] [source/common/router/router.cc:993] [Tags: "ConnectionId":"5496","StreamId":"3480911406715018184"] router decoding data: 58
[2026-10-05 07:14:14.179][14][debug][http] [source/common/http/conn_manager_impl.cc:1274] [Tags: "ConnectionId":"5496","StreamId":"3480911406715018184"] request end stream timestamp recorded
[2026-10-05 07:14:14.179][14][debug][router] [source/common/router/router.cc:993] [Tags: "ConnectionId":"5496","StreamId":"3480911406715018184"] router decoding data: 0
[2026-10-05 07:14:14.179][14][debug][client] [source/common/http/codec_client.cc:150] [Tags: "ConnectionId":"2"] encode complete
[2026-10-05 07:14:14.179][14][debug][http] [source/common/http/conn_manager_impl.cc:394] [Tags: "ConnectionId":"5508"] new stream
[2026-10-05 07:14:14.179][14][debug][http] [source/common/http/conn_manager_impl.cc:1291] [Tags: "ConnectionId":"5508","StreamId":"8895379109355250626"] request headers complete (end_stream=true):
':authority', 'envoy:10000'
':path', '/users/usr-41003'
':method', 'GET'
'user-agent', 'Go-http-client/1.1'

[2026-10-05 07:14:14.179][14][debug][http] [source/common/http/conn_manager_impl.cc:1274] [Tags: "ConnectionId":"5508","StreamId":"8895379109355250626"] request end stream timestamp recorded
[2026-10-05 07:14:14.179][14][debug][connection] [./source/common/network/connection_impl.h:101] [Tags: "ConnectionId":"5508"] current connecting state: false
[2026-10-05 07:14:14.179][14][info][lua] [source/extensions/filters/common/lua/lua.cc:26] script log: accepted GET /users/usr-41003
[2026-10-05 07:14:14.179][14][debug][lua] [source/extensions/filters/common/lua/lua.cc:67] coroutine finished
[2026-10-05 07:14:14.179][14][debug][router] [source/common/router/router.cc:537] [Tags: "ConnectionId":"5508","StreamId":"8895379109355250626"] cluster 'users' match for URL '/users/usr-41003'
[2026-10-05 07:14:14.179][14][debug][router] [source/common/router/router.cc:812] [Tags: "ConnectionId":"5508","StreamId":"8895379109355250626"] router decoding headers:
':authority', 'envoy:10000'
':path', '/users/usr-41003'
':method', 'GET'
':scheme', 'http'
'user-agent', 'Go-http-client/1.1'
'x-forwarded-proto', 'http'
'x-request-id', '53295ab8-7e33-4a45-9553-fe07ae760fb3'
'x-envoy-expected-rq-timeout-ms', '3000'

[2026-10-05 07:14:14.179][14][debug][pool] [source/common/conn_pool/conn_pool_base.cc:330] [Tags: "ConnectionId":"23"] using existing fully connected connection
[2026-10-05 07:14:14.179][14][debug][pool] [source/common/conn_pool/conn_pool_base.cc:247] [Tags: "ConnectionId":"23"] creating stream
[2026-10-05 07:14:14.179][14][debug][router] [source/common/router/upstream_request.cc:606] [Tags: "ConnectionId":"5508","StreamId":"8895379109355250626"] pool ready
[2026-10-05 07:14:14.179][14][debug][client] [source/common/http/codec_client.cc:150] [Tags: "ConnectionId":"23"] encode complete
[2026-10-05 07:14:14.179][14][debug][http] [source/common/http/conn_manager_impl.cc:394] [Tags: "ConnectionId":"5521"] new stream
[2026-10-05 07:14:14.179][14][debug][http] [source/common/http/conn_manager_impl.cc:1291] [Tags: "ConnectionId":"5521","StreamId":"3673569086787359317"] request headers complete (end_stream=false):
':authority', 'envoy:10000'
':path', '/payments'
':method', 'POST'
'user-agent', 'Go-http-client/1.1'
'content-length', '56'
'content-type', 'application/json'

[2026-10-05 07:14:14.179][14][debug][connection] [./source/common/network/connection_impl.h:101] [Tags: "ConnectionId":"5521"] current connecting state: false
[2026-10-05 07:14:14.179][14][info][lua] [source/extensions/filters/common/lua/lua.cc:26] script log: accepted POST /payments
[2026-10-05 07:14:14.179][14][debug][lua] [source/extensions/filters/common/lua/lua.cc:67] coroutine finished
[2026-10-05 07:14:14.179][14][debug][router] [source/common/router/router.cc:537] [Tags: "ConnectionId":"5521","StreamId":"3673569086787359317"] cluster 'payments' match for URL '/payments'
[2026-10-05 07:14:14.179][14][debug][router] [source/common/router/router.cc:812] [Tags: "ConnectionId":"5521","StreamId":"3673569086787359317"] router decoding headers:
':authority', 'envoy:10000'
':path', '/payments'
':method', 'POST'
':scheme', 'http'
'user-agent', 'Go-http-client/1.1'
'content-length', '56'
'content-type', 'application/json'
'x-forwarded-proto', 'http'
'x-request-id', '59b6611d-08c4-41bd-969e-10cdbfc1f1a2'
'x-envoy-expected-rq-timeout-ms', '3000'

[2026-10-05 07:14:14.179][14][debug][pool] [source/common/conn_pool/conn_pool_base.cc:330] [Tags: "ConnectionId":"21"] using existing fully connected connection
[2026-10-05 07:14:14.179][14][debug][pool] [source/common/conn_pool/conn_pool_base.cc:247] [Tags: "ConnectionId":"21"] creating stream
[2026-10-05 07:14:14.179][14][debug][router] [source/common/router/upstream_request.cc:606] [Tags: "ConnectionId":"5521","StreamId":"3673569086787359317"] pool ready
[2026-10-05 07:14:14.179][14][debug][router] [source/common/router/router.cc:993] [Tags: "ConnectionId":"5521","StreamId":"3673569086787359317"] router decoding data: 56
[2026-10-05 07:14:14.179][14][debug][http] [source/common/http/conn_manager_impl.cc:1274] [Tags: "ConnectionId":"5521","StreamId":"3673569086787359317"] request end stream timestamp recorded
[2026-10-05 07:14:14.179][14][debug][router] [source/common/router/router.cc:993] [Tags: "ConnectionId":"5521","StreamId":"3673569086787359317"] router decoding data: 0
[2026-10-05 07:14:14.179][14][debug][client] [source/common/http/codec_client.cc:150] [Tags: "ConnectionId":"21"] encode complete
[2026-10-05 07:14:14.179][14][debug][http] [source/common/http/conn_manager_impl.cc:394] [Tags: "ConnectionId":"5526"] new stream
[2026-10-05 07:14:14.179][14][debug][http] [source/common/http/conn_manager_impl.cc:1291] [Tags: "ConnectionId":"5526","StreamId":"16912650470964212175"] request headers complete (end_stream=true):
':authority', 'envoy:10000'
':path', '/payments/pay-28375'
':method', 'GET'
'user-agent', 'Go-http-client/1.1'

[2026-10-05 07:14:14.179][14][debug][http] [source/common/http/conn_manager_impl.cc:1274] [Tags: "ConnectionId":"5526","StreamId":"16912650470964212175"] request end stream timestamp recorded
[2026-10-05 07:14:14.179][14][debug][connection] [./source/common/network/connection_impl.h:101] [Tags: "ConnectionId":"5526"] current connecting state: false
[2026-10-05 07:14:14.179][14][info][lua] [source/extensions/filters/common/lua/lua.cc:26] script log: accepted GET /payments/pay-28375
[2026-10-05 07:14:14.179][14][debug][lua] [source/extensions/filters/common/lua/lua.cc:67] coroutine finished
[2026-10-05 07:14:14.179][14][debug][router] [source/common/router/router.cc:537] [Tags: "ConnectionId":"5526","StreamId":"16912650470964212175"] cluster 'payments' match for URL '/payments/pay-28375'
[2026-10-05 07:14:14.179][14][debug][router] [source/common/router/router.cc:812] [Tags: "ConnectionId":"5526","StreamId":"16912650470964212175"] router decoding headers:
':authority', 'envoy:10000'
':path', '/payments/pay-28375'
':method', 'GET'
':scheme', 'http'
'user-agent', 'Go-http-client/1.1'
'x-forwarded-proto', 'http'
'x-request-id', '2d722eb6-bb2b-4d19-8565-9b50eb9600e3'
'x-envoy-expected-rq-timeout-ms', '3000'

[2026-10-05 07:14:14.179][14][debug][pool] [source/common/conn_pool/conn_pool_base.cc:330] [Tags: "ConnectionId":"6"] using existing fully connected connection
[2026-10-05 07:14:14.179][14][debug][pool] [source/common/conn_pool/conn_pool_base.cc:247] [Tags: "ConnectionId":"6"] creating stream
[2026-10-05 07:14:14.179][14][debug][router] [source/common/router/upstream_request.cc:606] [Tags: "ConnectionId":"5526","StreamId":"16912650470964212175"] pool ready
[2026-10-05 07:14:14.179][14][debug][client] [source/common/http/codec_client.cc:150] [Tags: "ConnectionId":"6"] encode complete
[2026-10-05 07:14:14.179][14][debug][http] [source/common/http/conn_manager_impl.cc:394] [Tags: "ConnectionId":"5523"] new stream
[2026-10-05 07:14:14.179][14][debug][http] [source/common/http/conn_manager_impl.cc:1291] [Tags: "ConnectionId":"5523","StreamId":"14958898212598472811"] request headers complete (end_stream=true):
':authority', 'envoy:10000'
':path', '/bookings'
':method', 'OPTIONS'
'user-agent', 'Go-http-client/1.1'

[2026-10-05 07:14:14.179][14][debug][http] [source/common/http/conn_manager_impl.cc:1274] [Tags: "ConnectionId":"5523","StreamId":"14958898212598472811"] request end stream timestamp recorded
[2026-10-05 07:14:14.179][14][debug][connection] [./source/common/network/connection_impl.h:101] [Tags: "ConnectionId":"5523"] current connecting state: false
[2026-10-05 07:14:14.179][14][info][lua] [source/extensions/filters/common/lua/lua.cc:26] script log: accepted OPTIONS /bookings
[2026-10-05 07:14:14.179][14][debug][lua] [source/extensions/filters/common/lua/lua.cc:67] coroutine finished
[2026-10-05 07:14:14.179][14][debug][router] [source/common/router/router.cc:537] [Tags: "ConnectionId":"5523","StreamId":"14958898212598472811"] cluster 'booking' match for URL '/bookings'
[2026-10-05 07:14:14.179][14][debug][router] [source/common/router/router.cc:812] [Tags: "ConnectionId":"5523","StreamId":"14958898212598472811"] router decoding headers:
':authority', 'envoy:10000'
':path', '/bookings'
':method', 'OPTIONS'
':scheme', 'http'
'user-agent', 'Go-http-client/1.1'
'x-forwarded-proto', 'http'
'x-request-id', '5a69c724-0c42-4d26-a062-8f40b419b6c6'
'x-envoy-expected-rq-timeout-ms', '3000'

[2026-10-05 07:14:14.179][14][debug][pool] [source/common/conn_pool/conn_pool_base.cc:330] [Tags: "ConnectionId":"17"] using existing fully connected connection
[2026-10-05 07:14:14.179][14][debug][pool] [source/common/conn_pool/conn_pool_base.cc:247] [Tags: "ConnectionId":"17"] creating stream
[2026-10-05 07:14:14.179][14][debug][router] [source/common/router/upstream_request.cc:606] [Tags: "ConnectionId":"5523","StreamId":"14958898212598472811"] pool ready
[2026-10-05 07:14:14.179][14][debug][client] [source/common/http/codec_client.cc:150] [Tags: "ConnectionId":"17"] encode complete
[2026-10-05 07:14:14.179][14][debug][http] [source/common/http/conn_manager_impl.cc:394] [Tags: "ConnectionId":"5530"] new stream
[2026-10-05 07:14:14.179][14][debug][http] [source/common/http/conn_manager_impl.cc:1291] [Tags: "ConnectionId":"5530","StreamId":"11797066318393173436"] request headers complete (end_stream=false):
':authority', 'envoy:10000'
':path', '/foods/data'
':method', 'POST'
'user-agent', 'Go-http-client/1.1'
'content-length', '26'
'content-type', 'application/json'

[2026-10-05 07:14:14.179][14][debug][connection] [./source/common/network/connection_impl.h:101] [Tags: "ConnectionId":"5530"] current connecting state: false
[2026-10-05 07:14:14.179][14][info][lua] [source/extensions/filters/common/lua/lua.cc:26] script log: accepted POST /foods/data
[2026-10-05 07:14:14.179][14][debug][lua] [source/extensions/filters/common/lua/lua.cc:67] coroutine finished
[2026-10-05 07:14:14.179][14][debug][router] [source/common/router/router.cc:537] [Tags: "ConnectionId":"5530","StreamId":"11797066318393173436"] cluster 'foods' match for URL '/foods/data'
[2026-10-05 07:14:14.179][14][debug][router] [source/common/router/router.cc:812] [Tags: "ConnectionId":"5530","StreamId":"11797066318393173436"] router decoding headers:
':authority', 'envoy:10000'
':path', '/foods/data'
':method', 'POST'
':scheme', 'http'
'user-agent', 'Go-http-client/1.1'
'content-length', '26'
'content-type', 'application/json'
'x-forwarded-proto', 'http'
'x-request-id', 'a29a65e1-f62b-444a-be86-88d61f4c6fc4'
'x-envoy-expected-rq-timeout-ms', '3000'

[2026-10-05 07:14:14.179][14][debug][pool] [source/common/conn_pool/conn_pool_base.cc:330] [Tags: "ConnectionId":"1751"] using existing fully connected connection
[2026-10-05 07:14:14.179][14][debug][pool] [source/common/conn_pool/conn_pool_base.cc:247] [Tags: "ConnectionId":"1751"] creating stream
[2026-10-05 07:14:14.179][14][debug][router] [source/common/router/upstream_request.cc:606] [Tags: "ConnectionId":"5530","StreamId":"11797066318393173436"] pool ready
[2026-10-05 07:14:14.179][14][debug][router] [source/common/router/router.cc:993] [Tags: "ConnectionId":"5530","StreamId":"11797066318393173436"] router decoding data: 26
[2026-10-05 07:14:14.179][14][debug][http] [source/common/http/conn_manager_impl.cc:1274] [Tags: "ConnectionId":"5530","StreamId":"11797066318393173436"] request end stream timestamp recorded
[2026-10-05 07:14:14.179][14][debug][router] [source/common/router/router.cc:993] [Tags: "ConnectionId":"5530","StreamId":"11797066318393173436"] router decoding data: 0
[2026-10-05 07:14:14.179][14][debug][client] [source/common/http/codec_client.cc:150] [Tags: "ConnectionId":"1751"] encode complete
[2026-10-05 07:14:14.179][14][debug][http] [source/common/http/conn_manager_impl.cc:394] [Tags: "ConnectionId":"5507"] new stream
[2026-10-05 07:14:14.179][14][debug][http] [source/common/http/conn_manager_impl.cc:1291] [Tags: "ConnectionId":"5507","StreamId":"6561288833162255964"] request headers complete (end_stream=true):
':authority', 'envoy:10000'
':path', '/bookings/bk-14183'
':method', 'GET'
'user-agent', 'Go-http-client/1.1'

[2026-10-05 07:14:14.179][14][debug][http] [source/common/http/conn_manager_impl.cc:1274] [Tags: "ConnectionId":"5507","StreamId":"6561288833162255964"] request end stream timestamp recorded
[2026-10-05 07:14:14.179][14][debug][connection] [./source/common/network/connection_impl.h:101] [Tags: "ConnectionId":"5507"] current connecting state: false
[2026-10-05 07:14:14.179][14][info][lua] [source/extensions/filters/common/lua/lua.cc:26] script log: accepted GET /bookings/bk-14183
[2026-10-05 07:14:14.179][14][debug][lua] [source/extensions/filters/common/lua/lua.cc:67] coroutine finished
[2026-10-05 07:14:14.179][14][debug][router] [source/common/router/router.cc:537] [Tags: "ConnectionId":"5507","StreamId":"6561288833162255964"] cluster 'booking' match for URL '/bookings/bk-14183'
[2026-10-05 07:14:14.179][14][debug][router] [source/common/router/router.cc:812] [Tags: "ConnectionId":"5507","StreamId":"6561288833162255964"] router decoding headers:
':authority', 'envoy:10000'
':path', '/bookings/bk-14183'
':method', 'GET'
':scheme', 'http'
'user-agent', 'Go-http-client/1.1'
'x-forwarded-proto', 'http'
'x-request-id', '3c81e8e4-e75f-480f-a9fe-958e433e4560'
'x-envoy-expected-rq-timeout-ms', '3000'

[2026-10-05 07:14:14.179][14][debug][pool] [source/common/conn_pool/conn_pool_base.cc:330] [Tags: "ConnectionId":"11"] using existing fully connected connection
[2026-10-05 07:14:14.179][14][debug][pool] [source/common/conn_pool/conn_pool_base.cc:247] [Tags: "ConnectionId":"11"] creating stream
[2026-10-05 07:14:14.179][14][debug][router] [source/common/router/upstream_request.cc:606] [Tags: "ConnectionId":"5507","StreamId":"6561288833162255964"] pool ready
[2026-10-05 07:14:14.179][14][debug][client] [source/common/http/codec_client.cc:150] [Tags: "ConnectionId":"11"] encode complete
[2026-10-05 07:14:14.179][14][debug][http] [source/common/http/conn_manager_impl.cc:394] [Tags: "ConnectionId":"5529"] new stream
[2026-10-05 07:14:14.179][14][debug][http] [source/common/http/conn_manager_impl.cc:1291] [Tags: "ConnectionId":"5529","StreamId":"5151767763773774950"] request headers complete (end_stream=false):
':authority', 'envoy:10000'
':path', '/order/ord-88998'
':method', 'PUT'
'user-agent', 'Go-http-client/1.1'
'content-length', '20'
'content-type', 'application/json'

[2026-10-05 07:14:14.179][14][debug][connection] [./source/common/network/connection_impl.h:101] [Tags: "ConnectionId":"5529"] current connecting state: false
[2026-10-05 07:14:14.179][14][info][lua] [source/extensions/filters/common/lua/lua.cc:26] script log: accepted PUT /order/ord-88998
[2026-10-05 07:14:14.179][14][debug][lua] [source/extensions/filters/common/lua/lua.cc:67] coroutine finished
[2026-10-05 07:14:14.179][14][debug][router] [source/common/router/router.cc:537] [Tags: "ConnectionId":"5529","StreamId":"5151767763773774950"] cluster 'orders' match for URL '/order/ord-88998'
[2026-10-05 07:14:14.179][14][debug][router] [source/common/router/router.cc:812] [Tags: "ConnectionId":"5529","StreamId":"5151767763773774950"] router decoding headers:
':authority', 'envoy:10000'
':path', '/order/ord-88998'
':method', 'PUT'
':scheme', 'http'
'user-agent', 'Go-http-client/1.1'
'content-length', '20'
'content-type', 'application/json'
'x-forwarded-proto', 'http'
'x-request-id', 'ff291ba5-c647-40b9-ba93-4ae60eb763f4'
'x-envoy-expected-rq-timeout-ms', '3000'

[2026-10-05 07:14:14.179][14][debug][pool] [source/common/conn_pool/conn_pool_base.cc:330] [Tags: "ConnectionId":"1746"] using existing fully connected connection
[2026-10-05 07:14:14.179][14][debug][pool] [source/common/conn_pool/conn_pool_base.cc:247] [Tags: "ConnectionId":"1746"] creating stream
[2026-10-05 07:14:14.179][14][debug][router] [source/common/router/upstream_request.cc:606] [Tags: "ConnectionId":"5529","StreamId":"5151767763773774950"] pool ready
[2026-10-05 07:14:14.179][14][debug][router] [source/common/router/router.cc:993] [Tags: "ConnectionId":"5529","StreamId":"5151767763773774950"] router decoding data: 20
[2026-10-05 07:14:14.179][14][debug][http] [source/common/http/conn_manager_impl.cc:1274] [Tags: "ConnectionId":"5529","StreamId":"5151767763773774950"] request end stream timestamp recorded
[2026-10-05 07:14:14.179][14][debug][router] [source/common/router/router.cc:993] [Tags: "ConnectionId":"5529","StreamId":"5151767763773774950"] router decoding data: 0
[2026-10-05 07:14:14.179][14][debug][client] [source/common/http/codec_client.cc:150] [Tags: "ConnectionId":"1746"] encode complete
[2026-10-05 07:14:14.179][14][debug][http] [source/common/http/conn_manager_impl.cc:394] [Tags: "ConnectionId":"5525"] new stream
[2026-10-05 07:14:14.179][14][debug][http] [source/common/http/conn_manager_impl.cc:1291] [Tags: "ConnectionId":"5525","StreamId":"15595311333286761963"] request headers complete (end_stream=false):
':authority', 'envoy:10000'
':path', '/booking'
':method', 'POST'
'user-agent', 'Go-http-client/1.1'
'content-length', '58'
'content-type', 'application/json'

[2026-10-05 07:14:14.179][14][debug][connection] [./source/common/network/connection_impl.h:101] [Tags: "ConnectionId":"5525"] current connecting state: false
[2026-10-05 07:14:14.179][14][info][lua] [source/extensions/filters/common/lua/lua.cc:26] script log: accepted POST /booking
[2026-10-05 07:14:14.179][14][debug][lua] [source/extensions/filters/common/lua/lua.cc:67] coroutine finished
[2026-10-05 07:14:14.179][14][debug][router] [source/common/router/router.cc:537] [Tags: "ConnectionId":"5525","StreamId":"15595311333286761963"] cluster 'booking' match for URL '/booking'
[2026-10-05 07:14:14.179][14][debug][router] [source/common/router/router.cc:812] [Tags: "ConnectionId":"5525","StreamId":"15595311333286761963"] router decoding headers:
':authority', 'envoy:10000'
':path', '/booking'
':method', 'POST'
':scheme', 'http'
'user-agent', 'Go-http-client/1.1'
'content-length', '58'
'content-type', 'application/json'
'x-forwarded-proto', 'http'
'x-request-id', '6d821750-554b-4a11-814d-974b14c67a3b'
'x-envoy-expected-rq-timeout-ms', '3000'

[2026-10-05 07:14:14.179][14][debug][pool] [source/common/conn_pool/conn_pool_base.cc:330] [Tags: "ConnectionId":"1752"] using existing fully connected connection
[2026-10-05 07:14:14.179][14][debug][pool] [source/common/conn_pool/conn_pool_base.cc:247] [Tags: "ConnectionId":"1752"] creating stream
[2026-10-05 07:14:14.179][14][debug][router] [source/common/router/upstream_request.cc:606] [Tags: "ConnectionId":"5525","StreamId":"15595311333286761963"] pool ready
[2026-10-05 07:14:14.179][14][debug][router] [source/common/router/router.cc:993] [Tags: "ConnectionId":"5525","StreamId":"15595311333286761963"] router decoding data: 58
[2026-10-05 07:14:14.179][14][debug][http] [source/common/http/conn_manager_impl.cc:1274] [Tags: "ConnectionId":"5525","StreamId":"15595311333286761963"] request end stream timestamp recorded
[2026-10-05 07:14:14.179][14][debug][router] [source/common/router/router.cc:993] [Tags: "ConnectionId":"5525","StreamId":"15595311333286761963"] router decoding data: 0
[2026-10-05 07:14:14.179][14][debug][client] [source/common/http/codec_client.cc:150] [Tags: "ConnectionId":"1752"] encode complete
[2026-10-05 07:14:14.180][14][debug][router] [source/common/router/router.cc:1700] [Tags: "ConnectionId":"5515","StreamId":"697406081850063099"] upstream headers complete: end_stream=false
[2026-10-05 07:14:14.180][14][debug][lua] [source/extensions/filters/common/lua/lua.cc:23] script log: completed GET /payments/pay-68441 status=200
[2026-10-05 07:14:14.180][14][debug][lua] [source/extensions/filters/common/lua/lua.cc:67] coroutine finished
[2026-10-05 07:14:14.180][14][debug][http] [source/common/http/conn_manager_impl.cc:1948] [Tags: "ConnectionId":"5515","StreamId":"697406081850063099"] encoding headers via codec (end_stream=false):
':status', '200'
'content-type', 'application/json'
'date', 'Mon, 05 Oct 2026 07:14:14 GMT'
'content-length', '32'
'x-envoy-upstream-service-time', '0'
'server', 'envoy'

[2026-10-05 07:14:14.180][14][debug][client] [source/common/http/codec_client.cc:137] [Tags: "ConnectionId":"1749"] response complete
[2026-10-05 07:14:14.180][14][debug][router] [source/common/router/router.cc:1153] Executing cleanup(): resetting retry_state_ and disabling timers
[2026-10-05 07:14:14.180][14][debug][http] [source/common/http/conn_manager_impl.cc:2063] [Tags: "ConnectionId":"5515","StreamId":"697406081850063099"] Codec completed encoding stream.
[2026-10-05 07:14:14.180][14][debug][router] [source/common/router/router.cc:1153] Executing cleanup(): resetting retry_state_ and disabling timers
[2026-10-05 07:14:14.180][14][debug][pool] [source/common/http/http1/conn_pool.cc:61] [Tags: "ConnectionId":"1749"] response complete
[2026-10-05 07:14:14.180][14][debug][pool] [source/common/conn_pool/conn_pool_base.cc:282] [Tags: "ConnectionId":"1749"] destroying stream: 0 active remaining, readyForStream false, currentUnusedCapacity 1
[2026-10-05 07:14:14.180][14][debug][router] [source/common/router/router.cc:1700] [Tags: "ConnectionId":"5520","StreamId":"10714445764343479614"] upstream headers complete: end_stream=false
[2026-10-05 07:14:14.180][14][debug][lua] [source/extensions/filters/common/lua/lua.cc:23] script log: completed PUT /order/ord-44327 status=200
[2026-10-05 07:14:14.180][14][debug][lua] [source/extensions/filters/common/lua/lua.cc:67] coroutine finished
[2026-10-05 07:14:14.180][14][debug][http] [source/common/http/conn_manager_impl.cc:1948] [Tags: "ConnectionId":"5520","StreamId":"10714445764343479614"] encoding headers via codec (end_stream=false):
':status', '200'
'content-type', 'application/json'
'date', 'Mon, 05 Oct 2026 07:14:14 GMT'
'content-length', '37'
'x-envoy-upstream-service-time', '1'
'server', 'envoy'

[2026-10-05 07:14:14.180][14][debug][client] [source/common/http/codec_client.cc:137] [Tags: "ConnectionId":"13"] response complete
[2026-10-05 07:14:14.180][14][debug][router] [source/common/router/router.cc:1153] Executing cleanup(): resetting retry_state_ and disabling timers
[2026-10-05 07:14:14.180][14][debug][http] [source/common/http/conn_manager_impl.cc:2063] [Tags: "ConnectionId":"5520","StreamId":"10714445764343479614"] Codec completed encoding stream.
[2026-10-05 07:14:14.180][14][debug][router] [source/common/router/router.cc:1153] Executing cleanup(): resetting retry_state_ and disabling timers
[2026-10-05 07:14:14.180][14][debug][pool] [source/common/http/http1/conn_pool.cc:61] [Tags: "ConnectionId":"13"] response complete
[2026-10-05 07:14:14.180][14][debug][pool] [source/common/conn_pool/conn_pool_base.cc:282] [Tags: "ConnectionId":"13"] destroying stream: 0 active remaining, readyForStream false, currentUnusedCapacity 1
[2026-10-05 07:14:14.180][14][debug][router] [source/common/router/router.cc:1700] [Tags: "ConnectionId":"5531","StreamId":"11306376496223174976"] upstream headers complete: end_stream=false
[2026-10-05 07:14:14.180][14][debug][lua] [source/extensions/filters/common/lua/lua.cc:23] script log: completed POST /payments status=200
[2026-10-05 07:14:14.180][14][debug][lua] [source/extensions/filters/common/lua/lua.cc:67] coroutine finished
[2026-10-05 07:14:14.180][14][debug][http] [source/common/http/conn_manager_impl.cc:1948] [Tags: "ConnectionId":"5531","StreamId":"11306376496223174976"] encoding headers via codec (end_stream=false):
':status', '200'
'content-type', 'application/json'
'date', 'Mon, 05 Oct 2026 07:14:14 GMT'
'content-length', '15'
'x-envoy-upstream-service-time', '0'
'server', 'envoy'

[2026-10-05 07:14:14.180][14][debug][client] [source/common/http/codec_client.cc:137] [Tags: "ConnectionId":"1"] response complete
[2026-10-05 07:14:14.180][14][debug][router] [source/common/router/router.cc:1153] Executing cleanup(): resetting retry_state_ and disabling timers
[2026-10-05 07:14:14.180][14][debug][http] [source/common/http/conn_manager_impl.cc:2063] [Tags: "ConnectionId":"5531","StreamId":"11306376496223174976"] Codec completed encoding stream.
[2026-10-05 07:14:14.180][14][debug][router] [source/common/router/router.cc:1153] Executing cleanup(): resetting retry_state_ and disabling timers
[2026-10-05 07:14:14.180][14][debug][pool] [source/common/http/http1/conn_pool.cc:61] [Tags: "ConnectionId":"1"] response complete
[2026-10-05 07:14:14.180][14][debug][pool] [source/common/conn_pool/conn_pool_base.cc:282] [Tags: "ConnectionId":"1"] destroying stream: 0 active remaining, readyForStream false, currentUnusedCapacity 1
[2026-10-05 07:14:14.180][14][debug][router] [source/common/router/router.cc:1700] [Tags: "ConnectionId":"5470","StreamId":"6529696016548720067"] upstream headers complete: end_stream=false
[2026-10-05 07:14:14.180][14][debug][lua] [source/extensions/filters/common/lua/lua.cc:23] script log: completed POST /foods/data status=200
[2026-10-05 07:14:14.180][14][debug][lua] [source/extensions/filters/common/lua/lua.cc:67] coroutine finished
[2026-10-05 07:14:14.180][14][debug][http] [source/common/http/conn_manager_impl.cc:1948] [Tags: "ConnectionId":"5470","StreamId":"6529696016548720067"] encoding headers via codec (end_stream=false):
':status', '200'
'content-type', 'application/json'
'date', 'Mon, 05 Oct 2026 07:14:14 GMT'
'content-length', '15'
'x-envoy-upstream-service-time', '1'
'server', 'envoy'

[2026-10-05 07:14:14.180][14][debug][client] [source/common/http/codec_client.cc:137] [Tags: "ConnectionId":"1750"] response complete
[2026-10-05 07:14:14.180][14][debug][router] [source/common/router/router.cc:1153] Executing cleanup(): resetting retry_state_ and disabling timers
[2026-10-05 07:14:14.180][14][debug][http] [source/common/http/conn_manager_impl.cc:2063] [Tags: "ConnectionId":"5470","StreamId":"6529696016548720067"] Codec completed encoding stream.
[2026-10-05 07:14:14.180][14][debug][router] [source/common/router/router.cc:1153] Executing cleanup(): resetting retry_state_ and disabling timers
[2026-10-05 07:14:14.180][14][debug][pool] [source/common/http/http1/conn_pool.cc:61] [Tags: "ConnectionId":"1750"] response complete
[2026-10-05 07:14:14.180][14][debug][pool] [source/common/conn_pool/conn_pool_base.cc:282] [Tags: "ConnectionId":"1750"] destroying stream: 0 active remaining, readyForStream false, currentUnusedCapacity 1
[2026-10-05 07:14:14.180][14][debug][router] [source/common/router/router.cc:1700] [Tags: "ConnectionId":"5529","StreamId":"5151767763773774950"] upstream headers complete: end_stream=false
[2026-10-05 07:14:14.180][14][debug][lua] [source/extensions/filters/common/lua/lua.cc:23] script log: completed PUT /order/ord-88998 status=200
[2026-10-05 07:14:14.180][14][debug][lua] [source/extensions/filters/common/lua/lua.cc:67] coroutine finished
[2026-10-05 07:14:14.180][14][debug][http] [source/common/http/conn_manager_impl.cc:1948] [Tags: "ConnectionId":"5529","StreamId":"5151767763773774950"] encoding headers via codec (end_stream=false):
':status', '200'
'content-type', 'application/json'
'date', 'Mon, 05 Oct 2026 07:14:14 GMT'
'content-length', '37'
'x-envoy-upstream-service-time', '0'
'server', 'envoy'

[2026-10-05 07:14:14.180][14][debug][client] [source/common/http/codec_client.cc:137] [Tags: "ConnectionId":"1746"] response complete
[2026-10-05 07:14:14.180][14][debug][router] [source/common/router/router.cc:1153] Executing cleanup(): resetting retry_state_ and disabling timers
[2026-10-05 07:14:14.180][14][debug][http] [source/common/http/conn_manager_impl.cc:2063] [Tags: "ConnectionId":"5529","StreamId":"5151767763773774950"] Codec completed encoding stream.
[2026-10-05 07:14:14.180][14][debug][router] [source/common/router/router.cc:1153] Executing cleanup(): resetting retry_state_ and disabling timers
[2026-10-05 07:14:14.180][14][debug][pool] [source/common/http/http1/conn_pool.cc:61] [Tags: "ConnectionId":"1746"] response complete
[2026-10-05 07:14:14.180][14][debug][pool] [source/common/conn_pool/conn_pool_base.cc:282] [Tags: "ConnectionId":"1746"] destroying stream: 0 active remaining, readyForStream false, currentUnusedCapacity 1
[2026-10-05 07:14:14.180][14][debug][router] [source/common/router/router.cc:1700] [Tags: "ConnectionId":"5506","StreamId":"5883422378666740601"] upstream headers complete: end_stream=false
[2026-10-05 07:14:14.180][14][debug][lua] [source/extensions/filters/common/lua/lua.cc:23] script log: completed GET /bookings/bk-38885 status=200
[2026-10-05 07:14:14.180][14][debug][lua] [source/extensions/filters/common/lua/lua.cc:67] coroutine finished
[2026-10-05 07:14:14.180][14][debug][http] [source/common/http/conn_manager_impl.cc:1948] [Tags: "ConnectionId":"5506","StreamId":"5883422378666740601"] encoding headers via codec (end_stream=false):
':status', '200'
'content-type', 'application/json'
'date', 'Mon, 05 Oct 2026 07:14:14 GMT'
'content-length', '31'
'x-envoy-upstream-service-time', '1'
'server', 'envoy'

[2026-10-05 07:14:14.180][14][debug][client] [source/common/http/codec_client.cc:137] [Tags: "ConnectionId":"1748"] response complete
[2026-10-05 07:14:14.180][14][debug][router] [source/common/router/router.cc:1153] Executing cleanup(): resetting retry_state_ and disabling timers
[2026-10-05 07:14:14.180][14][debug][http] [source/common/http/conn_manager_impl.cc:2063] [Tags: "ConnectionId":"5506","StreamId":"5883422378666740601"] Codec completed encoding stream.
[2026-10-05 07:14:14.180][14][debug][router] [source/common/router/router.cc:1153] Executing cleanup(): resetting retry_state_ and disabling timers
[2026-10-05 07:14:14.180][14][debug][pool] [source/common/http/http1/conn_pool.cc:61] [Tags: "ConnectionId":"1748"] response complete
[2026-10-05 07:14:14.180][14][debug][pool] [source/common/conn_pool/conn_pool_base.cc:282] [Tags: "ConnectionId":"1748"] destroying stream: 0 active remaining, readyForStream false, currentUnusedCapacity 1
[2026-10-05 07:14:14.180][14][debug][router] [source/common/router/router.cc:1700] [Tags: "ConnectionId":"5528","StreamId":"9812269969551451313"] upstream headers complete: end_stream=false
[2026-10-05 07:14:14.180][14][debug][lua] [source/extensions/filters/common/lua/lua.cc:23] script log: completed GET /users/usr-93737 status=200
[2026-10-05 07:14:14.180][14][debug][lua] [source/extensions/filters/common/lua/lua.cc:67] coroutine finished
[2026-10-05 07:14:14.180][14][debug][http] [source/common/http/conn_manager_impl.cc:1948] [Tags: "ConnectionId":"5528","StreamId":"9812269969551451313"] encoding headers via codec (end_stream=false):
':status', '200'
'content-type', 'application/json'
'date', 'Mon, 05 Oct 2026 07:14:14 GMT'
'content-length', '32'
'x-envoy-upstream-service-time', '1'
'server', 'envoy'

[2026-10-05 07:14:14.180][14][debug][client] [source/common/http/codec_client.cc:137] [Tags: "ConnectionId":"8"] response complete
[2026-10-05 07:14:14.180][14][debug][router] [source/common/router/router.cc:1153] Executing cleanup(): resetting retry_state_ and disabling timers
[2026-10-05 07:14:14.180][14][debug][http] [source/common/http/conn_manager_impl.cc:2063] [Tags: "ConnectionId":"5528","StreamId":"9812269969551451313"] Codec completed encoding stream.
[2026-10-05 07:14:14.180][14][debug][router] [source/common/router/router.cc:1153] Executing cleanup(): resetting retry_state_ and disabling timers
[2026-10-05 07:14:14.180][14][debug][pool] [source/common/http/http1/conn_pool.cc:61] [Tags: "ConnectionId":"8"] response complete
[2026-10-05 07:14:14.180][14][debug][pool] [source/common/conn_pool/conn_pool_base.cc:282] [Tags: "ConnectionId":"8"] destroying stream: 0 active remaining, readyForStream false, currentUnusedCapacity 1
[2026-10-05 07:14:14.180][14][debug][router] [source/common/router/router.cc:1700] [Tags: "ConnectionId":"5521","StreamId":"3673569086787359317"] upstream headers complete: end_stream=false
[2026-10-05 07:14:14.180][14][debug][lua] [source/extensions/filters/common/lua/lua.cc:23] script log: completed POST /payments status=200
[2026-10-05 07:14:14.180][14][debug][lua] [source/extensions/filters/common/lua/lua.cc:67] coroutine finished
[2026-10-05 07:14:14.180][14][debug][http] [source/common/http/conn_manager_impl.cc:1948] [Tags: "ConnectionId":"5521","StreamId":"3673569086787359317"] encoding headers via codec (end_stream=false):
':status', '200'
'content-type', 'application/json'
'date', 'Mon, 05 Oct 2026 07:14:14 GMT'
'content-length', '15'
'x-envoy-upstream-service-time', '1'
'server', 'envoy'

[2026-10-05 07:14:14.180][14][debug][client] [source/common/http/codec_client.cc:137] [Tags: "ConnectionId":"21"] response complete
[2026-10-05 07:14:14.180][14][debug][router] [source/common/router/router.cc:1153] Executing cleanup(): resetting retry_state_ and disabling timers
[2026-10-05 07:14:14.180][14][debug][http] [source/common/http/conn_manager_impl.cc:2063] [Tags: "ConnectionId":"5521","StreamId":"3673569086787359317"] Codec completed encoding stream.
[2026-10-05 07:14:14.180][14][debug][router] [source/common/router/router.cc:1153] Executing cleanup(): resetting retry_state_ and disabling timers
[2026-10-05 07:14:14.180][14][debug][pool] [source/common/http/http1/conn_pool.cc:61] [Tags: "ConnectionId":"21"] response complete
[2026-10-05 07:14:14.180][14][debug][pool] [source/common/conn_pool/conn_pool_base.cc:282] [Tags: "ConnectionId":"21"] destroying stream: 0 active remaining, readyForStream false, currentUnusedCapacity 1
[2026-10-05 07:14:14.180][14][debug][router] [source/common/router/router.cc:1700] [Tags: "ConnectionId":"5530","StreamId":"11797066318393173436"] upstream headers complete: end_stream=false
[2026-10-05 07:14:14.180][14][debug][lua] [source/extensions/filters/common/lua/lua.cc:23] script log: completed POST /foods/data status=200
[2026-10-05 07:14:14.180][14][debug][lua] [source/extensions/filters/common/lua/lua.cc:67] coroutine finished
[2026-10-05 07:14:14.180][14][debug][http] [source/common/http/conn_manager_impl.cc:1948] [Tags: "ConnectionId":"5530","StreamId":"11797066318393173436"] encoding headers via codec (end_stream=false):
':status', '200'
'content-type', 'application/json'
'date', 'Mon, 05 Oct 2026 07:14:14 GMT'
'content-length', '15'
'x-envoy-upstream-service-time', '1'
'server', 'envoy'

[2026-10-05 07:14:14.180][14][debug][client] [source/common/http/codec_client.cc:137] [Tags: "ConnectionId":"1751"] response complete
[2026-10-05 07:14:14.180][14][debug][router] [source/common/router/router.cc:1153] Executing cleanup(): resetting retry_state_ and disabling timers
[2026-10-05 07:14:14.180][14][debug][http] [source/common/http/conn_manager_impl.cc:2063] [Tags: "ConnectionId":"5530","StreamId":"11797066318393173436"] Codec completed encoding stream.
[2026-10-05 07:14:14.180][14][debug][router] [source/common/router/router.cc:1153] Executing cleanup(): resetting retry_state_ and disabling timers
[2026-10-05 07:14:14.180][14][debug][pool] [source/common/http/http1/conn_pool.cc:61] [Tags: "ConnectionId":"1751"] response complete
[2026-10-05 07:14:14.180][14][debug][pool] [source/common/conn_pool/conn_pool_base.cc:282] [Tags: "ConnectionId":"1751"] destroying stream: 0 active remaining, readyForStream false, currentUnusedCapacity 1
[2026-10-05 07:14:14.180][14][debug][router] [source/common/router/router.cc:1700] [Tags: "ConnectionId":"5508","StreamId":"8895379109355250626"] upstream headers complete: end_stream=false
[2026-10-05 07:14:14.180][14][debug][lua] [source/extensions/filters/common/lua/lua.cc:23] script log: completed GET /users/usr-41003 status=200
[2026-10-05 07:14:14.180][14][debug][lua] [source/extensions/filters/common/lua/lua.cc:67] coroutine finished
[2026-10-05 07:14:14.180][14][debug][http] [source/common/http/conn_manager_impl.cc:1948] [Tags: "ConnectionId":"5508","StreamId":"8895379109355250626"] encoding headers via codec (end_stream=false):
':status', '200'
'content-type', 'application/json'
'date', 'Mon, 05 Oct 2026 07:14:14 GMT'
'content-length', '32'
'x-envoy-upstream-service-time', '1'
'server', 'envoy'

[2026-10-05 07:14:14.180][14][debug][client] [source/common/http/codec_client.cc:137] [Tags: "ConnectionId":"23"] response complete
[2026-10-05 07:14:14.180][14][debug][router] [source/common/router/router.cc:1153] Executing cleanup(): resetting retry_state_ and disabling timers
[2026-10-05 07:14:14.180][14][debug][http] [source/common/http/conn_manager_impl.cc:2063] [Tags: "ConnectionId":"5508","StreamId":"8895379109355250626"] Codec completed encoding stream.
[2026-10-05 07:14:14.180][14][debug][router] [source/common/router/router.cc:1153] Executing cleanup(): resetting retry_state_ and disabling timers
[2026-10-05 07:14:14.180][14][debug][pool] [source/common/http/http1/conn_pool.cc:61] [Tags: "ConnectionId":"23"] response complete
[2026-10-05 07:14:14.180][14][debug][pool] [source/common/conn_pool/conn_pool_base.cc:282] [Tags: "ConnectionId":"23"] destroying stream: 0 active remaining, readyForStream false, currentUnusedCapacity 1
[2026-10-05 07:14:14.180][14][debug][router] [source/common/router/router.cc:1700] [Tags: "ConnectionId":"5526","StreamId":"16912650470964212175"] upstream headers complete: end_stream=false
[2026-10-05 07:14:14.180][14][debug][lua] [source/extensions/filters/common/lua/lua.cc:23] script log: completed GET /payments/pay-28375 status=200
[2026-10-05 07:14:14.180][14][debug][lua] [source/extensions/filters/common/lua/lua.cc:67] coroutine finished
[2026-10-05 07:14:14.180][14][debug][http] [source/common/http/conn_manager_impl.cc:1948] [Tags: "ConnectionId":"5526","StreamId":"16912650470964212175"] encoding headers via codec (end_stream=false):
':status', '200'
'content-type', 'application/json'
'date', 'Mon, 05 Oct 2026 07:14:14 GMT'
'content-length', '32'
'x-envoy-upstream-service-time', '1'
'server', 'envoy'

[2026-10-05 07:14:14.180][14][debug][client] [source/common/http/codec_client.cc:137] [Tags: "ConnectionId":"6"] response complete
[2026-10-05 07:14:14.180][14][debug][router] [source/common/router/router.cc:1153] Executing cleanup(): resetting retry_state_ and disabling timers
[2026-10-05 07:14:14.180][14][debug][http] [source/common/http/conn_manager_impl.cc:2063] [Tags: "ConnectionId":"5526","StreamId":"16912650470964212175"] Codec completed encoding stream.
[2026-10-05 07:14:14.180][14][debug][router] [source/common/router/router.cc:1153] Executing cleanup(): resetting retry_state_ and disabling timers
[2026-10-05 07:14:14.180][14][debug][pool] [source/common/http/http1/conn_pool.cc:61] [Tags: "ConnectionId":"6"] response complete
[2026-10-05 07:14:14.180][14][debug][pool] [source/common/conn_pool/conn_pool_base.cc:282] [Tags: "ConnectionId":"6"] destroying stream: 0 active remaining, readyForStream false, currentUnusedCapacity 1
[2026-10-05 07:14:14.180][14][debug][client] [source/common/http/codec_client.cc:137] [Tags: "ConnectionId":"19"] response complete
[2026-10-05 07:14:14.180][14][debug][router] [source/common/router/router.cc:1700] [Tags: "ConnectionId":"5527","StreamId":"9063882602823118897"] upstream headers complete: end_stream=true
[2026-10-05 07:14:14.180][14][debug][router] [source/common/router/router.cc:1153] Executing cleanup(): resetting retry_state_ and disabling timers
[2026-10-05 07:14:14.180][14][debug][lua] [source/extensions/filters/common/lua/lua.cc:23] script log: completed OPTIONS /bookings status=204
[2026-10-05 07:14:14.180][14][debug][lua] [source/extensions/filters/common/lua/lua.cc:67] coroutine finished
[2026-10-05 07:14:14.180][14][debug][http] [source/common/http/conn_manager_impl.cc:1948] [Tags: "ConnectionId":"5527","StreamId":"9063882602823118897"] encoding headers via codec (end_stream=true):
':status', '204'
'access-control-allow-methods', 'GET, OPTIONS'
'allow', 'GET, OPTIONS'
'date', 'Mon, 05 Oct 2026 07:14:14 GMT'
'x-envoy-upstream-service-time', '1'
'server', 'envoy'

[2026-10-05 07:14:14.180][14][debug][http] [source/common/http/conn_manager_impl.cc:2063] [Tags: "ConnectionId":"5527","StreamId":"9063882602823118897"] Codec completed encoding stream.
[2026-10-05 07:14:14.180][14][debug][router] [source/common/router/router.cc:1153] Executing cleanup(): resetting retry_state_ and disabling timers
[2026-10-05 07:14:14.180][14][debug][pool] [source/common/http/http1/conn_pool.cc:61] [Tags: "ConnectionId":"19"] response complete
[2026-10-05 07:14:14.180][14][debug][pool] [source/common/conn_pool/conn_pool_base.cc:282] [Tags: "ConnectionId":"19"] destroying stream: 0 active remaining, readyForStream false, currentUnusedCapacity 1
[2026-10-05 07:14:14.181][14][debug][router] [source/common/router/router.cc:1700] [Tags: "ConnectionId":"5525","StreamId":"15595311333286761963"] upstream headers complete: end_stream=false
[2026-10-05 07:14:14.181][14][debug][lua] [source/extensions/filters/common/lua/lua.cc:23] script log: completed POST /booking status=200
[2026-10-05 07:14:14.181][14][debug][lua] [source/extensions/filters/common/lua/lua.cc:67] coroutine finished
[2026-10-05 07:14:14.181][14][debug][http] [source/common/http/conn_manager_impl.cc:1948] [Tags: "ConnectionId":"5525","StreamId":"15595311333286761963"] encoding headers via codec (end_stream=false):
':status', '200'
'content-type', 'application/json'
'date', 'Mon, 05 Oct 2026 07:14:14 GMT'
'content-length', '15'
'x-envoy-upstream-service-time', '1'
'server', 'envoy'

[2026-10-05 07:14:14.181][14][debug][client] [source/common/http/codec_client.cc:137] [Tags: "ConnectionId":"1752"] response complete
[2026-10-05 07:14:14.181][14][debug][router] [source/common/router/router.cc:1153] Executing cleanup(): resetting retry_state_ and disabling timers
[2026-10-05 07:14:14.181][14][debug][http] [source/common/http/conn_manager_impl.cc:2063] [Tags: "ConnectionId":"5525","StreamId":"15595311333286761963"] Codec completed encoding stream.
[2026-10-05 07:14:14.181][14][debug][router] [source/common/router/router.cc:1153] Executing cleanup(): resetting retry_state_ and disabling timers
[2026-10-05 07:14:14.181][14][debug][pool] [source/common/http/http1/conn_pool.cc:61] [Tags: "ConnectionId":"1752"] response complete
[2026-10-05 07:14:14.181][14][debug][pool] [source/common/conn_pool/conn_pool_base.cc:282] [Tags: "ConnectionId":"1752"] destroying stream: 0 active remaining, readyForStream false, currentUnusedCapacity 1
[2026-10-05 07:14:14.181][14][debug][router] [source/common/router/router.cc:1700] [Tags: "ConnectionId":"5507","StreamId":"6561288833162255964"] upstream headers complete: end_stream=false
[2026-10-05 07:14:14.181][14][debug][lua] [source/extensions/filters/common/lua/lua.cc:23] script log: completed GET /bookings/bk-14183 status=200
[2026-10-05 07:14:14.181][14][debug][lua] [source/extensions/filters/common/lua/lua.cc:67] coroutine finished
[2026-10-05 07:14:14.181][14][debug][http] [source/common/http/conn_manager_impl.cc:1948] [Tags: "ConnectionId":"5507","StreamId":"6561288833162255964"] encoding headers via codec (end_stream=false):
':status', '200'
'content-type', 'application/json'
'date', 'Mon, 05 Oct 2026 07:14:14 GMT'
'content-length', '31'
'x-envoy-upstream-service-time', '1'
'server', 'envoy'

[2026-10-05 07:14:14.181][14][debug][client] [source/common/http/codec_client.cc:137] [Tags: "ConnectionId":"11"] response complete
[2026-10-05 07:14:14.181][14][debug][router] [source/common/router/router.cc:1153] Executing cleanup(): resetting retry_state_ and disabling timers
[2026-10-05 07:14:14.181][14][debug][http] [source/common/http/conn_manager_impl.cc:2063] [Tags: "ConnectionId":"5507","StreamId":"6561288833162255964"] Codec completed encoding stream.
[2026-10-05 07:14:14.181][14][debug][router] [source/common/router/router.cc:1153] Executing cleanup(): resetting retry_state_ and disabling timers
[2026-10-05 07:14:14.181][14][debug][pool] [source/common/http/http1/conn_pool.cc:61] [Tags: "ConnectionId":"11"] response complete
[2026-10-05 07:14:14.181][14][debug][pool] [source/common/conn_pool/conn_pool_base.cc:282] [Tags: "ConnectionId":"11"] destroying stream: 0 active remaining, readyForStream false, currentUnusedCapacity 1
[2026-10-05 07:14:14.181][14][debug][router] [source/common/router/router.cc:1700] [Tags: "ConnectionId":"5496","StreamId":"3480911406715018184"] upstream headers complete: end_stream=false
[2026-10-05 07:14:14.181][14][debug][lua] [source/extensions/filters/common/lua/lua.cc:23] script log: completed POST /booking status=200
[2026-10-05 07:14:14.181][14][debug][lua] [source/extensions/filters/common/lua/lua.cc:67] coroutine finished
[2026-10-05 07:14:14.181][14][debug][http] [source/common/http/conn_manager_impl.cc:1948] [Tags: "ConnectionId":"5496","StreamId":"3480911406715018184"] encoding headers via codec (end_stream=false):
':status', '200'
'content-type', 'application/json'
'date', 'Mon, 05 Oct 2026 07:14:14 GMT'
'content-length', '15'
'x-envoy-upstream-service-time', '2'
'server', 'envoy'

[2026-10-05 07:14:14.181][14][debug][client] [source/common/http/codec_client.cc:137] [Tags: "ConnectionId":"2"] response complete
[2026-10-05 07:14:14.181][14][debug][router] [source/common/router/router.cc:1153] Executing cleanup(): resetting retry_state_ and disabling timers
[2026-10-05 07:14:14.181][14][debug][http] [source/common/http/conn_manager_impl.cc:2063] [Tags: "ConnectionId":"5496","StreamId":"3480911406715018184"] Codec completed encoding stream.
[2026-10-05 07:14:14.181][14][debug][router] [source/common/router/router.cc:1153] Executing cleanup(): resetting retry_state_ and disabling timers
[2026-10-05 07:14:14.181][14][debug][pool] [source/common/http/http1/conn_pool.cc:61] [Tags: "ConnectionId":"2"] response complete
[2026-10-05 07:14:14.181][14][debug][pool] [source/common/conn_pool/conn_pool_base.cc:282] [Tags: "ConnectionId":"2"] destroying stream: 0 active remaining, readyForStream false, currentUnusedCapacity 1
[2026-10-05 07:14:14.181][14][debug][client] [source/common/http/codec_client.cc:137] [Tags: "ConnectionId":"17"] response complete
[2026-10-05 07:14:14.181][14][debug][router] [source/common/router/router.cc:1700] [Tags: "ConnectionId":"5523","StreamId":"14958898212598472811"] upstream headers complete: end_stream=true
[2026-10-05 07:14:14.181][14][debug][router] [source/common/router/router.cc:1153] Executing cleanup(): resetting retry_state_ and disabling timers
[2026-10-05 07:14:14.181][14][debug][lua] [source/extensions/filters/common/lua/lua.cc:23] script log: completed OPTIONS /bookings status=204
[2026-10-05 07:14:14.181][14][debug][lua] [source/extensions/filters/common/lua/lua.cc:67] coroutine finished
[2026-10-05 07:14:14.181][14][debug][http] [source/common/http/conn_manager_impl.cc:1948] [Tags: "ConnectionId":"5523","StreamId":"14958898212598472811"] encoding headers via codec (end_stream=true):
':status', '204'
'access-control-allow-methods', 'GET, OPTIONS'
'allow', 'GET, OPTIONS'
'date', 'Mon, 05 Oct 2026 07:14:14 GMT'
'x-envoy-upstream-service-time', '2'
'server', 'envoy'

[2026-10-05 07:14:14.181][14][debug][http] [source/common/http/conn_manager_impl.cc:2063] [Tags: "ConnectionId":"5523","StreamId":"14958898212598472811"] Codec completed encoding stream.
[2026-10-05 07:14:14.181][14][debug][router] [source/common/router/router.cc:1153] Executing cleanup(): resetting retry_state_ and disabling timers
[2026-10-05 07:14:14.181][14][debug][pool] [source/common/http/http1/conn_pool.cc:61] [Tags: "ConnectionId":"17"] response complete
[2026-10-05 07:14:14.181][14][debug][pool] [source/common/conn_pool/conn_pool_base.cc:282] [Tags: "ConnectionId":"17"] destroying stream: 0 active remaining, readyForStream false, currentUnusedCapacity 1
[2026-10-05 07:14:14.197][14][debug][http] [source/common/http/conn_manager_impl.cc:394] [Tags: "ConnectionId":"5523"] new stream
[2026-10-05 07:14:14.197][14][debug][http] [source/common/http/conn_manager_impl.cc:1291] [Tags: "ConnectionId":"5523","StreamId":"10896186158219673361"] request headers complete (end_stream=true):
':authority', 'envoy:10000'
':path', '/users/usr-46803'
':method', 'GET'
'user-agent', 'Go-http-client/1.1'

[2026-10-05 07:14:14.197][14][debug][http] [source/common/http/conn_manager_impl.cc:1274] [Tags: "ConnectionId":"5523","StreamId":"10896186158219673361"] request end stream timestamp recorded
[2026-10-05 07:14:14.197][14][debug][connection] [./source/common/network/connection_impl.h:101] [Tags: "ConnectionId":"5523"] current connecting state: false
[2026-10-05 07:14:14.197][14][info][lua] [source/extensions/filters/common/lua/lua.cc:26] script log: accepted GET /users/usr-46803
[2026-10-05 07:14:14.197][14][debug][lua] [source/extensions/filters/common/lua/lua.cc:67] coroutine finished
[2026-10-05 07:14:14.198][14][debug][router] [source/common/router/router.cc:537] [Tags: "ConnectionId":"5523","StreamId":"10896186158219673361"] cluster 'users' match for URL '/users/usr-46803'
[2026-10-05 07:14:14.198][14][debug][router] [source/common/router/router.cc:812] [Tags: "ConnectionId":"5523","StreamId":"10896186158219673361"] router decoding headers:
':authority', 'envoy:10000'
':path', '/users/usr-46803'
':method', 'GET'
':scheme', 'http'
'user-agent', 'Go-http-client/1.1'
'x-forwarded-proto', 'http'
'x-request-id', '07056549-19ce-4548-9827-a191b802bdc5'
'x-envoy-expected-rq-timeout-ms', '3000'

[2026-10-05 07:14:14.198][14][debug][pool] [source/common/conn_pool/conn_pool_base.cc:330] [Tags: "ConnectionId":"23"] using existing fully connected connection
[2026-10-05 07:14:14.198][14][debug][pool] [source/common/conn_pool/conn_pool_base.cc:247] [Tags: "ConnectionId":"23"] creating stream
[2026-10-05 07:14:14.198][14][debug][router] [source/common/router/upstream_request.cc:606] [Tags: "ConnectionId":"5523","StreamId":"10896186158219673361"] pool ready
[2026-10-05 07:14:14.198][14][debug][client] [source/common/http/codec_client.cc:150] [Tags: "ConnectionId":"23"] encode complete
[2026-10-05 07:14:14.198][14][debug][http] [source/common/http/conn_manager_impl.cc:394] [Tags: "ConnectionId":"5496"] new stream
[2026-10-05 07:14:14.198][14][debug][http] [source/common/http/conn_manager_impl.cc:1291] [Tags: "ConnectionId":"5496","StreamId":"9927166074079921021"] request headers complete (end_stream=false):
':authority', 'envoy:10000'
':path', '/foods/data'
':method', 'POST'
'user-agent', 'Go-http-client/1.1'
'content-length', '26'
'content-type', 'application/json'

[2026-10-05 07:14:14.198][14][debug][connection] [./source/common/network/connection_impl.h:101] [Tags: "ConnectionId":"5496"] current connecting state: false
[2026-10-05 07:14:14.198][14][info][lua] [source/extensions/filters/common/lua/lua.cc:26] script log: accepted POST /foods/data
[2026-10-05 07:14:14.198][14][debug][lua] [source/extensions/filters/common/lua/lua.cc:67] coroutine finished
[2026-10-05 07:14:14.198][14][debug][router] [source/common/router/router.cc:537] [Tags: "ConnectionId":"5496","StreamId":"9927166074079921021"] cluster 'foods' match for URL '/foods/data'
[2026-10-05 07:14:14.198][14][debug][router] [source/common/router/router.cc:812] [Tags: "ConnectionId":"5496","StreamId":"9927166074079921021"] router decoding headers:
':authority', 'envoy:10000'
':path', '/foods/data'
':method', 'POST'
':scheme', 'http'
'user-agent', 'Go-http-client/1.1'
'content-length', '26'
'content-type', 'application/json'
'x-forwarded-proto', 'http'
'x-request-id', '9c465f37-5d2c-474e-97eb-d17199656b8c'
'x-envoy-expected-rq-timeout-ms', '3000'

[2026-10-05 07:14:14.198][14][debug][pool] [source/common/conn_pool/conn_pool_base.cc:330] [Tags: "ConnectionId":"1751"] using existing fully connected connection
[2026-10-05 07:14:14.198][14][debug][pool] [source/common/conn_pool/conn_pool_base.cc:247] [Tags: "ConnectionId":"1751"] creating stream
[2026-10-05 07:14:14.198][14][debug][router] [source/common/router/upstream_request.cc:606] [Tags: "ConnectionId":"5496","StreamId":"9927166074079921021"] pool ready
[2026-10-05 07:14:14.198][14][debug][router] [source/common/router/router.cc:993] [Tags: "ConnectionId":"5496","StreamId":"9927166074079921021"] router decoding data: 26
[2026-10-05 07:14:14.198][14][debug][http] [source/common/http/conn_manager_impl.cc:1274] [Tags: "ConnectionId":"5496","StreamId":"9927166074079921021"] request end stream timestamp recorded
[2026-10-05 07:14:14.198][14][debug][router] [source/common/router/router.cc:993] [Tags: "ConnectionId":"5496","StreamId":"9927166074079921021"] router decoding data: 0
[2026-10-05 07:14:14.198][14][debug][client] [source/common/http/codec_client.cc:150] [Tags: "ConnectionId":"1751"] encode complete
[2026-10-05 07:14:14.198][14][debug][http] [source/common/http/conn_manager_impl.cc:394] [Tags: "ConnectionId":"5507"] new stream
[2026-10-05 07:14:14.198][14][debug][http] [source/common/http/conn_manager_impl.cc:1291] [Tags: "ConnectionId":"5507","StreamId":"16379620162197680929"] request headers complete (end_stream=true):
':authority', 'envoy:10000'
':path', '/bookings/bk-36010'
':method', 'GET'
'user-agent', 'Go-http-client/1.1'

[2026-10-05 07:14:14.198][14][debug][http] [source/common/http/conn_manager_impl.cc:1274] [Tags: "ConnectionId":"5507","StreamId":"16379620162197680929"] request end stream timestamp recorded
[2026-10-05 07:14:14.198][14][debug][connection] [./source/common/network/connection_impl.h:101] [Tags: "ConnectionId":"5507"] current connecting state: false
[2026-10-05 07:14:14.198][14][info][lua] [source/extensions/filters/common/lua/lua.cc:26] script log: accepted GET /bookings/bk-36010
[2026-10-05 07:14:14.198][14][debug][lua] [source/extensions/filters/common/lua/lua.cc:67] coroutine finished
[2026-10-05 07:14:14.198][14][debug][router] [source/common/router/router.cc:537] [Tags: "ConnectionId":"5507","StreamId":"16379620162197680929"] cluster 'booking' match for URL '/bookings/bk-36010'
[2026-10-05 07:14:14.198][14][debug][router] [source/common/router/router.cc:812] [Tags: "ConnectionId":"5507","StreamId":"16379620162197680929"] router decoding headers:
':authority', 'envoy:10000'
':path', '/bookings/bk-36010'
':method', 'GET'
':scheme', 'http'
'user-agent', 'Go-http-client/1.1'
'x-forwarded-proto', 'http'
'x-request-id', '8406bf20-6ea7-4d8c-a95d-7140fb55af08'
'x-envoy-expected-rq-timeout-ms', '3000'

[2026-10-05 07:14:14.198][14][debug][pool] [source/common/conn_pool/conn_pool_base.cc:330] [Tags: "ConnectionId":"17"] using existing fully connected connection
[2026-10-05 07:14:14.198][14][debug][pool] [source/common/conn_pool/conn_pool_base.cc:247] [Tags: "ConnectionId":"17"] creating stream
[2026-10-05 07:14:14.198][14][debug][router] [source/common/router/upstream_request.cc:606] [Tags: "ConnectionId":"5507","StreamId":"16379620162197680929"] pool ready
[2026-10-05 07:14:14.198][14][debug][client] [source/common/http/codec_client.cc:150] [Tags: "ConnectionId":"17"] encode complete
[2026-10-05 07:14:14.198][14][debug][http] [source/common/http/conn_manager_impl.cc:394] [Tags: "ConnectionId":"5527"] new stream
[2026-10-05 07:14:14.198][14][debug][http] [source/common/http/conn_manager_impl.cc:1291] [Tags: "ConnectionId":"5527","StreamId":"14647948564273689196"] request headers complete (end_stream=true):
':authority', 'envoy:10000'
':path', '/payments/pay-27600'
':method', 'GET'
'user-agent', 'Go-http-client/1.1'

[2026-10-05 07:14:14.198][14][debug][http] [source/common/http/conn_manager_impl.cc:1274] [Tags: "ConnectionId":"5527","StreamId":"14647948564273689196"] request end stream timestamp recorded
[2026-10-05 07:14:14.198][14][debug][connection] [./source/common/network/connection_impl.h:101] [Tags: "ConnectionId":"5527"] current connecting state: false
[2026-10-05 07:14:14.198][14][info][lua] [source/extensions/filters/common/lua/lua.cc:26] script log: accepted GET /payments/pay-27600
[2026-10-05 07:14:14.198][14][debug][lua] [source/extensions/filters/common/lua/lua.cc:67] coroutine finished
[2026-10-05 07:14:14.198][14][debug][router] [source/common/router/router.cc:537] [Tags: "ConnectionId":"5527","StreamId":"14647948564273689196"] cluster 'payments' match for URL '/payments/pay-27600'
[2026-10-05 07:14:14.198][14][debug][router] [source/common/router/router.cc:812] [Tags: "ConnectionId":"5527","StreamId":"14647948564273689196"] router decoding headers:
':authority', 'envoy:10000'
':path', '/payments/pay-27600'
':method', 'GET'
':scheme', 'http'
'user-agent', 'Go-http-client/1.1'
'x-forwarded-proto', 'http'
'x-request-id', 'e4ba12be-4b7f-4d98-9010-c7203c6681be'
'x-envoy-expected-rq-timeout-ms', '3000'

[2026-10-05 07:14:14.198][14][debug][pool] [source/common/conn_pool/conn_pool_base.cc:330] [Tags: "ConnectionId":"6"] using existing fully connected connection
[2026-10-05 07:14:14.198][14][debug][pool] [source/common/conn_pool/conn_pool_base.cc:247] [Tags: "ConnectionId":"6"] creating stream
[2026-10-05 07:14:14.198][14][debug][router] [source/common/router/upstream_request.cc:606] [Tags: "ConnectionId":"5527","StreamId":"14647948564273689196"] pool ready
[2026-10-05 07:14:14.198][14][debug][client] [source/common/http/codec_client.cc:150] [Tags: "ConnectionId":"6"] encode complete
[2026-10-05 07:14:14.198][14][debug][http] [source/common/http/conn_manager_impl.cc:394] [Tags: "ConnectionId":"5528"] new stream
[2026-10-05 07:14:14.198][14][debug][http] [source/common/http/conn_manager_impl.cc:1291] [Tags: "ConnectionId":"5528","StreamId":"16079854951976918611"] request headers complete (end_stream=false):
':authority', 'envoy:10000'
':path', '/booking'
':method', 'POST'
'user-agent', 'Go-http-client/1.1'
'content-length', '58'
'content-type', 'application/json'

[2026-10-05 07:14:14.198][14][debug][connection] [./source/common/network/connection_impl.h:101] [Tags: "ConnectionId":"5528"] current connecting state: false
[2026-10-05 07:14:14.198][14][info][lua] [source/extensions/filters/common/lua/lua.cc:26] script log: accepted POST /booking
[2026-10-05 07:14:14.198][14][debug][lua] [source/extensions/filters/common/lua/lua.cc:67] coroutine finished
[2026-10-05 07:14:14.198][14][debug][router] [source/common/router/router.cc:537] [Tags: "ConnectionId":"5528","StreamId":"16079854951976918611"] cluster 'booking' match for URL '/booking'
[2026-10-05 07:14:14.198][14][debug][router] [source/common/router/router.cc:812] [Tags: "ConnectionId":"5528","StreamId":"16079854951976918611"] router decoding headers:
':authority', 'envoy:10000'
':path', '/booking'
':method', 'POST'
':scheme', 'http'
'user-agent', 'Go-http-client/1.1'
'content-length', '58'
'content-type', 'application/json'
'x-forwarded-proto', 'http'
'x-request-id', '1bf1e0b9-9c08-46d4-961e-3c8da08bfd1d'
'x-envoy-expected-rq-timeout-ms', '3000'

[2026-10-05 07:14:14.198][14][debug][pool] [source/common/conn_pool/conn_pool_base.cc:330] [Tags: "ConnectionId":"2"] using existing fully connected connection
[2026-10-05 07:14:14.198][14][debug][pool] [source/common/conn_pool/conn_pool_base.cc:247] [Tags: "ConnectionId":"2"] creating stream
[2026-10-05 07:14:14.198][14][debug][router] [source/common/router/upstream_request.cc:606] [Tags: "ConnectionId":"5528","StreamId":"16079854951976918611"] pool ready
[2026-10-05 07:14:14.198][14][debug][router] [source/common/router/router.cc:993] [Tags: "ConnectionId":"5528","StreamId":"16079854951976918611"] router decoding data: 58
[2026-10-05 07:14:14.198][14][debug][http] [source/common/http/conn_manager_impl.cc:1274] [Tags: "ConnectionId":"5528","StreamId":"16079854951976918611"] request end stream timestamp recorded
[2026-10-05 07:14:14.198][14][debug][router] [source/common/router/router.cc:993] [Tags: "ConnectionId":"5528","StreamId":"16079854951976918611"] router decoding data: 0
[2026-10-05 07:14:14.198][14][debug][client] [source/common/http/codec_client.cc:150] [Tags: "ConnectionId":"2"] encode complete
[2026-10-05 07:14:14.198][14][debug][http] [source/common/http/conn_manager_impl.cc:394] [Tags: "ConnectionId":"5525"] new stream
[2026-10-05 07:14:14.198][14][debug][http] [source/common/http/conn_manager_impl.cc:1291] [Tags: "ConnectionId":"5525","StreamId":"16630717778602680290"] request headers complete (end_stream=false):
':authority', 'envoy:10000'
':path', '/payments'
':method', 'POST'
'user-agent', 'Go-http-client/1.1'
'content-length', '57'
'content-type', 'application/json'

[2026-10-05 07:14:14.198][14][debug][connection] [./source/common/network/connection_impl.h:101] [Tags: "ConnectionId":"5525"] current connecting state: false
[2026-10-05 07:14:14.198][14][info][lua] [source/extensions/filters/common/lua/lua.cc:26] script log: accepted POST /payments
[2026-10-05 07:14:14.198][14][debug][lua] [source/extensions/filters/common/lua/lua.cc:67] coroutine finished
[2026-10-05 07:14:14.198][14][debug][router] [source/common/router/router.cc:537] [Tags: "ConnectionId":"5525","StreamId":"16630717778602680290"] cluster 'payments' match for URL '/payments'
[2026-10-05 07:14:14.198][14][debug][router] [source/common/router/router.cc:812] [Tags: "ConnectionId":"5525","StreamId":"16630717778602680290"] router decoding headers:
':authority', 'envoy:10000'
':path', '/payments'
':method', 'POST'
':scheme', 'http'
'user-agent', 'Go-http-client/1.1'
'content-length', '57'
'content-type', 'application/json'
'x-forwarded-proto', 'http'
'x-request-id', '662421a1-9eaa-498f-83ce-883dec5f1c2d'
'x-envoy-expected-rq-timeout-ms', '3000'

[2026-10-05 07:14:14.198][14][debug][pool] [source/common/conn_pool/conn_pool_base.cc:330] [Tags: "ConnectionId":"21"] using existing fully connected connection
[2026-10-05 07:14:14.198][14][debug][pool] [source/common/conn_pool/conn_pool_base.cc:247] [Tags: "ConnectionId":"21"] creating stream
[2026-10-05 07:14:14.198][14][debug][router] [source/common/router/upstream_request.cc:606] [Tags: "ConnectionId":"5525","StreamId":"16630717778602680290"] pool ready
[2026-10-05 07:14:14.198][14][debug][router] [source/common/router/router.cc:993] [Tags: "ConnectionId":"5525","StreamId":"16630717778602680290"] router decoding data: 57
[2026-10-05 07:14:14.198][14][debug][http] [source/common/http/conn_manager_impl.cc:1274] [Tags: "ConnectionId":"5525","StreamId":"16630717778602680290"] request end stream timestamp recorded
[2026-10-05 07:14:14.198][14][debug][router] [source/common/router/router.cc:993] [Tags: "ConnectionId":"5525","StreamId":"16630717778602680290"] router decoding data: 0
[2026-10-05 07:14:14.198][14][debug][client] [source/common/http/codec_client.cc:150] [Tags: "ConnectionId":"21"] encode complete
[2026-10-05 07:14:14.198][14][debug][http] [source/common/http/conn_manager_impl.cc:394] [Tags: "ConnectionId":"5530"] new stream
[2026-10-05 07:14:14.198][14][debug][http] [source/common/http/conn_manager_impl.cc:1291] [Tags: "ConnectionId":"5530","StreamId":"4845552007534548470"] request headers complete (end_stream=true):
':authority', 'envoy:10000'
':path', '/payments/pay-29153'
':method', 'GET'
'user-agent', 'Go-http-client/1.1'

[2026-10-05 07:14:14.198][14][debug][http] [source/common/http/conn_manager_impl.cc:1274] [Tags: "ConnectionId":"5530","StreamId":"4845552007534548470"] request end stream timestamp recorded
[2026-10-05 07:14:14.198][14][debug][connection] [./source/common/network/connection_impl.h:101] [Tags: "ConnectionId":"5530"] current connecting state: false
[2026-10-05 07:14:14.198][14][info][lua] [source/extensions/filters/common/lua/lua.cc:26] script log: accepted GET /payments/pay-29153
[2026-10-05 07:14:14.198][14][debug][lua] [source/extensions/filters/common/lua/lua.cc:67] coroutine finished
[2026-10-05 07:14:14.198][14][debug][router] [source/common/router/router.cc:537] [Tags: "ConnectionId":"5530","StreamId":"4845552007534548470"] cluster 'payments' match for URL '/payments/pay-29153'
[2026-10-05 07:14:14.198][14][debug][router] [source/common/router/router.cc:812] [Tags: "ConnectionId":"5530","StreamId":"4845552007534548470"] router decoding headers:
':authority', 'envoy:10000'
':path', '/payments/pay-29153'
':method', 'GET'
':scheme', 'http'
'user-agent', 'Go-http-client/1.1'
'x-forwarded-proto', 'http'
'x-request-id', 'dcc8706d-f968-4a2d-aaeb-68d73d78ecab'
'x-envoy-expected-rq-timeout-ms', '3000'

[2026-10-05 07:14:14.198][14][debug][pool] [source/common/conn_pool/conn_pool_base.cc:330] [Tags: "ConnectionId":"1"] using existing fully connected connection
[2026-10-05 07:14:14.198][14][debug][pool] [source/common/conn_pool/conn_pool_base.cc:247] [Tags: "ConnectionId":"1"] creating stream
[2026-10-05 07:14:14.198][14][debug][router] [source/common/router/upstream_request.cc:606] [Tags: "ConnectionId":"5530","StreamId":"4845552007534548470"] pool ready
[2026-10-05 07:14:14.198][14][debug][client] [source/common/http/codec_client.cc:150] [Tags: "ConnectionId":"1"] encode complete
[2026-10-05 07:14:14.198][14][debug][http] [source/common/http/conn_manager_impl.cc:394] [Tags: "ConnectionId":"5521"] new stream
[2026-10-05 07:14:14.198][14][debug][http] [source/common/http/conn_manager_impl.cc:1291] [Tags: "ConnectionId":"5521","StreamId":"16282726572489734678"] request headers complete (end_stream=false):
':authority', 'envoy:10000'
':path', '/order/ord-79475'
':method', 'PUT'
'user-agent', 'Go-http-client/1.1'
'content-length', '22'
'content-type', 'application/json'

[2026-10-05 07:14:14.198][14][debug][connection] [./source/common/network/connection_impl.h:101] [Tags: "ConnectionId":"5521"] current connecting state: false
[2026-10-05 07:14:14.198][14][info][lua] [source/extensions/filters/common/lua/lua.cc:26] script log: accepted PUT /order/ord-79475
[2026-10-05 07:14:14.198][14][debug][lua] [source/extensions/filters/common/lua/lua.cc:67] coroutine finished
[2026-10-05 07:14:14.198][14][debug][router] [source/common/router/router.cc:537] [Tags: "ConnectionId":"5521","StreamId":"16282726572489734678"] cluster 'orders' match for URL '/order/ord-79475'
[2026-10-05 07:14:14.198][14][debug][router] [source/common/router/router.cc:812] [Tags: "ConnectionId":"5521","StreamId":"16282726572489734678"] router decoding headers:
':authority', 'envoy:10000'
':path', '/order/ord-79475'
':method', 'PUT'
':scheme', 'http'
'user-agent', 'Go-http-client/1.1'
'content-length', '22'
'content-type', 'application/json'
'x-forwarded-proto', 'http'
'x-request-id', '26ac5413-d953-44dd-a32c-8b40e649fb54'
'x-envoy-expected-rq-timeout-ms', '3000'

[2026-10-05 07:14:14.198][14][debug][pool] [source/common/conn_pool/conn_pool_base.cc:330] [Tags: "ConnectionId":"1746"] using existing fully connected connection
[2026-10-05 07:14:14.198][14][debug][pool] [source/common/conn_pool/conn_pool_base.cc:247] [Tags: "ConnectionId":"1746"] creating stream
[2026-10-05 07:14:14.198][14][debug][router] [source/common/router/upstream_request.cc:606] [Tags: "ConnectionId":"5521","StreamId":"16282726572489734678"] pool ready
[2026-10-05 07:14:14.198][14][debug][router] [source/common/router/router.cc:993] [Tags: "ConnectionId":"5521","StreamId":"16282726572489734678"] router decoding data: 22
[2026-10-05 07:14:14.198][14][debug][http] [source/common/http/conn_manager_impl.cc:1274] [Tags: "ConnectionId":"5521","StreamId":"16282726572489734678"] request end stream timestamp recorded
[2026-10-05 07:14:14.198][14][debug][router] [source/common/router/router.cc:993] [Tags: "ConnectionId":"5521","StreamId":"16282726572489734678"] router decoding data: 0
[2026-10-05 07:14:14.198][14][debug][client] [source/common/http/codec_client.cc:150] [Tags: "ConnectionId":"1746"] encode complete
[2026-10-05 07:14:14.198][14][debug][http] [source/common/http/conn_manager_impl.cc:394] [Tags: "ConnectionId":"5508"] new stream
[2026-10-05 07:14:14.198][14][debug][http] [source/common/http/conn_manager_impl.cc:1291] [Tags: "ConnectionId":"5508","StreamId":"17318800231002049569"] request headers complete (end_stream=true):
':authority', 'envoy:10000'
':path', '/bookings'
':method', 'OPTIONS'
'user-agent', 'Go-http-client/1.1'

[2026-10-05 07:14:14.198][14][debug][http] [source/common/http/conn_manager_impl.cc:1274] [Tags: "ConnectionId":"5508","StreamId":"17318800231002049569"] request end stream timestamp recorded
[2026-10-05 07:14:14.198][14][debug][connection] [./source/common/network/connection_impl.h:101] [Tags: "ConnectionId":"5508"] current connecting state: false
[2026-10-05 07:14:14.198][14][info][lua] [source/extensions/filters/common/lua/lua.cc:26] script log: accepted OPTIONS /bookings
[2026-10-05 07:14:14.198][14][debug][lua] [source/extensions/filters/common/lua/lua.cc:67] coroutine finished
[2026-10-05 07:14:14.198][14][debug][router] [source/common/router/router.cc:537] [Tags: "ConnectionId":"5508","StreamId":"17318800231002049569"] cluster 'booking' match for URL '/bookings'
[2026-10-05 07:14:14.198][14][debug][router] [source/common/router/router.cc:812] [Tags: "ConnectionId":"5508","StreamId":"17318800231002049569"] router decoding headers:
':authority', 'envoy:10000'
':path', '/bookings'
':method', 'OPTIONS'
':scheme', 'http'
'user-agent', 'Go-http-client/1.1'
'x-forwarded-proto', 'http'
'x-request-id', 'be0feede-3735-48e7-8e8f-cd50a5eb5445'
'x-envoy-expected-rq-timeout-ms', '3000'

[2026-10-05 07:14:14.198][14][debug][pool] [source/common/conn_pool/conn_pool_base.cc:330] [Tags: "ConnectionId":"11"] using existing fully connected connection
[2026-10-05 07:14:14.198][14][debug][pool] [source/common/conn_pool/conn_pool_base.cc:247] [Tags: "ConnectionId":"11"] creating stream
[2026-10-05 07:14:14.198][14][debug][router] [source/common/router/upstream_request.cc:606] [Tags: "ConnectionId":"5508","StreamId":"17318800231002049569"] pool ready
[2026-10-05 07:14:14.198][14][debug][client] [source/common/http/codec_client.cc:150] [Tags: "ConnectionId":"11"] encode complete
[2026-10-05 07:14:14.198][14][debug][http] [source/common/http/conn_manager_impl.cc:394] [Tags: "ConnectionId":"5526"] new stream
[2026-10-05 07:14:14.198][14][debug][http] [source/common/http/conn_manager_impl.cc:1291] [Tags: "ConnectionId":"5526","StreamId":"1578442788961204204"] request headers complete (end_stream=false):
':authority', 'envoy:10000'
':path', '/foods/data'
':method', 'POST'
'user-agent', 'Go-http-client/1.1'
'content-length', '26'
'content-type', 'application/json'

[2026-10-05 07:14:14.198][14][debug][connection] [./source/common/network/connection_impl.h:101] [Tags: "ConnectionId":"5526"] current connecting state: false
[2026-10-05 07:14:14.198][14][info][lua] [source/extensions/filters/common/lua/lua.cc:26] script log: accepted POST /foods/data
[2026-10-05 07:14:14.198][14][debug][lua] [source/extensions/filters/common/lua/lua.cc:67] coroutine finished
[2026-10-05 07:14:14.198][14][debug][router] [source/common/router/router.cc:537] [Tags: "ConnectionId":"5526","StreamId":"1578442788961204204"] cluster 'foods' match for URL '/foods/data'
[2026-10-05 07:14:14.198][14][debug][router] [source/common/router/router.cc:812] [Tags: "ConnectionId":"5526","StreamId":"1578442788961204204"] router decoding headers:
':authority', 'envoy:10000'
':path', '/foods/data'
':method', 'POST'
':scheme', 'http'
'user-agent', 'Go-http-client/1.1'
'content-length', '26'
'content-type', 'application/json'
'x-forwarded-proto', 'http'
'x-request-id', '67a3d5f9-b1af-45ea-88d9-4a716e5658e3'
'x-envoy-expected-rq-timeout-ms', '3000'

[2026-10-05 07:14:14.198][14][debug][pool] [source/common/conn_pool/conn_pool_base.cc:330] [Tags: "ConnectionId":"1750"] using existing fully connected connection
[2026-10-05 07:14:14.198][14][debug][pool] [source/common/conn_pool/conn_pool_base.cc:247] [Tags: "ConnectionId":"1750"] creating stream
[2026-10-05 07:14:14.198][14][debug][router] [source/common/router/upstream_request.cc:606] [Tags: "ConnectionId":"5526","StreamId":"1578442788961204204"] pool ready
[2026-10-05 07:14:14.198][14][debug][router] [source/common/router/router.cc:993] [Tags: "ConnectionId":"5526","StreamId":"1578442788961204204"] router decoding data: 26
[2026-10-05 07:14:14.198][14][debug][http] [source/common/http/conn_manager_impl.cc:1274] [Tags: "ConnectionId":"5526","StreamId":"1578442788961204204"] request end stream timestamp recorded
[2026-10-05 07:14:14.198][14][debug][router] [source/common/router/router.cc:993] [Tags: "ConnectionId":"5526","StreamId":"1578442788961204204"] router decoding data: 0
[2026-10-05 07:14:14.198][14][debug][client] [source/common/http/codec_client.cc:150] [Tags: "ConnectionId":"1750"] encode complete
[2026-10-05 07:14:14.198][14][debug][http] [source/common/http/conn_manager_impl.cc:394] [Tags: "ConnectionId":"5529"] new stream
[2026-10-05 07:14:14.198][14][debug][http] [source/common/http/conn_manager_impl.cc:1291] [Tags: "ConnectionId":"5529","StreamId":"14082683886984683154"] request headers complete (end_stream=false):
':authority', 'envoy:10000'
':path', '/booking'
':method', 'POST'
'user-agent', 'Go-http-client/1.1'
'content-length', '58'
'content-type', 'application/json'

[2026-10-05 07:14:14.198][14][debug][connection] [./source/common/network/connection_impl.h:101] [Tags: "ConnectionId":"5529"] current connecting state: false
[2026-10-05 07:14:14.198][14][info][lua] [source/extensions/filters/common/lua/lua.cc:26] script log: accepted POST /booking
[2026-10-05 07:14:14.198][14][debug][lua] [source/extensions/filters/common/lua/lua.cc:67] coroutine finished
[2026-10-05 07:14:14.198][14][debug][router] [source/common/router/router.cc:537] [Tags: "ConnectionId":"5529","StreamId":"14082683886984683154"] cluster 'booking' match for URL '/booking'
[2026-10-05 07:14:14.198][14][debug][router] [source/common/router/router.cc:812] [Tags: "ConnectionId":"5529","StreamId":"14082683886984683154"] router decoding headers:
':authority', 'envoy:10000'
':path', '/booking'
':method', 'POST'
':scheme', 'http'
'user-agent', 'Go-http-client/1.1'
'content-length', '58'
'content-type', 'application/json'
'x-forwarded-proto', 'http'
'x-request-id', '8ff18012-bbba-44b2-b366-48b448261965'
'x-envoy-expected-rq-timeout-ms', '3000'

[2026-10-05 07:14:14.198][14][debug][pool] [source/common/conn_pool/conn_pool_base.cc:330] [Tags: "ConnectionId":"1752"] using existing fully connected connection
[2026-10-05 07:14:14.198][14][debug][pool] [source/common/conn_pool/conn_pool_base.cc:247] [Tags: "ConnectionId":"1752"] creating stream
[2026-10-05 07:14:14.198][14][debug][router] [source/common/router/upstream_request.cc:606] [Tags: "ConnectionId":"5529","StreamId":"14082683886984683154"] pool ready
[2026-10-05 07:14:14.198][14][debug][router] [source/common/router/router.cc:993] [Tags: "ConnectionId":"5529","StreamId":"14082683886984683154"] router decoding data: 58
[2026-10-05 07:14:14.198][14][debug][http] [source/common/http/conn_manager_impl.cc:1274] [Tags: "ConnectionId":"5529","StreamId":"14082683886984683154"] request end stream timestamp recorded
[2026-10-05 07:14:14.198][14][debug][router] [source/common/router/router.cc:993] [Tags: "ConnectionId":"5529","StreamId":"14082683886984683154"] router decoding data: 0
[2026-10-05 07:14:14.198][14][debug][client] [source/common/http/codec_client.cc:150] [Tags: "ConnectionId":"1752"] encode complete
[2026-10-05 07:14:14.198][14][debug][http] [source/common/http/conn_manager_impl.cc:394] [Tags: "ConnectionId":"5506"] new stream
[2026-10-05 07:14:14.198][14][debug][http] [source/common/http/conn_manager_impl.cc:1291] [Tags: "ConnectionId":"5506","StreamId":"11213738393295546769"] request headers complete (end_stream=false):
':authority', 'envoy:10000'
':path', '/payments'
':method', 'POST'
'user-agent', 'Go-http-client/1.1'
'content-length', '57'
'content-type', 'application/json'

[2026-10-05 07:14:14.198][14][debug][connection] [./source/common/network/connection_impl.h:101] [Tags: "ConnectionId":"5506"] current connecting state: false
[2026-10-05 07:14:14.198][14][info][lua] [source/extensions/filters/common/lua/lua.cc:26] script log: accepted POST /payments
[2026-10-05 07:14:14.198][14][debug][lua] [source/extensions/filters/common/lua/lua.cc:67] coroutine finished
[2026-10-05 07:14:14.198][14][debug][router] [source/common/router/router.cc:537] [Tags: "ConnectionId":"5506","StreamId":"11213738393295546769"] cluster 'payments' match for URL '/payments'
[2026-10-05 07:14:14.198][14][debug][router] [source/common/router/router.cc:812] [Tags: "ConnectionId":"5506","StreamId":"11213738393295546769"] router decoding headers:
':authority', 'envoy:10000'
':path', '/payments'
':method', 'POST'
':scheme', 'http'
'user-agent', 'Go-http-client/1.1'
'content-length', '57'
'content-type', 'application/json'
'x-forwarded-proto', 'http'
'x-request-id', '8e2c5356-4330-46a0-9672-9dc73b823eb1'
'x-envoy-expected-rq-timeout-ms', '3000'

[2026-10-05 07:14:14.198][14][debug][pool] [source/common/conn_pool/conn_pool_base.cc:330] [Tags: "ConnectionId":"1749"] using existing fully connected connection
[2026-10-05 07:14:14.198][14][debug][pool] [source/common/conn_pool/conn_pool_base.cc:247] [Tags: "ConnectionId":"1749"] creating stream
[2026-10-05 07:14:14.198][14][debug][router] [source/common/router/upstream_request.cc:606] [Tags: "ConnectionId":"5506","StreamId":"11213738393295546769"] pool ready
[2026-10-05 07:14:14.198][14][debug][router] [source/common/router/router.cc:993] [Tags: "ConnectionId":"5506","StreamId":"11213738393295546769"] router decoding data: 57
[2026-10-05 07:14:14.198][14][debug][http] [source/common/http/conn_manager_impl.cc:1274] [Tags: "ConnectionId":"5506","StreamId":"11213738393295546769"] request end stream timestamp recorded
[2026-10-05 07:14:14.198][14][debug][router] [source/common/router/router.cc:993] [Tags: "ConnectionId":"5506","StreamId":"11213738393295546769"] router decoding data: 0
[2026-10-05 07:14:14.198][14][debug][client] [source/common/http/codec_client.cc:150] [Tags: "ConnectionId":"1749"] encode complete
[2026-10-05 07:14:14.198][14][debug][http] [source/common/http/conn_manager_impl.cc:394] [Tags: "ConnectionId":"5520"] new stream
[2026-10-05 07:14:14.198][14][debug][http] [source/common/http/conn_manager_impl.cc:1291] [Tags: "ConnectionId":"5520","StreamId":"254378206778996608"] request headers complete (end_stream=true):
':authority', 'envoy:10000'
':path', '/users/usr-44218'
':method', 'GET'
'user-agent', 'Go-http-client/1.1'

[2026-10-05 07:14:14.198][14][debug][http] [source/common/http/conn_manager_impl.cc:1274] [Tags: "ConnectionId":"5520","StreamId":"254378206778996608"] request end stream timestamp recorded
[2026-10-05 07:14:14.198][14][debug][connection] [./source/common/network/connection_impl.h:101] [Tags: "ConnectionId":"5520"] current connecting state: false
[2026-10-05 07:14:14.198][14][info][lua] [source/extensions/filters/common/lua/lua.cc:26] script log: accepted GET /users/usr-44218
[2026-10-05 07:14:14.198][14][debug][lua] [source/extensions/filters/common/lua/lua.cc:67] coroutine finished
[2026-10-05 07:14:14.198][14][debug][router] [source/common/router/router.cc:537] [Tags: "ConnectionId":"5520","StreamId":"254378206778996608"] cluster 'users' match for URL '/users/usr-44218'
[2026-10-05 07:14:14.198][14][debug][router] [source/common/router/router.cc:812] [Tags: "ConnectionId":"5520","StreamId":"254378206778996608"] router decoding headers:
':authority', 'envoy:10000'
':path', '/users/usr-44218'
':method', 'GET'
':scheme', 'http'
'user-agent', 'Go-http-client/1.1'
'x-forwarded-proto', 'http'
'x-request-id', '4b9f0f02-0e1c-4694-96f5-268edf55fee8'
'x-envoy-expected-rq-timeout-ms', '3000'

[2026-10-05 07:14:14.198][14][debug][pool] [source/common/conn_pool/conn_pool_base.cc:330] [Tags: "ConnectionId":"8"] using existing fully connected connection
[2026-10-05 07:14:14.198][14][debug][pool] [source/common/conn_pool/conn_pool_base.cc:247] [Tags: "ConnectionId":"8"] creating stream
[2026-10-05 07:14:14.198][14][debug][router] [source/common/router/upstream_request.cc:606] [Tags: "ConnectionId":"5520","StreamId":"254378206778996608"] pool ready
[2026-10-05 07:14:14.198][14][debug][client] [source/common/http/codec_client.cc:150] [Tags: "ConnectionId":"8"] encode complete
[2026-10-05 07:14:14.198][14][debug][http] [source/common/http/conn_manager_impl.cc:394] [Tags: "ConnectionId":"5531"] new stream
[2026-10-05 07:14:14.198][14][debug][http] [source/common/http/conn_manager_impl.cc:1291] [Tags: "ConnectionId":"5531","StreamId":"278260281071580970"] request headers complete (end_stream=true):
':authority', 'envoy:10000'
':path', '/bookings/bk-43318'
':method', 'GET'
'user-agent', 'Go-http-client/1.1'

[2026-10-05 07:14:14.198][14][debug][http] [source/common/http/conn_manager_impl.cc:1274] [Tags: "ConnectionId":"5531","StreamId":"278260281071580970"] request end stream timestamp recorded
[2026-10-05 07:14:14.198][14][debug][connection] [./source/common/network/connection_impl.h:101] [Tags: "ConnectionId":"5531"] current connecting state: false
[2026-10-05 07:14:14.198][14][info][lua] [source/extensions/filters/common/lua/lua.cc:26] script log: accepted GET /bookings/bk-43318
[2026-10-05 07:14:14.198][14][debug][lua] [source/extensions/filters/common/lua/lua.cc:67] coroutine finished
[2026-10-05 07:14:14.198][14][debug][router] [source/common/router/router.cc:537] [Tags: "ConnectionId":"5531","StreamId":"278260281071580970"] cluster 'booking' match for URL '/bookings/bk-43318'
[2026-10-05 07:14:14.198][14][debug][router] [source/common/router/router.cc:812] [Tags: "ConnectionId":"5531","StreamId":"278260281071580970"] router decoding headers:
':authority', 'envoy:10000'
':path', '/bookings/bk-43318'
':method', 'GET'
':scheme', 'http'
'user-agent', 'Go-http-client/1.1'
'x-forwarded-proto', 'http'
'x-request-id', '6e3a8d6e-b014-4047-826f-455de576c7ba'
'x-envoy-expected-rq-timeout-ms', '3000'

[2026-10-05 07:14:14.198][14][debug][pool] [source/common/conn_pool/conn_pool_base.cc:330] [Tags: "ConnectionId":"19"] using existing fully connected connection
[2026-10-05 07:14:14.198][14][debug][pool] [source/common/conn_pool/conn_pool_base.cc:247] [Tags: "ConnectionId":"19"] creating stream
[2026-10-05 07:14:14.198][14][debug][router] [source/common/router/upstream_request.cc:606] [Tags: "ConnectionId":"5531","StreamId":"278260281071580970"] pool ready
[2026-10-05 07:14:14.198][14][debug][client] [source/common/http/codec_client.cc:150] [Tags: "ConnectionId":"19"] encode complete
[2026-10-05 07:14:14.198][14][debug][http] [source/common/http/conn_manager_impl.cc:394] [Tags: "ConnectionId":"5470"] new stream
[2026-10-05 07:14:14.198][14][debug][http] [source/common/http/conn_manager_impl.cc:1291] [Tags: "ConnectionId":"5470","StreamId":"8175198130675884643"] request headers complete (end_stream=false):
':authority', 'envoy:10000'
':path', '/order/ord-94278'
':method', 'PUT'
'user-agent', 'Go-http-client/1.1'
'content-length', '22'
'content-type', 'application/json'

[2026-10-05 07:14:14.198][14][debug][connection] [./source/common/network/connection_impl.h:101] [Tags: "ConnectionId":"5470"] current connecting state: false
[2026-10-05 07:14:14.198][14][info][lua] [source/extensions/filters/common/lua/lua.cc:26] script log: accepted PUT /order/ord-94278
[2026-10-05 07:14:14.198][14][debug][lua] [source/extensions/filters/common/lua/lua.cc:67] coroutine finished
[2026-10-05 07:14:14.198][14][debug][router] [source/common/router/router.cc:537] [Tags: "ConnectionId":"5470","StreamId":"8175198130675884643"] cluster 'orders' match for URL '/order/ord-94278'
[2026-10-05 07:14:14.198][14][debug][router] [source/common/router/router.cc:812] [Tags: "ConnectionId":"5470","StreamId":"8175198130675884643"] router decoding headers:
':authority', 'envoy:10000'
':path', '/order/ord-94278'
':method', 'PUT'
':scheme', 'http'
'user-agent', 'Go-http-client/1.1'
'content-length', '22'
'content-type', 'application/json'
'x-forwarded-proto', 'http'
'x-request-id', 'aaaab220-7eed-4802-a43a-4a33d66bc72f'
'x-envoy-expected-rq-timeout-ms', '3000'

[2026-10-05 07:14:14.198][14][debug][pool] [source/common/conn_pool/conn_pool_base.cc:330] [Tags: "ConnectionId":"13"] using existing fully connected connection
[2026-10-05 07:14:14.198][14][debug][pool] [source/common/conn_pool/conn_pool_base.cc:247] [Tags: "ConnectionId":"13"] creating stream
[2026-10-05 07:14:14.198][14][debug][router] [source/common/router/upstream_request.cc:606] [Tags: "ConnectionId":"5470","StreamId":"8175198130675884643"] pool ready
[2026-10-05 07:14:14.198][14][debug][router] [source/common/router/router.cc:993] [Tags: "ConnectionId":"5470","StreamId":"8175198130675884643"] router decoding data: 22
[2026-10-05 07:14:14.198][14][debug][http] [source/common/http/conn_manager_impl.cc:1274] [Tags: "ConnectionId":"5470","StreamId":"8175198130675884643"] request end stream timestamp recorded
[2026-10-05 07:14:14.198][14][debug][router] [source/common/router/router.cc:993] [Tags: "ConnectionId":"5470","StreamId":"8175198130675884643"] router decoding data: 0
[2026-10-05 07:14:14.198][14][debug][client] [source/common/http/codec_client.cc:150] [Tags: "ConnectionId":"13"] encode complete
[2026-10-05 07:14:14.198][14][debug][http] [source/common/http/conn_manager_impl.cc:394] [Tags: "ConnectionId":"5515"] new stream
[2026-10-05 07:14:14.198][14][debug][http] [source/common/http/conn_manager_impl.cc:1291] [Tags: "ConnectionId":"5515","StreamId":"10365699153057700412"] request headers complete (end_stream=true):
':authority', 'envoy:10000'
':path', '/bookings'
':method', 'OPTIONS'
'user-agent', 'Go-http-client/1.1'

[2026-10-05 07:14:14.198][14][debug][http] [source/common/http/conn_manager_impl.cc:1274] [Tags: "ConnectionId":"5515","StreamId":"10365699153057700412"] request end stream timestamp recorded
[2026-10-05 07:14:14.198][14][debug][connection] [./source/common/network/connection_impl.h:101] [Tags: "ConnectionId":"5515"] current connecting state: false
[2026-10-05 07:14:14.198][14][info][lua] [source/extensions/filters/common/lua/lua.cc:26] script log: accepted OPTIONS /bookings
[2026-10-05 07:14:14.198][14][debug][lua] [source/extensions/filters/common/lua/lua.cc:67] coroutine finished
[2026-10-05 07:14:14.198][14][debug][router] [source/common/router/router.cc:537] [Tags: "ConnectionId":"5515","StreamId":"10365699153057700412"] cluster 'booking' match for URL '/bookings'
[2026-10-05 07:14:14.198][14][debug][router] [source/common/router/router.cc:812] [Tags: "ConnectionId":"5515","StreamId":"10365699153057700412"] router decoding headers:
':authority', 'envoy:10000'
':path', '/bookings'
':method', 'OPTIONS'
':scheme', 'http'
'user-agent', 'Go-http-client/1.1'
'x-forwarded-proto', 'http'
'x-request-id', '5b0ac36d-1042-4666-a101-777f42734990'
'x-envoy-expected-rq-timeout-ms', '3000'

[2026-10-05 07:14:14.198][14][debug][pool] [source/common/conn_pool/conn_pool_base.cc:330] [Tags: "ConnectionId":"1748"] using existing fully connected connection
[2026-10-05 07:14:14.198][14][debug][pool] [source/common/conn_pool/conn_pool_base.cc:247] [Tags: "ConnectionId":"1748"] creating stream
[2026-10-05 07:14:14.198][14][debug][router] [source/common/router/upstream_request.cc:606] [Tags: "ConnectionId":"5515","StreamId":"10365699153057700412"] pool ready
[2026-10-05 07:14:14.198][14][debug][client] [source/common/http/codec_client.cc:150] [Tags: "ConnectionId":"1748"] encode complete
[2026-10-05 07:14:14.199][14][debug][router] [source/common/router/router.cc:1700] [Tags: "ConnectionId":"5527","StreamId":"14647948564273689196"] upstream headers complete: end_stream=false
[2026-10-05 07:14:14.199][14][debug][lua] [source/extensions/filters/common/lua/lua.cc:23] script log: completed GET /payments/pay-27600 status=200
[2026-10-05 07:14:14.199][14][debug][lua] [source/extensions/filters/common/lua/lua.cc:67] coroutine finished
[2026-10-05 07:14:14.199][14][debug][http] [source/common/http/conn_manager_impl.cc:1948] [Tags: "ConnectionId":"5527","StreamId":"14647948564273689196"] encoding headers via codec (end_stream=false):
':status', '200'
'content-type', 'application/json'
'date', 'Mon, 05 Oct 2026 07:14:14 GMT'
'content-length', '32'
'x-envoy-upstream-service-time', '1'
'server', 'envoy'

[2026-10-05 07:14:14.199][14][debug][client] [source/common/http/codec_client.cc:137] [Tags: "ConnectionId":"6"] response complete
[2026-10-05 07:14:14.199][14][debug][router] [source/common/router/router.cc:1153] Executing cleanup(): resetting retry_state_ and disabling timers
[2026-10-05 07:14:14.199][14][debug][http] [source/common/http/conn_manager_impl.cc:2063] [Tags: "ConnectionId":"5527","StreamId":"14647948564273689196"] Codec completed encoding stream.
[2026-10-05 07:14:14.199][14][debug][router] [source/common/router/router.cc:1153] Executing cleanup(): resetting retry_state_ and disabling timers
[2026-10-05 07:14:14.199][14][debug][pool] [source/common/http/http1/conn_pool.cc:61] [Tags: "ConnectionId":"6"] response complete
[2026-10-05 07:14:14.199][14][debug][pool] [source/common/conn_pool/conn_pool_base.cc:282] [Tags: "ConnectionId":"6"] destroying stream: 0 active remaining, readyForStream false, currentUnusedCapacity 1
[2026-10-05 07:14:14.200][14][debug][router] [source/common/router/router.cc:1700] [Tags: "ConnectionId":"5523","StreamId":"10896186158219673361"] upstream headers complete: end_stream=false
[2026-10-05 07:14:14.200][14][debug][lua] [source/extensions/filters/common/lua/lua.cc:23] script log: completed GET /users/usr-46803 status=200
[2026-10-05 07:14:14.200][14][debug][lua] [source/extensions/filters/common/lua/lua.cc:67] coroutine finished
[2026-10-05 07:14:14.200][14][debug][http] [source/common/http/conn_manager_impl.cc:1948] [Tags: "ConnectionId":"5523","StreamId":"10896186158219673361"] encoding headers via codec (end_stream=false):
':status', '200'
'content-type', 'application/json'
'date', 'Mon, 05 Oct 2026 07:14:14 GMT'
'content-length', '32'
'x-envoy-upstream-service-time', '1'
'server', 'envoy'

[2026-10-05 07:14:14.200][14][debug][client] [source/common/http/codec_client.cc:137] [Tags: "ConnectionId":"23"] response complete
[2026-10-05 07:14:14.200][14][debug][router] [source/common/router/router.cc:1153] Executing cleanup(): resetting retry_state_ and disabling timers
[2026-10-05 07:14:14.200][14][debug][http] [source/common/http/conn_manager_impl.cc:2063] [Tags: "ConnectionId":"5523","StreamId":"10896186158219673361"] Codec completed encoding stream.
[2026-10-05 07:14:14.200][14][debug][router] [source/common/router/router.cc:1153] Executing cleanup(): resetting retry_state_ and disabling timers
[2026-10-05 07:14:14.200][14][debug][pool] [source/common/http/http1/conn_pool.cc:61] [Tags: "ConnectionId":"23"] response complete
[2026-10-05 07:14:14.200][14][debug][pool] [source/common/conn_pool/conn_pool_base.cc:282] [Tags: "ConnectionId":"23"] destroying stream: 0 active remaining, readyForStream false, currentUnusedCapacity 1
[2026-10-05 07:14:14.200][14][debug][router] [source/common/router/router.cc:1700] [Tags: "ConnectionId":"5530","StreamId":"4845552007534548470"] upstream headers complete: end_stream=false
[2026-10-05 07:14:14.200][14][debug][lua] [source/extensions/filters/common/lua/lua.cc:23] script log: completed GET /payments/pay-29153 status=200
[2026-10-05 07:14:14.200][14][debug][lua] [source/extensions/filters/common/lua/lua.cc:67] coroutine finished
[2026-10-05 07:14:14.200][14][debug][http] [source/common/http/conn_manager_impl.cc:1948] [Tags: "ConnectionId":"5530","StreamId":"4845552007534548470"] encoding headers via codec (end_stream=false):
':status', '200'
'content-type', 'application/json'
'date', 'Mon, 05 Oct 2026 07:14:14 GMT'
'content-length', '32'
'x-envoy-upstream-service-time', '1'
'server', 'envoy'

[2026-10-05 07:14:14.200][14][debug][client] [source/common/http/codec_client.cc:137] [Tags: "ConnectionId":"1"] response complete
[2026-10-05 07:14:14.200][14][debug][router] [source/common/router/router.cc:1153] Executing cleanup(): resetting retry_state_ and disabling timers
[2026-10-05 07:14:14.200][14][debug][http] [source/common/http/conn_manager_impl.cc:2063] [Tags: "ConnectionId":"5530","StreamId":"4845552007534548470"] Codec completed encoding stream.
[2026-10-05 07:14:14.200][14][debug][router] [source/common/router/router.cc:1153] Executing cleanup(): resetting retry_state_ and disabling timers
[2026-10-05 07:14:14.200][14][debug][pool] [source/common/http/http1/conn_pool.cc:61] [Tags: "ConnectionId":"1"] response complete
[2026-10-05 07:14:14.200][14][debug][pool] [source/common/conn_pool/conn_pool_base.cc:282] [Tags: "ConnectionId":"1"] destroying stream: 0 active remaining, readyForStream false, currentUnusedCapacity 1
[2026-10-05 07:14:14.200][14][debug][client] [source/common/http/codec_client.cc:137] [Tags: "ConnectionId":"11"] response complete
[2026-10-05 07:14:14.200][14][debug][router] [source/common/router/router.cc:1700] [Tags: "ConnectionId":"5508","StreamId":"17318800231002049569"] upstream headers complete: end_stream=true
[2026-10-05 07:14:14.200][14][debug][router] [source/common/router/router.cc:1153] Executing cleanup(): resetting retry_state_ and disabling timers
[2026-10-05 07:14:14.200][14][debug][lua] [source/extensions/filters/common/lua/lua.cc:23] script log: completed OPTIONS /bookings status=204
[2026-10-05 07:14:14.200][14][debug][lua] [source/extensions/filters/common/lua/lua.cc:67] coroutine finished
[2026-10-05 07:14:14.200][14][debug][http] [source/common/http/conn_manager_impl.cc:1948] [Tags: "ConnectionId":"5508","StreamId":"17318800231002049569"] encoding headers via codec (end_stream=true):
':status', '204'
'access-control-allow-methods', 'GET, OPTIONS'
'allow', 'GET, OPTIONS'
'date', 'Mon, 05 Oct 2026 07:14:14 GMT'
'x-envoy-upstream-service-time', '1'
'server', 'envoy'

[2026-10-05 07:14:14.200][14][debug][http] [source/common/http/conn_manager_impl.cc:2063] [Tags: "ConnectionId":"5508","StreamId":"17318800231002049569"] Codec completed encoding stream.
[2026-10-05 07:14:14.200][14][debug][router] [source/common/router/router.cc:1153] Executing cleanup(): resetting retry_state_ and disabling timers
[2026-10-05 07:14:14.200][14][debug][pool] [source/common/http/http1/conn_pool.cc:61] [Tags: "ConnectionId":"11"] response complete
[2026-10-05 07:14:14.200][14][debug][pool] [source/common/conn_pool/conn_pool_base.cc:282] [Tags: "ConnectionId":"11"] destroying stream: 0 active remaining, readyForStream false, currentUnusedCapacity 1
[2026-10-05 07:14:14.200][14][debug][router] [source/common/router/router.cc:1700] [Tags: "ConnectionId":"5506","StreamId":"11213738393295546769"] upstream headers complete: end_stream=false
[2026-10-05 07:14:14.200][14][debug][lua] [source/extensions/filters/common/lua/lua.cc:23] script log: completed POST /payments status=200
[2026-10-05 07:14:14.200][14][debug][lua] [source/extensions/filters/common/lua/lua.cc:67] coroutine finished
[2026-10-05 07:14:14.200][14][debug][http] [source/common/http/conn_manager_impl.cc:1948] [Tags: "ConnectionId":"5506","StreamId":"11213738393295546769"] encoding headers via codec (end_stream=false):
':status', '200'
'content-type', 'application/json'
'date', 'Mon, 05 Oct 2026 07:14:14 GMT'
'content-length', '15'
'x-envoy-upstream-service-time', '1'
'server', 'envoy'

[2026-10-05 07:14:14.200][14][debug][client] [source/common/http/codec_client.cc:137] [Tags: "ConnectionId":"1749"] response complete
[2026-10-05 07:14:14.200][14][debug][router] [source/common/router/router.cc:1153] Executing cleanup(): resetting retry_state_ and disabling timers
[2026-10-05 07:14:14.200][14][debug][http] [source/common/http/conn_manager_impl.cc:2063] [Tags: "ConnectionId":"5506","StreamId":"11213738393295546769"] Codec completed encoding stream.
[2026-10-05 07:14:14.200][14][debug][router] [source/common/router/router.cc:1153] Executing cleanup(): resetting retry_state_ and disabling timers
[2026-10-05 07:14:14.200][14][debug][pool] [source/common/http/http1/conn_pool.cc:61] [Tags: "ConnectionId":"1749"] response complete
[2026-10-05 07:14:14.200][14][debug][pool] [source/common/conn_pool/conn_pool_base.cc:282] [Tags: "ConnectionId":"1749"] destroying stream: 0 active remaining, readyForStream false, currentUnusedCapacity 1
[2026-10-05 07:14:14.200][14][debug][router] [source/common/router/router.cc:1700] [Tags: "ConnectionId":"5520","StreamId":"254378206778996608"] upstream headers complete: end_stream=false
[2026-10-05 07:14:14.200][14][debug][lua] [source/extensions/filters/common/lua/lua.cc:23] script log: completed GET /users/usr-44218 status=200
[2026-10-05 07:14:14.200][14][debug][lua] [source/extensions/filters/common/lua/lua.cc:67] coroutine finished
[2026-10-05 07:14:14.200][14][debug][http] [source/common/http/conn_manager_impl.cc:1948] [Tags: "ConnectionId":"5520","StreamId":"254378206778996608"] encoding headers via codec (end_stream=false):
':status', '200'
'content-type', 'application/json'
'date', 'Mon, 05 Oct 2026 07:14:14 GMT'
'content-length', '32'
'x-envoy-upstream-service-time', '1'
'server', 'envoy'

[2026-10-05 07:14:14.200][14][debug][client] [source/common/http/codec_client.cc:137] [Tags: "ConnectionId":"8"] response complete
[2026-10-05 07:14:14.200][14][debug][router] [source/common/router/router.cc:1153] Executing cleanup(): resetting retry_state_ and disabling timers
[2026-10-05 07:14:14.200][14][debug][http] [source/common/http/conn_manager_impl.cc:2063] [Tags: "ConnectionId":"5520","StreamId":"254378206778996608"] Codec completed encoding stream.
[2026-10-05 07:14:14.200][14][debug][router] [source/common/router/router.cc:1153] Executing cleanup(): resetting retry_state_ and disabling timers
[2026-10-05 07:14:14.200][14][debug][pool] [source/common/http/http1/conn_pool.cc:61] [Tags: "ConnectionId":"8"] response complete
[2026-10-05 07:14:14.200][14][debug][pool] [source/common/conn_pool/conn_pool_base.cc:282] [Tags: "ConnectionId":"8"] destroying stream: 0 active remaining, readyForStream false, currentUnusedCapacity 1
[2026-10-05 07:14:14.200][14][debug][router] [source/common/router/router.cc:1700] [Tags: "ConnectionId":"5521","StreamId":"16282726572489734678"] upstream headers complete: end_stream=false
[2026-10-05 07:14:14.200][14][debug][lua] [source/extensions/filters/common/lua/lua.cc:23] script log: completed PUT /order/ord-79475 status=200
[2026-10-05 07:14:14.200][14][debug][lua] [source/extensions/filters/common/lua/lua.cc:67] coroutine finished
[2026-10-05 07:14:14.200][14][debug][http] [source/common/http/conn_manager_impl.cc:1948] [Tags: "ConnectionId":"5521","StreamId":"16282726572489734678"] encoding headers via codec (end_stream=false):
':status', '200'
'content-type', 'application/json'
'date', 'Mon, 05 Oct 2026 07:14:14 GMT'
'content-length', '37'
'x-envoy-upstream-service-time', '1'
'server', 'envoy'

[2026-10-05 07:14:14.200][14][debug][client] [source/common/http/codec_client.cc:137] [Tags: "ConnectionId":"1746"] response complete
[2026-10-05 07:14:14.200][14][debug][router] [source/common/router/router.cc:1153] Executing cleanup(): resetting retry_state_ and disabling timers
[2026-10-05 07:14:14.200][14][debug][http] [source/common/http/conn_manager_impl.cc:2063] [Tags: "ConnectionId":"5521","StreamId":"16282726572489734678"] Codec completed encoding stream.
[2026-10-05 07:14:14.200][14][debug][router] [source/common/router/router.cc:1153] Executing cleanup(): resetting retry_state_ and disabling timers
[2026-10-05 07:14:14.200][14][debug][pool] [source/common/http/http1/conn_pool.cc:61] [Tags: "ConnectionId":"1746"] response complete
[2026-10-05 07:14:14.200][14][debug][pool] [source/common/conn_pool/conn_pool_base.cc:282] [Tags: "ConnectionId":"1746"] destroying stream: 0 active remaining, readyForStream false, currentUnusedCapacity 1
[2026-10-05 07:14:14.200][14][debug][router] [source/common/router/router.cc:1700] [Tags: "ConnectionId":"5526","StreamId":"1578442788961204204"] upstream headers complete: end_stream=false
[2026-10-05 07:14:14.200][14][debug][lua] [source/extensions/filters/common/lua/lua.cc:23] script log: completed POST /foods/data status=200
[2026-10-05 07:14:14.200][14][debug][lua] [source/extensions/filters/common/lua/lua.cc:67] coroutine finished
[2026-10-05 07:14:14.200][14][debug][http] [source/common/http/conn_manager_impl.cc:1948] [Tags: "ConnectionId":"5526","StreamId":"1578442788961204204"] encoding headers via codec (end_stream=false):
':status', '200'
'content-type', 'application/json'
'date', 'Mon, 05 Oct 2026 07:14:14 GMT'
'content-length', '15'
'x-envoy-upstream-service-time', '1'
'server', 'envoy'

[2026-10-05 07:14:14.200][14][debug][client] [source/common/http/codec_client.cc:137] [Tags: "ConnectionId":"1750"] response complete
[2026-10-05 07:14:14.200][14][debug][router] [source/common/router/router.cc:1153] Executing cleanup(): resetting retry_state_ and disabling timers
[2026-10-05 07:14:14.200][14][debug][http] [source/common/http/conn_manager_impl.cc:2063] [Tags: "ConnectionId":"5526","StreamId":"1578442788961204204"] Codec completed encoding stream.
[2026-10-05 07:14:14.200][14][debug][router] [source/common/router/router.cc:1153] Executing cleanup(): resetting retry_state_ and disabling timers
[2026-10-05 07:14:14.200][14][debug][pool] [source/common/http/http1/conn_pool.cc:61] [Tags: "ConnectionId":"1750"] response complete
[2026-10-05 07:14:14.200][14][debug][pool] [source/common/conn_pool/conn_pool_base.cc:282] [Tags: "ConnectionId":"1750"] destroying stream: 0 active remaining, readyForStream false, currentUnusedCapacity 1
[2026-10-05 07:14:14.200][14][debug][router] [source/common/router/router.cc:1700] [Tags: "ConnectionId":"5531","StreamId":"278260281071580970"] upstream headers complete: end_stream=false
[2026-10-05 07:14:14.200][14][debug][lua] [source/extensions/filters/common/lua/lua.cc:23] script log: completed GET /bookings/bk-43318 status=200
[2026-10-05 07:14:14.200][14][debug][lua] [source/extensions/filters/common/lua/lua.cc:67] coroutine finished
[2026-10-05 07:14:14.200][14][debug][http] [source/common/http/conn_manager_impl.cc:1948] [Tags: "ConnectionId":"5531","StreamId":"278260281071580970"] encoding headers via codec (end_stream=false):
':status', '200'
'content-type', 'application/json'
'date', 'Mon, 05 Oct 2026 07:14:14 GMT'
'content-length', '31'
'x-envoy-upstream-service-time', '1'
'server', 'envoy'

[2026-10-05 07:14:14.200][14][debug][client] [source/common/http/codec_client.cc:137] [Tags: "ConnectionId":"19"] response complete
[2026-10-05 07:14:14.200][14][debug][router] [source/common/router/router.cc:1153] Executing cleanup(): resetting retry_state_ and disabling timers
[2026-10-05 07:14:14.200][14][debug][http] [source/common/http/conn_manager_impl.cc:2063] [Tags: "ConnectionId":"5531","StreamId":"278260281071580970"] Codec completed encoding stream.
[2026-10-05 07:14:14.200][14][debug][router] [source/common/router/router.cc:1153] Executing cleanup(): resetting retry_state_ and disabling timers
[2026-10-05 07:14:14.200][14][debug][pool] [source/common/http/http1/conn_pool.cc:61] [Tags: "ConnectionId":"19"] response complete
[2026-10-05 07:14:14.200][14][debug][pool] [source/common/conn_pool/conn_pool_base.cc:282] [Tags: "ConnectionId":"19"] destroying stream: 0 active remaining, readyForStream false, currentUnusedCapacity 1
[2026-10-05 07:14:14.200][14][debug][router] [source/common/router/router.cc:1700] [Tags: "ConnectionId":"5525","StreamId":"16630717778602680290"] upstream headers complete: end_stream=false
[2026-10-05 07:14:14.200][14][debug][lua] [source/extensions/filters/http/lua/lua_filter.cc:569] yielding for full body
[2026-10-05 07:14:14.200][14][debug][lua] [source/extensions/filters/common/lua/lua.cc:70] coroutine yielded
[2026-10-05 07:14:14.200][14][debug][client] [source/common/http/codec_client.cc:137] [Tags: "ConnectionId":"21"] response complete
[2026-10-05 07:14:14.200][14][debug][router] [source/common/router/router.cc:1153] Executing cleanup(): resetting retry_state_ and disabling timers
[2026-10-05 07:14:14.200][14][debug][lua] [source/extensions/filters/http/lua/lua_filter.cc:280] resuming body due to end stream
[2026-10-05 07:14:14.200][14][error][lua] [source/extensions/filters/common/lua/lua.cc:32] script log: POST /payments status=500 reason=charge rejected by gateway
reason: charge rejected by gateway
goroutine 10 [running]:
runtime/debug.Stack()
	runtime/debug/stack.go:26 +0x64
main.(*handler).fail(0x5b2543e140c0, {0x2e9060, 0x5b2543fe44b0}, {0x5b2543f83530, 0x4}, {0x5b2543f83535, 0x9})
	envoy-log-generator/cmd/backend/main.go:169 +0x4c
main.(*handler).ServeHTTP(0x5b2543e140c0, {0x2e9060, 0x5b2543fe44b0}, 0x5b2543fdd2c0)
	envoy-log-generator/cmd/backend/main.go:111 +0x690
net/http.serverHandler.ServeHTTP({0x2e7ed0?}, {0x2e9060?, 0x5b2543fe44b0?}, 0x1?)
	net/http/server.go:3311 +0xb0
net/http.(*conn).serve(0x5b2543dce360, {0x2e96d0, 0x5b2543e1c240})
	net/http/server.go:2067 +0x55c
created by net/http.(*Server).Serve in goroutine 1
	net/http/server.go:3464 +0x37c
[2026-10-05 07:14:14.200][14][debug][lua] [source/extensions/filters/common/lua/lua.cc:67] coroutine finished
[2026-10-05 07:14:14.200][14][debug][http] [source/common/http/conn_manager_impl.cc:1948] [Tags: "ConnectionId":"5525","StreamId":"16630717778602680290"] encoding headers via codec (end_stream=false):
':status', '500'
'content-type', 'text/plain; charset=utf-8'
'date', 'Mon, 05 Oct 2026 07:14:14 GMT'
'content-length', '708'
'x-envoy-upstream-service-time', '1'
'server', 'envoy'

[2026-10-05 07:14:14.200][14][debug][http] [source/common/http/conn_manager_impl.cc:2063] [Tags: "ConnectionId":"5525","StreamId":"16630717778602680290"] Codec completed encoding stream.
[2026-10-05 07:14:14.200][14][debug][router] [source/common/router/router.cc:1153] Executing cleanup(): resetting retry_state_ and disabling timers
[2026-10-05 07:14:14.200][14][debug][pool] [source/common/http/http1/conn_pool.cc:61] [Tags: "ConnectionId":"21"] response complete
[2026-10-05 07:14:14.200][14][debug][pool] [source/common/conn_pool/conn_pool_base.cc:282] [Tags: "ConnectionId":"21"] destroying stream: 0 active remaining, readyForStream false, currentUnusedCapacity 1
[2026-10-05 07:14:14.200][14][debug][router] [source/common/router/router.cc:1700] [Tags: "ConnectionId":"5470","StreamId":"8175198130675884643"] upstream headers complete: end_stream=false
[2026-10-05 07:14:14.200][14][debug][lua] [source/extensions/filters/common/lua/lua.cc:23] script log: completed PUT /order/ord-94278 status=200
[2026-10-05 07:14:14.200][14][debug][lua] [source/extensions/filters/common/lua/lua.cc:67] coroutine finished
[2026-10-05 07:14:14.200][14][debug][http] [source/common/http/conn_manager_impl.cc:1948] [Tags: "ConnectionId":"5470","StreamId":"8175198130675884643"] encoding headers via codec (end_stream=false):
':status', '200'
'content-type', 'application/json'
'date', 'Mon, 05 Oct 2026 07:14:14 GMT'
'content-length', '37'
'x-envoy-upstream-service-time', '1'
'server', 'envoy'

[2026-10-05 07:14:14.200][14][debug][client] [source/common/http/codec_client.cc:137] [Tags: "ConnectionId":"13"] response complete
[2026-10-05 07:14:14.200][14][debug][router] [source/common/router/router.cc:1153] Executing cleanup(): resetting retry_state_ and disabling timers
[2026-10-05 07:14:14.200][14][debug][http] [source/common/http/conn_manager_impl.cc:2063] [Tags: "ConnectionId":"5470","StreamId":"8175198130675884643"] Codec completed encoding stream.
[2026-10-05 07:14:14.200][14][debug][router] [source/common/router/router.cc:1153] Executing cleanup(): resetting retry_state_ and disabling timers
[2026-10-05 07:14:14.200][14][debug][pool] [source/common/http/http1/conn_pool.cc:61] [Tags: "ConnectionId":"13"] response complete
[2026-10-05 07:14:14.200][14][debug][pool] [source/common/conn_pool/conn_pool_base.cc:282] [Tags: "ConnectionId":"13"] destroying stream: 0 active remaining, readyForStream false, currentUnusedCapacity 1
[2026-10-05 07:14:14.200][14][debug][router] [source/common/router/router.cc:1700] [Tags: "ConnectionId":"5496","StreamId":"9927166074079921021"] upstream headers complete: end_stream=false
[2026-10-05 07:14:14.200][14][debug][lua] [source/extensions/filters/common/lua/lua.cc:23] script log: completed POST /foods/data status=200
[2026-10-05 07:14:14.200][14][debug][lua] [source/extensions/filters/common/lua/lua.cc:67] coroutine finished
[2026-10-05 07:14:14.200][14][debug][http] [source/common/http/conn_manager_impl.cc:1948] [Tags: "ConnectionId":"5496","StreamId":"9927166074079921021"] encoding headers via codec (end_stream=false):
':status', '200'
'content-type', 'application/json'
'date', 'Mon, 05 Oct 2026 07:14:14 GMT'
'content-length', '15'
'x-envoy-upstream-service-time', '2'
'server', 'envoy'

[2026-10-05 07:14:14.200][14][debug][client] [source/common/http/codec_client.cc:137] [Tags: "ConnectionId":"1751"] response complete
[2026-10-05 07:14:14.200][14][debug][router] [source/common/router/router.cc:1153] Executing cleanup(): resetting retry_state_ and disabling timers
[2026-10-05 07:14:14.200][14][debug][http] [source/common/http/conn_manager_impl.cc:2063] [Tags: "ConnectionId":"5496","StreamId":"9927166074079921021"] Codec completed encoding stream.
[2026-10-05 07:14:14.200][14][debug][router] [source/common/router/router.cc:1153] Executing cleanup(): resetting retry_state_ and disabling timers
[2026-10-05 07:14:14.200][14][debug][pool] [source/common/http/http1/conn_pool.cc:61] [Tags: "ConnectionId":"1751"] response complete
[2026-10-05 07:14:14.200][14][debug][pool] [source/common/conn_pool/conn_pool_base.cc:282] [Tags: "ConnectionId":"1751"] destroying stream: 0 active remaining, readyForStream false, currentUnusedCapacity 1
[2026-10-05 07:14:14.200][14][debug][router] [source/common/router/router.cc:1700] [Tags: "ConnectionId":"5529","StreamId":"14082683886984683154"] upstream headers complete: end_stream=false
[2026-10-05 07:14:14.200][14][debug][lua] [source/extensions/filters/common/lua/lua.cc:23] script log: completed POST /booking status=200
[2026-10-05 07:14:14.200][14][debug][lua] [source/extensions/filters/common/lua/lua.cc:67] coroutine finished
[2026-10-05 07:14:14.200][14][debug][http] [source/common/http/conn_manager_impl.cc:1948] [Tags: "ConnectionId":"5529","StreamId":"14082683886984683154"] encoding headers via codec (end_stream=false):
':status', '200'
'content-type', 'application/json'
'date', 'Mon, 05 Oct 2026 07:14:14 GMT'
'content-length', '15'
'x-envoy-upstream-service-time', '1'
'server', 'envoy'

[2026-10-05 07:14:14.200][14][debug][client] [source/common/http/codec_client.cc:137] [Tags: "ConnectionId":"1752"] response complete
[2026-10-05 07:14:14.200][14][debug][router] [source/common/router/router.cc:1153] Executing cleanup(): resetting retry_state_ and disabling timers
[2026-10-05 07:14:14.200][14][debug][http] [source/common/http/conn_manager_impl.cc:2063] [Tags: "ConnectionId":"5529","StreamId":"14082683886984683154"] Codec completed encoding stream.
[2026-10-05 07:14:14.200][14][debug][router] [source/common/router/router.cc:1153] Executing cleanup(): resetting retry_state_ and disabling timers
[2026-10-05 07:14:14.200][14][debug][pool] [source/common/http/http1/conn_pool.cc:61] [Tags: "ConnectionId":"1752"] response complete
[2026-10-05 07:14:14.200][14][debug][pool] [source/common/conn_pool/conn_pool_base.cc:282] [Tags: "ConnectionId":"1752"] destroying stream: 0 active remaining, readyForStream false, currentUnusedCapacity 1
[2026-10-05 07:14:14.200][14][debug][client] [source/common/http/codec_client.cc:137] [Tags: "ConnectionId":"1748"] response complete
[2026-10-05 07:14:14.200][14][debug][router] [source/common/router/router.cc:1700] [Tags: "ConnectionId":"5515","StreamId":"10365699153057700412"] upstream headers complete: end_stream=true
[2026-10-05 07:14:14.200][14][debug][router] [source/common/router/router.cc:1153] Executing cleanup(): resetting retry_state_ and disabling timers
[2026-10-05 07:14:14.200][14][debug][lua] [source/extensions/filters/common/lua/lua.cc:23] script log: completed OPTIONS /bookings status=204
[2026-10-05 07:14:14.200][14][debug][lua] [source/extensions/filters/common/lua/lua.cc:67] coroutine finished
[2026-10-05 07:14:14.200][14][debug][http] [source/common/http/conn_manager_impl.cc:1948] [Tags: "ConnectionId":"5515","StreamId":"10365699153057700412"] encoding headers via codec (end_stream=true):
':status', '204'
'access-control-allow-methods', 'GET, OPTIONS'
'allow', 'GET, OPTIONS'
'date', 'Mon, 05 Oct 2026 07:14:14 GMT'
'x-envoy-upstream-service-time', '1'
'server', 'envoy'

[2026-10-05 07:14:14.200][14][debug][http] [source/common/http/conn_manager_impl.cc:2063] [Tags: "ConnectionId":"5515","StreamId":"10365699153057700412"] Codec completed encoding stream.
[2026-10-05 07:14:14.200][14][debug][router] [source/common/router/router.cc:1153] Executing cleanup(): resetting retry_state_ and disabling timers
[2026-10-05 07:14:14.200][14][debug][pool] [source/common/http/http1/conn_pool.cc:61] [Tags: "ConnectionId":"1748"] response complete
[2026-10-05 07:14:14.200][14][debug][pool] [source/common/conn_pool/conn_pool_base.cc:282] [Tags: "ConnectionId":"1748"] destroying stream: 0 active remaining, readyForStream false, currentUnusedCapacity 1
[2026-10-05 07:14:14.200][14][debug][router] [source/common/router/router.cc:1700] [Tags: "ConnectionId":"5528","StreamId":"16079854951976918611"] upstream headers complete: end_stream=false
[2026-10-05 07:14:14.200][14][debug][lua] [source/extensions/filters/common/lua/lua.cc:23] script log: completed POST /booking status=200
[2026-10-05 07:14:14.200][14][debug][lua] [source/extensions/filters/common/lua/lua.cc:67] coroutine finished
[2026-10-05 07:14:14.200][14][debug][http] [source/common/http/conn_manager_impl.cc:1948] [Tags: "ConnectionId":"5528","StreamId":"16079854951976918611"] encoding headers via codec (end_stream=false):
':status', '200'
'content-type', 'application/json'
'date', 'Mon, 05 Oct 2026 07:14:14 GMT'
'content-length', '15'
'x-envoy-upstream-service-time', '2'
'server', 'envoy'

[2026-10-05 07:14:14.200][14][debug][client] [source/common/http/codec_client.cc:137] [Tags: "ConnectionId":"2"] response complete
[2026-10-05 07:14:14.200][14][debug][router] [source/common/router/router.cc:1153] Executing cleanup(): resetting retry_state_ and disabling timers
[2026-10-05 07:14:14.200][14][debug][http] [source/common/http/conn_manager_impl.cc:2063] [Tags: "ConnectionId":"5528","StreamId":"16079854951976918611"] Codec completed encoding stream.
[2026-10-05 07:14:14.200][14][debug][router] [source/common/router/router.cc:1153] Executing cleanup(): resetting retry_state_ and disabling timers
[2026-10-05 07:14:14.200][14][debug][pool] [source/common/http/http1/conn_pool.cc:61] [Tags: "ConnectionId":"2"] response complete
[2026-10-05 07:14:14.200][14][debug][pool] [source/common/conn_pool/conn_pool_base.cc:282] [Tags: "ConnectionId":"2"] destroying stream: 0 active remaining, readyForStream false, currentUnusedCapacity 1
[2026-10-05 07:14:14.200][14][debug][router] [source/common/router/router.cc:1700] [Tags: "ConnectionId":"5507","StreamId":"16379620162197680929"] upstream headers complete: end_stream=false
[2026-10-05 07:14:14.200][14][debug][lua] [source/extensions/filters/common/lua/lua.cc:23] script log: completed GET /bookings/bk-36010 status=200
[2026-10-05 07:14:14.200][14][debug][lua] [source/extensions/filters/common/lua/lua.cc:67] coroutine finished
[2026-10-05 07:14:14.200][14][debug][http] [source/common/http/conn_manager_impl.cc:1948] [Tags: "ConnectionId":"5507","StreamId":"16379620162197680929"] encoding headers via codec (end_stream=false):
':status', '200'
'content-type', 'application/json'
'date', 'Mon, 05 Oct 2026 07:14:14 GMT'
'content-length', '31'
'x-envoy-upstream-service-time', '2'
'server', 'envoy'

[2026-10-05 07:14:14.200][14][debug][client] [source/common/http/codec_client.cc:137] [Tags: "ConnectionId":"17"] response complete
[2026-10-05 07:14:14.200][14][debug][router] [source/common/router/router.cc:1153] Executing cleanup(): resetting retry_state_ and disabling timers
[2026-10-05 07:14:14.200][14][debug][http] [source/common/http/conn_manager_impl.cc:2063] [Tags: "ConnectionId":"5507","StreamId":"16379620162197680929"] Codec completed encoding stream.
[2026-10-05 07:14:14.200][14][debug][router] [source/common/router/router.cc:1153] Executing cleanup(): resetting retry_state_ and disabling timers
[2026-10-05 07:14:14.200][14][debug][pool] [source/common/http/http1/conn_pool.cc:61] [Tags: "ConnectionId":"17"] response complete
[2026-10-05 07:14:14.200][14][debug][pool] [source/common/conn_pool/conn_pool_base.cc:282] [Tags: "ConnectionId":"17"] destroying stream: 0 active remaining, readyForStream false, currentUnusedCapacity 1
[2026-10-05 07:14:14.215][14][debug][http] [source/common/http/conn_manager_impl.cc:394] [Tags: "ConnectionId":"5515"] new stream
[2026-10-05 07:14:14.215][14][debug][http] [source/common/http/conn_manager_impl.cc:1291] [Tags: "ConnectionId":"5515","StreamId":"5855676854858390364"] request headers complete (end_stream=true):
':authority', 'envoy:10000'
':path', '/bookings'
':method', 'OPTIONS'
'user-agent', 'Go-http-client/1.1'

[2026-10-05 07:14:14.215][14][debug][http] [source/common/http/conn_manager_impl.cc:1274] [Tags: "ConnectionId":"5515","StreamId":"5855676854858390364"] request end stream timestamp recorded
[2026-10-05 07:14:14.215][14][debug][connection] [./source/common/network/connection_impl.h:101] [Tags: "ConnectionId":"5515"] current connecting state: false
[2026-10-05 07:14:14.215][14][info][lua] [source/extensions/filters/common/lua/lua.cc:26] script log: accepted OPTIONS /bookings
[2026-10-05 07:14:14.215][14][debug][lua] [source/extensions/filters/common/lua/lua.cc:67] coroutine finished
[2026-10-05 07:14:14.215][14][debug][router] [source/common/router/router.cc:537] [Tags: "ConnectionId":"5515","StreamId":"5855676854858390364"] cluster 'booking' match for URL '/bookings'
[2026-10-05 07:14:14.215][14][debug][router] [source/common/router/router.cc:812] [Tags: "ConnectionId":"5515","StreamId":"5855676854858390364"] router decoding headers:
':authority', 'envoy:10000'
':path', '/bookings'
':method', 'OPTIONS'
':scheme', 'http'
'user-agent', 'Go-http-client/1.1'
'x-forwarded-proto', 'http'
'x-request-id', '0e83e8e6-f1b1-4f42-80bc-37f5e0bb47fa'
'x-envoy-expected-rq-timeout-ms', '3000'

[2026-10-05 07:14:14.215][14][debug][pool] [source/common/conn_pool/conn_pool_base.cc:330] [Tags: "ConnectionId":"17"] using existing fully connected connection
[2026-10-05 07:14:14.215][14][debug][pool] [source/common/conn_pool/conn_pool_base.cc:247] [Tags: "ConnectionId":"17"] creating stream
[2026-10-05 07:14:14.215][14][debug][router] [source/common/router/upstream_request.cc:606] [Tags: "ConnectionId":"5515","StreamId":"5855676854858390364"] pool ready
[2026-10-05 07:14:14.215][14][debug][client] [source/common/http/codec_client.cc:150] [Tags: "ConnectionId":"17"] encode complete
[2026-10-05 07:14:14.215][14][debug][http] [source/common/http/conn_manager_impl.cc:394] [Tags: "ConnectionId":"5507"] new stream
[2026-10-05 07:14:14.215][14][debug][http] [source/common/http/conn_manager_impl.cc:1291] [Tags: "ConnectionId":"5507","StreamId":"4172597252899259953"] request headers complete (end_stream=false):
':authority', 'envoy:10000'
':path', '/booking'
':method', 'POST'
'user-agent', 'Go-http-client/1.1'
'content-length', '58'
'content-type', 'application/json'

[2026-10-05 07:14:14.215][14][debug][connection] [./source/common/network/connection_impl.h:101] [Tags: "ConnectionId":"5507"] current connecting state: false
[2026-10-05 07:14:14.215][14][info][lua] [source/extensions/filters/common/lua/lua.cc:26] script log: accepted POST /booking
[2026-10-05 07:14:14.215][14][debug][lua] [source/extensions/filters/common/lua/lua.cc:67] coroutine finished
[2026-10-05 07:14:14.215][14][debug][router] [source/common/router/router.cc:537] [Tags: "ConnectionId":"5507","StreamId":"4172597252899259953"] cluster 'booking' match for URL '/booking'
[2026-10-05 07:14:14.215][14][debug][router] [source/common/router/router.cc:812] [Tags: "ConnectionId":"5507","StreamId":"4172597252899259953"] router decoding headers:
':authority', 'envoy:10000'
':path', '/booking'
':method', 'POST'
':scheme', 'http'
'user-agent', 'Go-http-client/1.1'
'content-length', '58'
'content-type', 'application/json'
'x-forwarded-proto', 'http'
'x-request-id', '9375653b-8c3a-4001-9aed-d9144765c407'
'x-envoy-expected-rq-timeout-ms', '3000'

[2026-10-05 07:14:14.215][14][debug][pool] [source/common/conn_pool/conn_pool_base.cc:330] [Tags: "ConnectionId":"2"] using existing fully connected connection
[2026-10-05 07:14:14.215][14][debug][pool] [source/common/conn_pool/conn_pool_base.cc:247] [Tags: "ConnectionId":"2"] creating stream
[2026-10-05 07:14:14.215][14][debug][router] [source/common/router/upstream_request.cc:606] [Tags: "ConnectionId":"5507","StreamId":"4172597252899259953"] pool ready
[2026-10-05 07:14:14.215][14][debug][router] [source/common/router/router.cc:993] [Tags: "ConnectionId":"5507","StreamId":"4172597252899259953"] router decoding data: 58
[2026-10-05 07:14:14.215][14][debug][http] [source/common/http/conn_manager_impl.cc:1274] [Tags: "ConnectionId":"5507","StreamId":"4172597252899259953"] request end stream timestamp recorded
[2026-10-05 07:14:14.215][14][debug][router] [source/common/router/router.cc:993] [Tags: "ConnectionId":"5507","StreamId":"4172597252899259953"] router decoding data: 0
[2026-10-05 07:14:14.215][14][debug][client] [source/common/http/codec_client.cc:150] [Tags: "ConnectionId":"2"] encode complete
[2026-10-05 07:14:14.215][14][debug][http] [source/common/http/conn_manager_impl.cc:394] [Tags: "ConnectionId":"5528"] new stream
[2026-10-05 07:14:14.215][14][debug][http] [source/common/http/conn_manager_impl.cc:1291] [Tags: "ConnectionId":"5528","StreamId":"14766777661488603583"] request headers complete (end_stream=true):
':authority', 'envoy:10000'
':path', '/bookings/bk-24927'
':method', 'GET'
'user-agent', 'Go-http-client/1.1'

[2026-10-05 07:14:14.215][14][debug][http] [source/common/http/conn_manager_impl.cc:1274] [Tags: "ConnectionId":"5528","StreamId":"14766777661488603583"] request end stream timestamp recorded
[2026-10-05 07:14:14.215][14][debug][connection] [./source/common/network/connection_impl.h:101] [Tags: "ConnectionId":"5528"] current connecting state: false
[2026-10-05 07:14:14.215][14][info][lua] [source/extensions/filters/common/lua/lua.cc:26] script log: accepted GET /bookings/bk-24927
[2026-10-05 07:14:14.215][14][debug][lua] [source/extensions/filters/common/lua/lua.cc:67] coroutine finished
[2026-10-05 07:14:14.215][14][debug][router] [source/common/router/router.cc:537] [Tags: "ConnectionId":"5528","StreamId":"14766777661488603583"] cluster 'booking' match for URL '/bookings/bk-24927'
[2026-10-05 07:14:14.215][14][debug][router] [source/common/router/router.cc:812] [Tags: "ConnectionId":"5528","StreamId":"14766777661488603583"] router decoding headers:
':authority', 'envoy:10000'
':path', '/bookings/bk-24927'
':method', 'GET'
':scheme', 'http'
'user-agent', 'Go-http-client/1.1'
'x-forwarded-proto', 'http'
'x-request-id', '213a7008-45f9-482c-b4d9-6726b64ec594'
'x-envoy-expected-rq-timeout-ms', '3000'

[2026-10-05 07:14:14.215][14][debug][pool] [source/common/conn_pool/conn_pool_base.cc:330] [Tags: "ConnectionId":"1748"] using existing fully connected connection
[2026-10-05 07:14:14.215][14][debug][pool] [source/common/conn_pool/conn_pool_base.cc:247] [Tags: "ConnectionId":"1748"] creating stream
[2026-10-05 07:14:14.215][14][debug][router] [source/common/router/upstream_request.cc:606] [Tags: "ConnectionId":"5528","StreamId":"14766777661488603583"] pool ready
[2026-10-05 07:14:14.215][14][debug][client] [source/common/http/codec_client.cc:150] [Tags: "ConnectionId":"1748"] encode complete
[2026-10-05 07:14:14.215][14][debug][http] [source/common/http/conn_manager_impl.cc:394] [Tags: "ConnectionId":"5525"] new stream
[2026-10-05 07:14:14.215][14][debug][http] [source/common/http/conn_manager_impl.cc:1291] [Tags: "ConnectionId":"5525","StreamId":"14930160649291833147"] request headers complete (end_stream=true):
':authority', 'envoy:10000'
':path', '/payments/pay-70798'
':method', 'GET'
'user-agent', 'Go-http-client/1.1'

[2026-10-05 07:14:14.215][14][debug][http] [source/common/http/conn_manager_impl.cc:1274] [Tags: "ConnectionId":"5525","StreamId":"14930160649291833147"] request end stream timestamp recorded
[2026-10-05 07:14:14.215][14][debug][connection] [./source/common/network/connection_impl.h:101] [Tags: "ConnectionId":"5525"] current connecting state: false
[2026-10-05 07:14:14.215][14][info][lua] [source/extensions/filters/common/lua/lua.cc:26] script log: accepted GET /payments/pay-70798
[2026-10-05 07:14:14.215][14][debug][lua] [source/extensions/filters/common/lua/lua.cc:67] coroutine finished
[2026-10-05 07:14:14.215][14][debug][router] [source/common/router/router.cc:537] [Tags: "ConnectionId":"5525","StreamId":"14930160649291833147"] cluster 'payments' match for URL '/payments/pay-70798'
[2026-10-05 07:14:14.215][14][debug][router] [source/common/router/router.cc:812] [Tags: "ConnectionId":"5525","StreamId":"14930160649291833147"] router decoding headers:
':authority', 'envoy:10000'
':path', '/payments/pay-70798'
':method', 'GET'
':scheme', 'http'
'user-agent', 'Go-http-client/1.1'
'x-forwarded-proto', 'http'
'x-request-id', '0c437ef6-9967-4c18-b929-b4aa654ea613'
'x-envoy-expected-rq-timeout-ms', '3000'

[2026-10-05 07:14:14.215][14][debug][pool] [source/common/conn_pool/conn_pool_base.cc:330] [Tags: "ConnectionId":"21"] using existing fully connected connection
[2026-10-05 07:14:14.215][14][debug][pool] [source/common/conn_pool/conn_pool_base.cc:247] [Tags: "ConnectionId":"21"] creating stream
[2026-10-05 07:14:14.215][14][debug][router] [source/common/router/upstream_request.cc:606] [Tags: "ConnectionId":"5525","StreamId":"14930160649291833147"] pool ready
[2026-10-05 07:14:14.215][14][debug][client] [source/common/http/codec_client.cc:150] [Tags: "ConnectionId":"21"] encode complete
[2026-10-05 07:14:14.215][14][debug][http] [source/common/http/conn_manager_impl.cc:394] [Tags: "ConnectionId":"5530"] new stream
[2026-10-05 07:14:14.215][14][debug][http] [source/common/http/conn_manager_impl.cc:1291] [Tags: "ConnectionId":"5530","StreamId":"16120040448599060878"] request headers complete (end_stream=true):
':authority', 'envoy:10000'
':path', '/bookings/bk-58317'
':method', 'GET'
'user-agent', 'Go-http-client/1.1'

[2026-10-05 07:14:14.215][14][debug][http] [source/common/http/conn_manager_impl.cc:1274] [Tags: "ConnectionId":"5530","StreamId":"16120040448599060878"] request end stream timestamp recorded
[2026-10-05 07:14:14.215][14][debug][connection] [./source/common/network/connection_impl.h:101] [Tags: "ConnectionId":"5530"] current connecting state: false
[2026-10-05 07:14:14.215][14][info][lua] [source/extensions/filters/common/lua/lua.cc:26] script log: accepted GET /bookings/bk-58317
[2026-10-05 07:14:14.215][14][debug][lua] [source/extensions/filters/common/lua/lua.cc:67] coroutine finished
[2026-10-05 07:14:14.215][14][debug][router] [source/common/router/router.cc:537] [Tags: "ConnectionId":"5530","StreamId":"16120040448599060878"] cluster 'booking' match for URL '/bookings/bk-58317'
[2026-10-05 07:14:14.215][14][debug][router] [source/common/router/router.cc:812] [Tags: "ConnectionId":"5530","StreamId":"16120040448599060878"] router decoding headers:
':authority', 'envoy:10000'
':path', '/bookings/bk-58317'
':method', 'GET'
':scheme', 'http'
'user-agent', 'Go-http-client/1.1'
'x-forwarded-proto', 'http'
'x-request-id', '054d529a-70a2-4421-9bcf-f39a09e25340'
'x-envoy-expected-rq-timeout-ms', '3000'

[2026-10-05 07:14:14.215][14][debug][pool] [source/common/conn_pool/conn_pool_base.cc:330] [Tags: "ConnectionId":"1752"] using existing fully connected connection
[2026-10-05 07:14:14.215][14][debug][pool] [source/common/conn_pool/conn_pool_base.cc:247] [Tags: "ConnectionId":"1752"] creating stream
[2026-10-05 07:14:14.215][14][debug][router] [source/common/router/upstream_request.cc:606] [Tags: "ConnectionId":"5530","StreamId":"16120040448599060878"] pool ready
[2026-10-05 07:14:14.215][14][debug][client] [source/common/http/codec_client.cc:150] [Tags: "ConnectionId":"1752"] encode complete
[2026-10-05 07:14:14.215][14][debug][http] [source/common/http/conn_manager_impl.cc:394] [Tags: "ConnectionId":"5508"] new stream
[2026-10-05 07:14:14.215][14][debug][http] [source/common/http/conn_manager_impl.cc:1291] [Tags: "ConnectionId":"5508","StreamId":"10742888144357680470"] request headers complete (end_stream=false):
':authority', 'envoy:10000'
':path', '/payments'
':method', 'POST'
'user-agent', 'Go-http-client/1.1'
'content-length', '56'
'content-type', 'application/json'

[2026-10-05 07:14:14.215][14][debug][connection] [./source/common/network/connection_impl.h:101] [Tags: "ConnectionId":"5508"] current connecting state: false
[2026-10-05 07:14:14.215][14][info][lua] [source/extensions/filters/common/lua/lua.cc:26] script log: accepted POST /payments
[2026-10-05 07:14:14.215][14][debug][lua] [source/extensions/filters/common/lua/lua.cc:67] coroutine finished
[2026-10-05 07:14:14.215][14][debug][router] [source/common/router/router.cc:537] [Tags: "ConnectionId":"5508","StreamId":"10742888144357680470"] cluster 'payments' match for URL '/payments'
[2026-10-05 07:14:14.215][14][debug][router] [source/common/router/router.cc:812] [Tags: "ConnectionId":"5508","StreamId":"10742888144357680470"] router decoding headers:
':authority', 'envoy:10000'
':path', '/payments'
':method', 'POST'
':scheme', 'http'
'user-agent', 'Go-http-client/1.1'
'content-length', '56'
'content-type', 'application/json'
'x-forwarded-proto', 'http'
'x-request-id', '19c427b8-e216-4546-adbf-7dd7e0b3347c'
'x-envoy-expected-rq-timeout-ms', '3000'

[2026-10-05 07:14:14.215][14][debug][pool] [source/common/conn_pool/conn_pool_base.cc:330] [Tags: "ConnectionId":"1749"] using existing fully connected connection
[2026-10-05 07:14:14.215][14][debug][pool] [source/common/conn_pool/conn_pool_base.cc:247] [Tags: "ConnectionId":"1749"] creating stream
[2026-10-05 07:14:14.215][14][debug][router] [source/common/router/upstream_request.cc:606] [Tags: "ConnectionId":"5508","StreamId":"10742888144357680470"] pool ready
[2026-10-05 07:14:14.215][14][debug][router] [source/common/router/router.cc:993] [Tags: "ConnectionId":"5508","StreamId":"10742888144357680470"] router decoding data: 56
[2026-10-05 07:14:14.215][14][debug][http] [source/common/http/conn_manager_impl.cc:1274] [Tags: "ConnectionId":"5508","StreamId":"10742888144357680470"] request end stream timestamp recorded
[2026-10-05 07:14:14.215][14][debug][router] [source/common/router/router.cc:993] [Tags: "ConnectionId":"5508","StreamId":"10742888144357680470"] router decoding data: 0
[2026-10-05 07:14:14.215][14][debug][client] [source/common/http/codec_client.cc:150] [Tags: "ConnectionId":"1749"] encode complete
[2026-10-05 07:14:14.215][14][debug][http] [source/common/http/conn_manager_impl.cc:394] [Tags: "ConnectionId":"5470"] new stream
[2026-10-05 07:14:14.215][14][debug][http] [source/common/http/conn_manager_impl.cc:1291] [Tags: "ConnectionId":"5470","StreamId":"163564666036239623"] request headers complete (end_stream=false):
':authority', 'envoy:10000'
':path', '/foods/data'
':method', 'POST'
'user-agent', 'Go-http-client/1.1'
'content-length', '22'
'content-type', 'application/json'

[2026-10-05 07:14:14.215][14][debug][connection] [./source/common/network/connection_impl.h:101] [Tags: "ConnectionId":"5470"] current connecting state: false
[2026-10-05 07:14:14.215][14][info][lua] [source/extensions/filters/common/lua/lua.cc:26] script log: accepted POST /foods/data
[2026-10-05 07:14:14.215][14][debug][lua] [source/extensions/filters/common/lua/lua.cc:67] coroutine finished
[2026-10-05 07:14:14.215][14][debug][router] [source/common/router/router.cc:537] [Tags: "ConnectionId":"5470","StreamId":"163564666036239623"] cluster 'foods' match for URL '/foods/data'
[2026-10-05 07:14:14.215][14][debug][router] [source/common/router/router.cc:812] [Tags: "ConnectionId":"5470","StreamId":"163564666036239623"] router decoding headers:
':authority', 'envoy:10000'
':path', '/foods/data'
':method', 'POST'
':scheme', 'http'
'user-agent', 'Go-http-client/1.1'
'content-length', '22'
'content-type', 'application/json'
'x-forwarded-proto', 'http'
'x-request-id', 'c2baeeab-8e70-40ce-8e02-3c233e343849'
'x-envoy-expected-rq-timeout-ms', '3000'

[2026-10-05 07:14:14.215][14][debug][pool] [source/common/conn_pool/conn_pool_base.cc:330] [Tags: "ConnectionId":"1751"] using existing fully connected connection
[2026-10-05 07:14:14.215][14][debug][pool] [source/common/conn_pool/conn_pool_base.cc:247] [Tags: "ConnectionId":"1751"] creating stream
[2026-10-05 07:14:14.215][14][debug][router] [source/common/router/upstream_request.cc:606] [Tags: "ConnectionId":"5470","StreamId":"163564666036239623"] pool ready
[2026-10-05 07:14:14.215][14][debug][router] [source/common/router/router.cc:993] [Tags: "ConnectionId":"5470","StreamId":"163564666036239623"] router decoding data: 22
[2026-10-05 07:14:14.215][14][debug][http] [source/common/http/conn_manager_impl.cc:1274] [Tags: "ConnectionId":"5470","StreamId":"163564666036239623"] request end stream timestamp recorded
[2026-10-05 07:14:14.215][14][debug][router] [source/common/router/router.cc:993] [Tags: "ConnectionId":"5470","StreamId":"163564666036239623"] router decoding data: 0
[2026-10-05 07:14:14.215][14][debug][client] [source/common/http/codec_client.cc:150] [Tags: "ConnectionId":"1751"] encode complete
[2026-10-05 07:14:14.215][14][debug][http] [source/common/http/conn_manager_impl.cc:394] [Tags: "ConnectionId":"5506"] new stream
[2026-10-05 07:14:14.215][14][debug][http] [source/common/http/conn_manager_impl.cc:1291] [Tags: "ConnectionId":"5506","StreamId":"17429668636541137414"] request headers complete (end_stream=false):
':authority', 'envoy:10000'
':path', '/order/ord-56754'
':method', 'PUT'
'user-agent', 'Go-http-client/1.1'
'content-length', '22'
'content-type', 'application/json'

[2026-10-05 07:14:14.215][14][debug][connection] [./source/common/network/connection_impl.h:101] [Tags: "ConnectionId":"5506"] current connecting state: false
[2026-10-05 07:14:14.215][14][info][lua] [source/extensions/filters/common/lua/lua.cc:26] script log: accepted PUT /order/ord-56754
[2026-10-05 07:14:14.215][14][debug][lua] [source/extensions/filters/common/lua/lua.cc:67] coroutine finished
[2026-10-05 07:14:14.215][14][debug][router] [source/common/router/router.cc:537] [Tags: "ConnectionId":"5506","StreamId":"17429668636541137414"] cluster 'orders' match for URL '/order/ord-56754'
[2026-10-05 07:14:14.215][14][debug][router] [source/common/router/router.cc:812] [Tags: "ConnectionId":"5506","StreamId":"17429668636541137414"] router decoding headers:
':authority', 'envoy:10000'
':path', '/order/ord-56754'
':method', 'PUT'
':scheme', 'http'
'user-agent', 'Go-http-client/1.1'
'content-length', '22'
'content-type', 'application/json'
'x-forwarded-proto', 'http'
'x-request-id', 'add147b1-7b1f-47d6-bdd4-72a5cbbbfcd8'
'x-envoy-expected-rq-timeout-ms', '3000'

[2026-10-05 07:14:14.215][14][debug][pool] [source/common/conn_pool/conn_pool_base.cc:330] [Tags: "ConnectionId":"13"] using existing fully connected connection
[2026-10-05 07:14:14.215][14][debug][pool] [source/common/conn_pool/conn_pool_base.cc:247] [Tags: "ConnectionId":"13"] creating stream
[2026-10-05 07:14:14.215][14][debug][router] [source/common/router/upstream_request.cc:606] [Tags: "ConnectionId":"5506","StreamId":"17429668636541137414"] pool ready
[2026-10-05 07:14:14.215][14][debug][router] [source/common/router/router.cc:993] [Tags: "ConnectionId":"5506","StreamId":"17429668636541137414"] router decoding data: 22
[2026-10-05 07:14:14.215][14][debug][http] [source/common/http/conn_manager_impl.cc:1274] [Tags: "ConnectionId":"5506","StreamId":"17429668636541137414"] request end stream timestamp recorded
[2026-10-05 07:14:14.215][14][debug][router] [source/common/router/router.cc:993] [Tags: "ConnectionId":"5506","StreamId":"17429668636541137414"] router decoding data: 0
[2026-10-05 07:14:14.215][14][debug][client] [source/common/http/codec_client.cc:150] [Tags: "ConnectionId":"13"] encode complete
[2026-10-05 07:14:14.215][14][debug][http] [source/common/http/conn_manager_impl.cc:394] [Tags: "ConnectionId":"5496"] new stream
[2026-10-05 07:14:14.215][14][debug][http] [source/common/http/conn_manager_impl.cc:1291] [Tags: "ConnectionId":"5496","StreamId":"16522862943799475619"] request headers complete (end_stream=true):
':authority', 'envoy:10000'
':path', '/users/usr-35650'
':method', 'GET'
'user-agent', 'Go-http-client/1.1'

[2026-10-05 07:14:14.215][14][debug][http] [source/common/http/conn_manager_impl.cc:1274] [Tags: "ConnectionId":"5496","StreamId":"16522862943799475619"] request end stream timestamp recorded
[2026-10-05 07:14:14.215][14][debug][connection] [./source/common/network/connection_impl.h:101] [Tags: "ConnectionId":"5496"] current connecting state: false
[2026-10-05 07:14:14.215][14][info][lua] [source/extensions/filters/common/lua/lua.cc:26] script log: accepted GET /users/usr-35650
[2026-10-05 07:14:14.215][14][debug][lua] [source/extensions/filters/common/lua/lua.cc:67] coroutine finished
[2026-10-05 07:14:14.215][14][debug][router] [source/common/router/router.cc:537] [Tags: "ConnectionId":"5496","StreamId":"16522862943799475619"] cluster 'users' match for URL '/users/usr-35650'
[2026-10-05 07:14:14.215][14][debug][router] [source/common/router/router.cc:812] [Tags: "ConnectionId":"5496","StreamId":"16522862943799475619"] router decoding headers:
':authority', 'envoy:10000'
':path', '/users/usr-35650'
':method', 'GET'
':scheme', 'http'
'user-agent', 'Go-http-client/1.1'
'x-forwarded-proto', 'http'
'x-request-id', 'aeaca1a9-c696-4c73-9d27-d3cef1d0399f'
'x-envoy-expected-rq-timeout-ms', '3000'

[2026-10-05 07:14:14.215][14][debug][pool] [source/common/conn_pool/conn_pool_base.cc:330] [Tags: "ConnectionId":"8"] using existing fully connected connection
[2026-10-05 07:14:14.215][14][debug][pool] [source/common/conn_pool/conn_pool_base.cc:247] [Tags: "ConnectionId":"8"] creating stream
[2026-10-05 07:14:14.215][14][debug][router] [source/common/router/upstream_request.cc:606] [Tags: "ConnectionId":"5496","StreamId":"16522862943799475619"] pool ready
[2026-10-05 07:14:14.215][14][debug][client] [source/common/http/codec_client.cc:150] [Tags: "ConnectionId":"8"] encode complete
[2026-10-05 07:14:14.215][14][debug][http] [source/common/http/conn_manager_impl.cc:394] [Tags: "ConnectionId":"5531"] new stream
[2026-10-05 07:14:14.215][14][debug][http] [source/common/http/conn_manager_impl.cc:1291] [Tags: "ConnectionId":"5531","StreamId":"11715522282567929479"] request headers complete (end_stream=true):
':authority', 'envoy:10000'
':path', '/payments/pay-99731'
':method', 'GET'
'user-agent', 'Go-http-client/1.1'

[2026-10-05 07:14:14.215][14][debug][http] [source/common/http/conn_manager_impl.cc:1274] [Tags: "ConnectionId":"5531","StreamId":"11715522282567929479"] request end stream timestamp recorded
[2026-10-05 07:14:14.215][14][debug][connection] [./source/common/network/connection_impl.h:101] [Tags: "ConnectionId":"5531"] current connecting state: false
[2026-10-05 07:14:14.215][14][info][lua] [source/extensions/filters/common/lua/lua.cc:26] script log: accepted GET /payments/pay-99731
[2026-10-05 07:14:14.215][14][debug][lua] [source/extensions/filters/common/lua/lua.cc:67] coroutine finished
[2026-10-05 07:14:14.215][14][debug][router] [source/common/router/router.cc:537] [Tags: "ConnectionId":"5531","StreamId":"11715522282567929479"] cluster 'payments' match for URL '/payments/pay-99731'
[2026-10-05 07:14:14.215][14][debug][router] [source/common/router/router.cc:812] [Tags: "ConnectionId":"5531","StreamId":"11715522282567929479"] router decoding headers:
':authority', 'envoy:10000'
':path', '/payments/pay-99731'
':method', 'GET'
':scheme', 'http'
'user-agent', 'Go-http-client/1.1'
'x-forwarded-proto', 'http'
'x-request-id', '91d16c11-0fc3-43e1-8f54-4694b5a1148d'
'x-envoy-expected-rq-timeout-ms', '3000'

[2026-10-05 07:14:14.215][14][debug][pool] [source/common/conn_pool/conn_pool_base.cc:330] [Tags: "ConnectionId":"1"] using existing fully connected connection
[2026-10-05 07:14:14.215][14][debug][pool] [source/common/conn_pool/conn_pool_base.cc:247] [Tags: "ConnectionId":"1"] creating stream
[2026-10-05 07:14:14.215][14][debug][router] [source/common/router/upstream_request.cc:606] [Tags: "ConnectionId":"5531","StreamId":"11715522282567929479"] pool ready
[2026-10-05 07:14:14.215][14][debug][client] [source/common/http/codec_client.cc:150] [Tags: "ConnectionId":"1"] encode complete
[2026-10-05 07:14:14.215][14][debug][http] [source/common/http/conn_manager_impl.cc:394] [Tags: "ConnectionId":"5527"] new stream
[2026-10-05 07:14:14.215][14][debug][http] [source/common/http/conn_manager_impl.cc:1291] [Tags: "ConnectionId":"5527","StreamId":"17410418891607345780"] request headers complete (end_stream=false):
':authority', 'envoy:10000'
':path', '/booking'
':method', 'POST'
'user-agent', 'Go-http-client/1.1'
'content-length', '58'
'content-type', 'application/json'

[2026-10-05 07:14:14.215][14][debug][connection] [./source/common/network/connection_impl.h:101] [Tags: "ConnectionId":"5527"] current connecting state: false
[2026-10-05 07:14:14.215][14][info][lua] [source/extensions/filters/common/lua/lua.cc:26] script log: accepted POST /booking
[2026-10-05 07:14:14.215][14][debug][lua] [source/extensions/filters/common/lua/lua.cc:67] coroutine finished
[2026-10-05 07:14:14.215][14][debug][router] [source/common/router/router.cc:537] [Tags: "ConnectionId":"5527","StreamId":"17410418891607345780"] cluster 'booking' match for URL '/booking'
[2026-10-05 07:14:14.215][14][debug][router] [source/common/router/router.cc:812] [Tags: "ConnectionId":"5527","StreamId":"17410418891607345780"] router decoding headers:
':authority', 'envoy:10000'
':path', '/booking'
':method', 'POST'
':scheme', 'http'
'user-agent', 'Go-http-client/1.1'
'content-length', '58'
'content-type', 'application/json'
'x-forwarded-proto', 'http'
'x-request-id', '9a4fa180-dea6-4e7e-97c3-d5424c64ce04'
'x-envoy-expected-rq-timeout-ms', '3000'

[2026-10-05 07:14:14.215][14][debug][pool] [source/common/conn_pool/conn_pool_base.cc:330] [Tags: "ConnectionId":"19"] using existing fully connected connection
[2026-10-05 07:14:14.215][14][debug][pool] [source/common/conn_pool/conn_pool_base.cc:247] [Tags: "ConnectionId":"19"] creating stream
[2026-10-05 07:14:14.215][14][debug][router] [source/common/router/upstream_request.cc:606] [Tags: "ConnectionId":"5527","StreamId":"17410418891607345780"] pool ready
[2026-10-05 07:14:14.215][14][debug][router] [source/common/router/router.cc:993] [Tags: "ConnectionId":"5527","StreamId":"17410418891607345780"] router decoding data: 58
[2026-10-05 07:14:14.215][14][debug][http] [source/common/http/conn_manager_impl.cc:1274] [Tags: "ConnectionId":"5527","StreamId":"17410418891607345780"] request end stream timestamp recorded
[2026-10-05 07:14:14.215][14][debug][router] [source/common/router/router.cc:993] [Tags: "ConnectionId":"5527","StreamId":"17410418891607345780"] router decoding data: 0
[2026-10-05 07:14:14.215][14][debug][client] [source/common/http/codec_client.cc:150] [Tags: "ConnectionId":"19"] encode complete
[2026-10-05 07:14:14.216][14][debug][http] [source/common/http/conn_manager_impl.cc:394] [Tags: "ConnectionId":"5520"] new stream
[2026-10-05 07:14:14.216][14][debug][http] [source/common/http/conn_manager_impl.cc:1291] [Tags: "ConnectionId":"5520","StreamId":"6539405561900779294"] request headers complete (end_stream=false):
':authority', 'envoy:10000'
':path', '/payments'
':method', 'POST'
'user-agent', 'Go-http-client/1.1'
'content-length', '56'
'content-type', 'application/json'

[2026-10-05 07:14:14.216][14][debug][connection] [./source/common/network/connection_impl.h:101] [Tags: "ConnectionId":"5520"] current connecting state: false
[2026-10-05 07:14:14.216][14][info][lua] [source/extensions/filters/common/lua/lua.cc:26] script log: accepted POST /payments
[2026-10-05 07:14:14.216][14][debug][lua] [source/extensions/filters/common/lua/lua.cc:67] coroutine finished
[2026-10-05 07:14:14.216][14][debug][router] [source/common/router/router.cc:537] [Tags: "ConnectionId":"5520","StreamId":"6539405561900779294"] cluster 'payments' match for URL '/payments'
[2026-10-05 07:14:14.216][14][debug][router] [source/common/router/router.cc:812] [Tags: "ConnectionId":"5520","StreamId":"6539405561900779294"] router decoding headers:
':authority', 'envoy:10000'
':path', '/payments'
':method', 'POST'
':scheme', 'http'
'user-agent', 'Go-http-client/1.1'
'content-length', '56'
'content-type', 'application/json'
'x-forwarded-proto', 'http'
'x-request-id', '6095afc0-a51a-4d08-b8cc-1e68cf924d40'
'x-envoy-expected-rq-timeout-ms', '3000'

[2026-10-05 07:14:14.216][14][debug][pool] [source/common/conn_pool/conn_pool_base.cc:330] [Tags: "ConnectionId":"6"] using existing fully connected connection
[2026-10-05 07:14:14.216][14][debug][pool] [source/common/conn_pool/conn_pool_base.cc:247] [Tags: "ConnectionId":"6"] creating stream
[2026-10-05 07:14:14.216][14][debug][router] [source/common/router/upstream_request.cc:606] [Tags: "ConnectionId":"5520","StreamId":"6539405561900779294"] pool ready
[2026-10-05 07:14:14.216][14][debug][router] [source/common/router/router.cc:993] [Tags: "ConnectionId":"5520","StreamId":"6539405561900779294"] router decoding data: 56
[2026-10-05 07:14:14.216][14][debug][http] [source/common/http/conn_manager_impl.cc:1274] [Tags: "ConnectionId":"5520","StreamId":"6539405561900779294"] request end stream timestamp recorded
[2026-10-05 07:14:14.216][14][debug][router] [source/common/router/router.cc:993] [Tags: "ConnectionId":"5520","StreamId":"6539405561900779294"] router decoding data: 0
[2026-10-05 07:14:14.216][14][debug][client] [source/common/http/codec_client.cc:150] [Tags: "ConnectionId":"6"] encode complete
[2026-10-05 07:14:14.216][14][debug][http] [source/common/http/conn_manager_impl.cc:394] [Tags: "ConnectionId":"5521"] new stream
[2026-10-05 07:14:14.216][14][debug][http] [source/common/http/conn_manager_impl.cc:1291] [Tags: "ConnectionId":"5521","StreamId":"12195589070817651096"] request headers complete (end_stream=true):
':authority', 'envoy:10000'
':path', '/users/usr-36001'
':method', 'GET'
'user-agent', 'Go-http-client/1.1'

[2026-10-05 07:14:14.216][14][debug][http] [source/common/http/conn_manager_impl.cc:1274] [Tags: "ConnectionId":"5521","StreamId":"12195589070817651096"] request end stream timestamp recorded
[2026-10-05 07:14:14.216][14][debug][connection] [./source/common/network/connection_impl.h:101] [Tags: "ConnectionId":"5521"] current connecting state: false
[2026-10-05 07:14:14.216][14][info][lua] [source/extensions/filters/common/lua/lua.cc:26] script log: accepted GET /users/usr-36001
[2026-10-05 07:14:14.216][14][debug][lua] [source/extensions/filters/common/lua/lua.cc:67] coroutine finished
[2026-10-05 07:14:14.216][14][debug][router] [source/common/router/router.cc:537] [Tags: "ConnectionId":"5521","StreamId":"12195589070817651096"] cluster 'users' match for URL '/users/usr-36001'
[2026-10-05 07:14:14.216][14][debug][router] [source/common/router/router.cc:812] [Tags: "ConnectionId":"5521","StreamId":"12195589070817651096"] router decoding headers:
':authority', 'envoy:10000'
':path', '/users/usr-36001'
':method', 'GET'
':scheme', 'http'
'user-agent', 'Go-http-client/1.1'
'x-forwarded-proto', 'http'
'x-request-id', '166b345e-e997-4e96-9bd7-c100b5569e92'
'x-envoy-expected-rq-timeout-ms', '3000'

[2026-10-05 07:14:14.216][14][debug][pool] [source/common/conn_pool/conn_pool_base.cc:330] [Tags: "ConnectionId":"23"] using existing fully connected connection
[2026-10-05 07:14:14.216][14][debug][pool] [source/common/conn_pool/conn_pool_base.cc:247] [Tags: "ConnectionId":"23"] creating stream
[2026-10-05 07:14:14.216][14][debug][router] [source/common/router/upstream_request.cc:606] [Tags: "ConnectionId":"5521","StreamId":"12195589070817651096"] pool ready
[2026-10-05 07:14:14.216][14][debug][client] [source/common/http/codec_client.cc:150] [Tags: "ConnectionId":"23"] encode complete
[2026-10-05 07:14:14.216][14][debug][router] [source/common/router/router.cc:1700] [Tags: "ConnectionId":"5525","StreamId":"14930160649291833147"] upstream headers complete: end_stream=false
[2026-10-05 07:14:14.216][14][debug][lua] [source/extensions/filters/common/lua/lua.cc:23] script log: completed GET /payments/pay-70798 status=200
[2026-10-05 07:14:14.216][14][debug][lua] [source/extensions/filters/common/lua/lua.cc:67] coroutine finished
[2026-10-05 07:14:14.216][14][debug][http] [source/common/http/conn_manager_impl.cc:1948] [Tags: "ConnectionId":"5525","StreamId":"14930160649291833147"] encoding headers via codec (end_stream=false):
':status', '200'
'content-type', 'application/json'
'date', 'Mon, 05 Oct 2026 07:14:14 GMT'
'content-length', '32'
'x-envoy-upstream-service-time', '0'
'server', 'envoy'

[2026-10-05 07:14:14.216][14][debug][client] [source/common/http/codec_client.cc:137] [Tags: "ConnectionId":"21"] response complete
[2026-10-05 07:14:14.216][14][debug][router] [source/common/router/router.cc:1153] Executing cleanup(): resetting retry_state_ and disabling timers
[2026-10-05 07:14:14.216][14][debug][http] [source/common/http/conn_manager_impl.cc:2063] [Tags: "ConnectionId":"5525","StreamId":"14930160649291833147"] Codec completed encoding stream.
[2026-10-05 07:14:14.216][14][debug][router] [source/common/router/router.cc:1153] Executing cleanup(): resetting retry_state_ and disabling timers
[2026-10-05 07:14:14.216][14][debug][pool] [source/common/http/http1/conn_pool.cc:61] [Tags: "ConnectionId":"21"] response complete
[2026-10-05 07:14:14.216][14][debug][pool] [source/common/conn_pool/conn_pool_base.cc:282] [Tags: "ConnectionId":"21"] destroying stream: 0 active remaining, readyForStream false, currentUnusedCapacity 1
[2026-10-05 07:14:14.216][14][debug][router] [source/common/router/router.cc:1700] [Tags: "ConnectionId":"5496","StreamId":"16522862943799475619"] upstream headers complete: end_stream=false
[2026-10-05 07:14:14.216][14][debug][lua] [source/extensions/filters/common/lua/lua.cc:23] script log: completed GET /users/usr-35650 status=200
[2026-10-05 07:14:14.216][14][debug][lua] [source/extensions/filters/common/lua/lua.cc:67] coroutine finished
[2026-10-05 07:14:14.216][14][debug][http] [source/common/http/conn_manager_impl.cc:1948] [Tags: "ConnectionId":"5496","StreamId":"16522862943799475619"] encoding headers via codec (end_stream=false):
':status', '200'
'content-type', 'application/json'
'date', 'Mon, 05 Oct 2026 07:14:14 GMT'
'content-length', '32'
'x-envoy-upstream-service-time', '0'
'server', 'envoy'

[2026-10-05 07:14:14.216][14][debug][client] [source/common/http/codec_client.cc:137] [Tags: "ConnectionId":"8"] response complete
[2026-10-05 07:14:14.216][14][debug][router] [source/common/router/router.cc:1153] Executing cleanup(): resetting retry_state_ and disabling timers
[2026-10-05 07:14:14.216][14][debug][http] [source/common/http/conn_manager_impl.cc:2063] [Tags: "ConnectionId":"5496","StreamId":"16522862943799475619"] Codec completed encoding stream.
[2026-10-05 07:14:14.216][14][debug][router] [source/common/router/router.cc:1153] Executing cleanup(): resetting retry_state_ and disabling timers
[2026-10-05 07:14:14.216][14][debug][pool] [source/common/http/http1/conn_pool.cc:61] [Tags: "ConnectionId":"8"] response complete
[2026-10-05 07:14:14.216][14][debug][pool] [source/common/conn_pool/conn_pool_base.cc:282] [Tags: "ConnectionId":"8"] destroying stream: 0 active remaining, readyForStream false, currentUnusedCapacity 1
[2026-10-05 07:14:14.216][14][debug][http] [source/common/http/conn_manager_impl.cc:394] [Tags: "ConnectionId":"5529"] new stream
[2026-10-05 07:14:14.216][14][debug][http] [source/common/http/conn_manager_impl.cc:1291] [Tags: "ConnectionId":"5529","StreamId":"15734470013122904180"] request headers complete (end_stream=false):
':authority', 'envoy:10000'
':path', '/order/ord-37380'
':method', 'PUT'
'user-agent', 'Go-http-client/1.1'
'content-length', '22'
'content-type', 'application/json'

[2026-10-05 07:14:14.216][14][debug][connection] [./source/common/network/connection_impl.h:101] [Tags: "ConnectionId":"5529"] current connecting state: false
[2026-10-05 07:14:14.216][14][info][lua] [source/extensions/filters/common/lua/lua.cc:26] script log: accepted PUT /order/ord-37380
[2026-10-05 07:14:14.216][14][debug][lua] [source/extensions/filters/common/lua/lua.cc:67] coroutine finished
[2026-10-05 07:14:14.216][14][debug][router] [source/common/router/router.cc:537] [Tags: "ConnectionId":"5529","StreamId":"15734470013122904180"] cluster 'orders' match for URL '/order/ord-37380'
[2026-10-05 07:14:14.216][14][debug][router] [source/common/router/router.cc:812] [Tags: "ConnectionId":"5529","StreamId":"15734470013122904180"] router decoding headers:
':authority', 'envoy:10000'
':path', '/order/ord-37380'
':method', 'PUT'
':scheme', 'http'
'user-agent', 'Go-http-client/1.1'
'content-length', '22'
'content-type', 'application/json'
'x-forwarded-proto', 'http'
'x-request-id', 'e10f852e-4598-4016-b676-923b878db131'
'x-envoy-expected-rq-timeout-ms', '3000'

[2026-10-05 07:14:14.216][14][debug][pool] [source/common/conn_pool/conn_pool_base.cc:330] [Tags: "ConnectionId":"1746"] using existing fully connected connection
[2026-10-05 07:14:14.216][14][debug][pool] [source/common/conn_pool/conn_pool_base.cc:247] [Tags: "ConnectionId":"1746"] creating stream
[2026-10-05 07:14:14.216][14][debug][router] [source/common/router/upstream_request.cc:606] [Tags: "ConnectionId":"5529","StreamId":"15734470013122904180"] pool ready
[2026-10-05 07:14:14.216][14][debug][router] [source/common/router/router.cc:993] [Tags: "ConnectionId":"5529","StreamId":"15734470013122904180"] router decoding data: 22
[2026-10-05 07:14:14.216][14][debug][http] [source/common/http/conn_manager_impl.cc:1274] [Tags: "ConnectionId":"5529","StreamId":"15734470013122904180"] request end stream timestamp recorded
[2026-10-05 07:14:14.216][14][debug][router] [source/common/router/router.cc:993] [Tags: "ConnectionId":"5529","StreamId":"15734470013122904180"] router decoding data: 0
[2026-10-05 07:14:14.216][14][debug][client] [source/common/http/codec_client.cc:150] [Tags: "ConnectionId":"1746"] encode complete
[2026-10-05 07:14:14.216][14][debug][http] [source/common/http/conn_manager_impl.cc:394] [Tags: "ConnectionId":"5523"] new stream
[2026-10-05 07:14:14.216][14][debug][http] [source/common/http/conn_manager_impl.cc:1291] [Tags: "ConnectionId":"5523","StreamId":"9745856069130901794"] request headers complete (end_stream=true):
':authority', 'envoy:10000'
':path', '/bookings'
':method', 'OPTIONS'
'user-agent', 'Go-http-client/1.1'

[2026-10-05 07:14:14.216][14][debug][http] [source/common/http/conn_manager_impl.cc:1274] [Tags: "ConnectionId":"5523","StreamId":"9745856069130901794"] request end stream timestamp recorded
[2026-10-05 07:14:14.216][14][debug][connection] [./source/common/network/connection_impl.h:101] [Tags: "ConnectionId":"5523"] current connecting state: false
[2026-10-05 07:14:14.216][14][info][lua] [source/extensions/filters/common/lua/lua.cc:26] script log: accepted OPTIONS /bookings
[2026-10-05 07:14:14.216][14][debug][lua] [source/extensions/filters/common/lua/lua.cc:67] coroutine finished
[2026-10-05 07:14:14.216][14][debug][router] [source/common/router/router.cc:537] [Tags: "ConnectionId":"5523","StreamId":"9745856069130901794"] cluster 'booking' match for URL '/bookings'
[2026-10-05 07:14:14.216][14][debug][router] [source/common/router/router.cc:812] [Tags: "ConnectionId":"5523","StreamId":"9745856069130901794"] router decoding headers:
':authority', 'envoy:10000'
':path', '/bookings'
':method', 'OPTIONS'
':scheme', 'http'
'user-agent', 'Go-http-client/1.1'
'x-forwarded-proto', 'http'
'x-request-id', '4e2a9f42-ca4d-4895-b8d4-974979a72ae7'
'x-envoy-expected-rq-timeout-ms', '3000'

[2026-10-05 07:14:14.216][14][debug][pool] [source/common/conn_pool/conn_pool_base.cc:330] [Tags: "ConnectionId":"11"] using existing fully connected connection
[2026-10-05 07:14:14.216][14][debug][pool] [source/common/conn_pool/conn_pool_base.cc:247] [Tags: "ConnectionId":"11"] creating stream
[2026-10-05 07:14:14.216][14][debug][router] [source/common/router/upstream_request.cc:606] [Tags: "ConnectionId":"5523","StreamId":"9745856069130901794"] pool ready
[2026-10-05 07:14:14.216][14][debug][client] [source/common/http/codec_client.cc:150] [Tags: "ConnectionId":"11"] encode complete
[2026-10-05 07:14:14.216][14][debug][router] [source/common/router/router.cc:1700] [Tags: "ConnectionId":"5506","StreamId":"17429668636541137414"] upstream headers complete: end_stream=false
[2026-10-05 07:14:14.216][14][debug][lua] [source/extensions/filters/common/lua/lua.cc:23] script log: completed PUT /order/ord-56754 status=200
[2026-10-05 07:14:14.216][14][debug][lua] [source/extensions/filters/common/lua/lua.cc:67] coroutine finished
[2026-10-05 07:14:14.216][14][debug][http] [source/common/http/conn_manager_impl.cc:1948] [Tags: "ConnectionId":"5506","StreamId":"17429668636541137414"] encoding headers via codec (end_stream=false):
':status', '200'
'content-type', 'application/json'
'date', 'Mon, 05 Oct 2026 07:14:14 GMT'
'content-length', '37'
'x-envoy-upstream-service-time', '0'
'server', 'envoy'

[2026-10-05 07:14:14.216][14][debug][client] [source/common/http/codec_client.cc:137] [Tags: "ConnectionId":"13"] response complete
[2026-10-05 07:14:14.216][14][debug][router] [source/common/router/router.cc:1153] Executing cleanup(): resetting retry_state_ and disabling timers
[2026-10-05 07:14:14.216][14][debug][http] [source/common/http/conn_manager_impl.cc:2063] [Tags: "ConnectionId":"5506","StreamId":"17429668636541137414"] Codec completed encoding stream.
[2026-10-05 07:14:14.216][14][debug][router] [source/common/router/router.cc:1153] Executing cleanup(): resetting retry_state_ and disabling timers
[2026-10-05 07:14:14.216][14][debug][pool] [source/common/http/http1/conn_pool.cc:61] [Tags: "ConnectionId":"13"] response complete
[2026-10-05 07:14:14.216][14][debug][pool] [source/common/conn_pool/conn_pool_base.cc:282] [Tags: "ConnectionId":"13"] destroying stream: 0 active remaining, readyForStream false, currentUnusedCapacity 1
[2026-10-05 07:14:14.216][14][debug][router] [source/common/router/router.cc:1700] [Tags: "ConnectionId":"5470","StreamId":"163564666036239623"] upstream headers complete: end_stream=false
[2026-10-05 07:14:14.216][14][debug][lua] [source/extensions/filters/common/lua/lua.cc:23] script log: completed POST /foods/data status=200
[2026-10-05 07:14:14.216][14][debug][lua] [source/extensions/filters/common/lua/lua.cc:67] coroutine finished
[2026-10-05 07:14:14.216][14][debug][http] [source/common/http/conn_manager_impl.cc:1948] [Tags: "ConnectionId":"5470","StreamId":"163564666036239623"] encoding headers via codec (end_stream=false):
':status', '200'
'content-type', 'application/json'
'date', 'Mon, 05 Oct 2026 07:14:14 GMT'
'content-length', '15'
'x-envoy-upstream-service-time', '1'
'server', 'envoy'

[2026-10-05 07:14:14.216][14][debug][client] [source/common/http/codec_client.cc:137] [Tags: "ConnectionId":"1751"] response complete
[2026-10-05 07:14:14.216][14][debug][router] [source/common/router/router.cc:1153] Executing cleanup(): resetting retry_state_ and disabling timers
[2026-10-05 07:14:14.216][14][debug][http] [source/common/http/conn_manager_impl.cc:2063] [Tags: "ConnectionId":"5470","StreamId":"163564666036239623"] Codec completed encoding stream.
[2026-10-05 07:14:14.216][14][debug][router] [source/common/router/router.cc:1153] Executing cleanup(): resetting retry_state_ and disabling timers
[2026-10-05 07:14:14.216][14][debug][pool] [source/common/http/http1/conn_pool.cc:61] [Tags: "ConnectionId":"1751"] response complete
[2026-10-05 07:14:14.216][14][debug][pool] [source/common/conn_pool/conn_pool_base.cc:282] [Tags: "ConnectionId":"1751"] destroying stream: 0 active remaining, readyForStream false, currentUnusedCapacity 1
[2026-10-05 07:14:14.216][14][debug][router] [source/common/router/router.cc:1700] [Tags: "ConnectionId":"5507","StreamId":"4172597252899259953"] upstream headers complete: end_stream=false
[2026-10-05 07:14:14.216][14][debug][lua] [source/extensions/filters/common/lua/lua.cc:23] script log: completed POST /booking status=200
[2026-10-05 07:14:14.216][14][debug][lua] [source/extensions/filters/common/lua/lua.cc:67] coroutine finished
[2026-10-05 07:14:14.216][14][debug][http] [source/common/http/conn_manager_impl.cc:1948] [Tags: "ConnectionId":"5507","StreamId":"4172597252899259953"] encoding headers via codec (end_stream=false):
':status', '200'
'content-type', 'application/json'
'date', 'Mon, 05 Oct 2026 07:14:14 GMT'
'content-length', '15'
'x-envoy-upstream-service-time', '1'
'server', 'envoy'

[2026-10-05 07:14:14.216][14][debug][client] [source/common/http/codec_client.cc:137] [Tags: "ConnectionId":"2"] response complete
[2026-10-05 07:14:14.216][14][debug][router] [source/common/router/router.cc:1153] Executing cleanup(): resetting retry_state_ and disabling timers
[2026-10-05 07:14:14.216][14][debug][http] [source/common/http/conn_manager_impl.cc:2063] [Tags: "ConnectionId":"5507","StreamId":"4172597252899259953"] Codec completed encoding stream.
[2026-10-05 07:14:14.216][14][debug][router] [source/common/router/router.cc:1153] Executing cleanup(): resetting retry_state_ and disabling timers
[2026-10-05 07:14:14.216][14][debug][pool] [source/common/http/http1/conn_pool.cc:61] [Tags: "ConnectionId":"2"] response complete
[2026-10-05 07:14:14.216][14][debug][pool] [source/common/conn_pool/conn_pool_base.cc:282] [Tags: "ConnectionId":"2"] destroying stream: 0 active remaining, readyForStream false, currentUnusedCapacity 1
[2026-10-05 07:14:14.216][14][debug][router] [source/common/router/router.cc:1700] [Tags: "ConnectionId":"5508","StreamId":"10742888144357680470"] upstream headers complete: end_stream=false
[2026-10-05 07:14:14.216][14][debug][lua] [source/extensions/filters/common/lua/lua.cc:23] script log: completed POST /payments status=200
[2026-10-05 07:14:14.216][14][debug][lua] [source/extensions/filters/common/lua/lua.cc:67] coroutine finished
[2026-10-05 07:14:14.216][14][debug][http] [source/common/http/conn_manager_impl.cc:1948] [Tags: "ConnectionId":"5508","StreamId":"10742888144357680470"] encoding headers via codec (end_stream=false):
':status', '200'
'content-type', 'application/json'
'date', 'Mon, 05 Oct 2026 07:14:14 GMT'
'content-length', '15'
'x-envoy-upstream-service-time', '1'
'server', 'envoy'

[2026-10-05 07:14:14.216][14][debug][client] [source/common/http/codec_client.cc:137] [Tags: "ConnectionId":"1749"] response complete
[2026-10-05 07:14:14.216][14][debug][router] [source/common/router/router.cc:1153] Executing cleanup(): resetting retry_state_ and disabling timers
[2026-10-05 07:14:14.216][14][debug][http] [source/common/http/conn_manager_impl.cc:2063] [Tags: "ConnectionId":"5508","StreamId":"10742888144357680470"] Codec completed encoding stream.
[2026-10-05 07:14:14.216][14][debug][router] [source/common/router/router.cc:1153] Executing cleanup(): resetting retry_state_ and disabling timers
[2026-10-05 07:14:14.216][14][debug][pool] [source/common/http/http1/conn_pool.cc:61] [Tags: "ConnectionId":"1749"] response complete
[2026-10-05 07:14:14.216][14][debug][pool] [source/common/conn_pool/conn_pool_base.cc:282] [Tags: "ConnectionId":"1749"] destroying stream: 0 active remaining, readyForStream false, currentUnusedCapacity 1
[2026-10-05 07:14:14.216][14][debug][router] [source/common/router/router.cc:1700] [Tags: "ConnectionId":"5515","StreamId":"5855676854858390364"] upstream headers complete: end_stream=false
[2026-10-05 07:14:14.216][14][debug][lua] [source/extensions/filters/http/lua/lua_filter.cc:569] yielding for full body
[2026-10-05 07:14:14.216][14][debug][lua] [source/extensions/filters/common/lua/lua.cc:70] coroutine yielded
[2026-10-05 07:14:14.216][14][debug][client] [source/common/http/codec_client.cc:137] [Tags: "ConnectionId":"17"] response complete
[2026-10-05 07:14:14.216][14][debug][router] [source/common/router/router.cc:1153] Executing cleanup(): resetting retry_state_ and disabling timers
[2026-10-05 07:14:14.216][14][debug][lua] [source/extensions/filters/http/lua/lua_filter.cc:280] resuming body due to end stream
[2026-10-05 07:14:14.216][14][error][lua] [source/extensions/filters/common/lua/lua.cc:32] script log: OPTIONS /bookings status=500 reason=booking upstream timed out
reason: booking upstream timed out
goroutine 25 [running]:
runtime/debug.Stack()
	runtime/debug/stack.go:26 +0x64
main.(*handler).fail(0x717f2fa262c0, {0x2e9060, 0x717f2fadfe00}, {0x717f2f9656e0, 0x7}, {0x717f2f9656e8, 0x9})
	envoy-log-generator/cmd/backend/main.go:169 +0x4c
main.(*handler).ServeHTTP(0x717f2fa262c0, {0x2e9060, 0x717f2fadfe00}, 0x717f2faee780)
	envoy-log-generator/cmd/backend/main.go:111 +0x690
net/http.serverHandler.ServeHTTP({0x717f2fa265c0?}, {0x2e9060?, 0x717f2fadfe00?}, 0x1?)
	net/http/server.go:3311 +0xb0
net/http.(*conn).serve(0x717f2fa54480, {0x2e96d0, 0x717f2fa13ad0})
	net/http/server.go:2067 +0x55c
created by net/http.(*Server).Serve in goroutine 1
	net/http/server.go:3464 +0x37c
[2026-10-05 07:14:14.216][14][debug][lua] [source/extensions/filters/common/lua/lua.cc:67] coroutine finished
[2026-10-05 07:14:14.216][14][debug][http] [source/common/http/conn_manager_impl.cc:1948] [Tags: "ConnectionId":"5515","StreamId":"5855676854858390364"] encoding headers via codec (end_stream=false):
':status', '500'
'content-type', 'text/plain; charset=utf-8'
'date', 'Mon, 05 Oct 2026 07:14:14 GMT'
'content-length', '714'
'x-envoy-upstream-service-time', '1'
'server', 'envoy'

[2026-10-05 07:14:14.216][14][debug][http] [source/common/http/conn_manager_impl.cc:2063] [Tags: "ConnectionId":"5515","StreamId":"5855676854858390364"] Codec completed encoding stream.
[2026-10-05 07:14:14.217][14][debug][router] [source/common/router/router.cc:1153] Executing cleanup(): resetting retry_state_ and disabling timers
[2026-10-05 07:14:14.217][14][debug][pool] [source/common/http/http1/conn_pool.cc:61] [Tags: "ConnectionId":"17"] response complete
[2026-10-05 07:14:14.217][14][debug][pool] [source/common/conn_pool/conn_pool_base.cc:282] [Tags: "ConnectionId":"17"] destroying stream: 0 active remaining, readyForStream false, currentUnusedCapacity 1
[2026-10-05 07:14:14.217][14][debug][http] [source/common/http/conn_manager_impl.cc:394] [Tags: "ConnectionId":"5526"] new stream
[2026-10-05 07:14:14.217][14][debug][http] [source/common/http/conn_manager_impl.cc:1291] [Tags: "ConnectionId":"5526","StreamId":"8719954327974827229"] request headers complete (end_stream=false):
':authority', 'envoy:10000'
':path', '/foods/data'
':method', 'POST'
'user-agent', 'Go-http-client/1.1'
'content-length', '26'
'content-type', 'application/json'

[2026-10-05 07:14:14.217][14][debug][connection] [./source/common/network/connection_impl.h:101] [Tags: "ConnectionId":"5526"] current connecting state: false
[2026-10-05 07:14:14.217][14][info][lua] [source/extensions/filters/common/lua/lua.cc:26] script log: accepted POST /foods/data
[2026-10-05 07:14:14.217][14][debug][lua] [source/extensions/filters/common/lua/lua.cc:67] coroutine finished
[2026-10-05 07:14:14.217][14][debug][router] [source/common/router/router.cc:537] [Tags: "ConnectionId":"5526","StreamId":"8719954327974827229"] cluster 'foods' match for URL '/foods/data'
[2026-10-05 07:14:14.217][14][debug][router] [source/common/router/router.cc:812] [Tags: "ConnectionId":"5526","StreamId":"8719954327974827229"] router decoding headers:
':authority', 'envoy:10000'
':path', '/foods/data'
':method', 'POST'
':scheme', 'http'
'user-agent', 'Go-http-client/1.1'
'content-length', '26'
'content-type', 'application/json'
'x-forwarded-proto', 'http'
'x-request-id', '0a08b83c-8985-4e99-9109-f8e1c105acd1'
'x-envoy-expected-rq-timeout-ms', '3000'

[2026-10-05 07:14:14.217][14][debug][pool] [source/common/conn_pool/conn_pool_base.cc:330] [Tags: "ConnectionId":"1751"] using existing fully connected connection
[2026-10-05 07:14:14.217][14][debug][pool] [source/common/conn_pool/conn_pool_base.cc:247] [Tags: "ConnectionId":"1751"] creating stream
[2026-10-05 07:14:14.217][14][debug][router] [source/common/router/upstream_request.cc:606] [Tags: "ConnectionId":"5526","StreamId":"8719954327974827229"] pool ready
[2026-10-05 07:14:14.217][14][debug][router] [source/common/router/router.cc:993] [Tags: "ConnectionId":"5526","StreamId":"8719954327974827229"] router decoding data: 26
[2026-10-05 07:14:14.217][14][debug][http] [source/common/http/conn_manager_impl.cc:1274] [Tags: "ConnectionId":"5526","StreamId":"8719954327974827229"] request end stream timestamp recorded
[2026-10-05 07:14:14.217][14][debug][router] [source/common/router/router.cc:993] [Tags: "ConnectionId":"5526","StreamId":"8719954327974827229"] router decoding data: 0
[2026-10-05 07:14:14.217][14][debug][client] [source/common/http/codec_client.cc:150] [Tags: "ConnectionId":"1751"] encode complete
[2026-10-05 07:14:14.217][14][debug][router] [source/common/router/router.cc:1700] [Tags: "ConnectionId":"5531","StreamId":"11715522282567929479"] upstream headers complete: end_stream=false
[2026-10-05 07:14:14.217][14][debug][lua] [source/extensions/filters/common/lua/lua.cc:23] script log: completed GET /payments/pay-99731 status=200
[2026-10-05 07:14:14.217][14][debug][lua] [source/extensions/filters/common/lua/lua.cc:67] coroutine finished
[2026-10-05 07:14:14.217][14][debug][http] [source/common/http/conn_manager_impl.cc:1948] [Tags: "ConnectionId":"5531","StreamId":"11715522282567929479"] encoding headers via codec (end_stream=false):
':status', '200'
'content-type', 'application/json'
'date', 'Mon, 05 Oct 2026 07:14:14 GMT'
'content-length', '32'
'x-envoy-upstream-service-time', '1'
'server', 'envoy'

[2026-10-05 07:14:14.217][14][debug][client] [source/common/http/codec_client.cc:137] [Tags: "ConnectionId":"1"] response complete
[2026-10-05 07:14:14.217][14][debug][router] [source/common/router/router.cc:1153] Executing cleanup(): resetting retry_state_ and disabling timers
[2026-10-05 07:14:14.217][14][debug][http] [source/common/http/conn_manager_impl.cc:2063] [Tags: "ConnectionId":"5531","StreamId":"11715522282567929479"] Codec completed encoding stream.
[2026-10-05 07:14:14.217][14][debug][router] [source/common/router/router.cc:1153] Executing cleanup(): resetting retry_state_ and disabling timers
[2026-10-05 07:14:14.217][14][debug][pool] [source/common/http/http1/conn_pool.cc:61] [Tags: "ConnectionId":"1"] response complete
[2026-10-05 07:14:14.217][14][debug][pool] [source/common/conn_pool/conn_pool_base.cc:282] [Tags: "ConnectionId":"1"] destroying stream: 0 active remaining, readyForStream false, currentUnusedCapacity 1
[2026-10-05 07:14:14.217][14][debug][router] [source/common/router/router.cc:1700] [Tags: "ConnectionId":"5528","StreamId":"14766777661488603583"] upstream headers complete: end_stream=false
[2026-10-05 07:14:14.217][14][debug][lua] [source/extensions/filters/common/lua/lua.cc:23] script log: completed GET /bookings/bk-24927 status=200
[2026-10-05 07:14:14.217][14][debug][lua] [source/extensions/filters/common/lua/lua.cc:67] coroutine finished
[2026-10-05 07:14:14.217][14][debug][http] [source/common/http/conn_manager_impl.cc:1948] [Tags: "ConnectionId":"5528","StreamId":"14766777661488603583"] encoding headers via codec (end_stream=false):
':status', '200'
'content-type', 'application/json'
'date', 'Mon, 05 Oct 2026 07:14:14 GMT'
'content-length', '31'
'x-envoy-upstream-service-time', '1'
'server', 'envoy'

[2026-10-05 07:14:14.217][14][debug][client] [source/common/http/codec_client.cc:137] [Tags: "ConnectionId":"1748"] response complete
[2026-10-05 07:14:14.217][14][debug][router] [source/common/router/router.cc:1153] Executing cleanup(): resetting retry_state_ and disabling timers
[2026-10-05 07:14:14.217][14][debug][http] [source/common/http/conn_manager_impl.cc:2063] [Tags: "ConnectionId":"5528","StreamId":"14766777661488603583"] Codec completed encoding stream.
[2026-10-05 07:14:14.217][14][debug][router] [source/common/router/router.cc:1153] Executing cleanup(): resetting retry_state_ and disabling timers
[2026-10-05 07:14:14.217][14][debug][pool] [source/common/http/http1/conn_pool.cc:61] [Tags: "ConnectionId":"1748"] response complete
[2026-10-05 07:14:14.217][14][debug][pool] [source/common/conn_pool/conn_pool_base.cc:282] [Tags: "ConnectionId":"1748"] destroying stream: 0 active remaining, readyForStream false, currentUnusedCapacity 1
[2026-10-05 07:14:14.217][14][debug][router] [source/common/router/router.cc:1700] [Tags: "ConnectionId":"5530","StreamId":"16120040448599060878"] upstream headers complete: end_stream=false
[2026-10-05 07:14:14.217][14][debug][lua] [source/extensions/filters/common/lua/lua.cc:23] script log: completed GET /bookings/bk-58317 status=200
[2026-10-05 07:14:14.217][14][debug][lua] [source/extensions/filters/common/lua/lua.cc:67] coroutine finished
[2026-10-05 07:14:14.217][14][debug][http] [source/common/http/conn_manager_impl.cc:1948] [Tags: "ConnectionId":"5530","StreamId":"16120040448599060878"] encoding headers via codec (end_stream=false):
':status', '200'
'content-type', 'application/json'
'date', 'Mon, 05 Oct 2026 07:14:14 GMT'
'content-length', '31'
'x-envoy-upstream-service-time', '1'
'server', 'envoy'

[2026-10-05 07:14:14.217][14][debug][client] [source/common/http/codec_client.cc:137] [Tags: "ConnectionId":"1752"] response complete
[2026-10-05 07:14:14.217][14][debug][router] [source/common/router/router.cc:1153] Executing cleanup(): resetting retry_state_ and disabling timers
[2026-10-05 07:14:14.217][14][debug][http] [source/common/http/conn_manager_impl.cc:2063] [Tags: "ConnectionId":"5530","StreamId":"16120040448599060878"] Codec completed encoding stream.
[2026-10-05 07:14:14.217][14][debug][router] [source/common/router/router.cc:1153] Executing cleanup(): resetting retry_state_ and disabling timers
[2026-10-05 07:14:14.217][14][debug][pool] [source/common/http/http1/conn_pool.cc:61] [Tags: "ConnectionId":"1752"] response complete
[2026-10-05 07:14:14.217][14][debug][pool] [source/common/conn_pool/conn_pool_base.cc:282] [Tags: "ConnectionId":"1752"] destroying stream: 0 active remaining, readyForStream false, currentUnusedCapacity 1
[2026-10-05 07:14:14.217][14][debug][router] [source/common/router/router.cc:1700] [Tags: "ConnectionId":"5527","StreamId":"17410418891607345780"] upstream headers complete: end_stream=false
[2026-10-05 07:14:14.217][14][debug][lua] [source/extensions/filters/common/lua/lua.cc:23] script log: completed POST /booking status=200
[2026-10-05 07:14:14.217][14][debug][lua] [source/extensions/filters/common/lua/lua.cc:67] coroutine finished
[2026-10-05 07:14:14.217][14][debug][http] [source/common/http/conn_manager_impl.cc:1948] [Tags: "ConnectionId":"5527","StreamId":"17410418891607345780"] encoding headers via codec (end_stream=false):
':status', '200'
'content-type', 'application/json'
'date', 'Mon, 05 Oct 2026 07:14:14 GMT'
'content-length', '15'
'x-envoy-upstream-service-time', '1'
'server', 'envoy'

[2026-10-05 07:14:14.217][14][debug][client] [source/common/http/codec_client.cc:137] [Tags: "ConnectionId":"19"] response complete
[2026-10-05 07:14:14.217][14][debug][router] [source/common/router/router.cc:1153] Executing cleanup(): resetting retry_state_ and disabling timers
[2026-10-05 07:14:14.217][14][debug][http] [source/common/http/conn_manager_impl.cc:2063] [Tags: "ConnectionId":"5527","StreamId":"17410418891607345780"] Codec completed encoding stream.
[2026-10-05 07:14:14.217][14][debug][router] [source/common/router/router.cc:1153] Executing cleanup(): resetting retry_state_ and disabling timers
[2026-10-05 07:14:14.217][14][debug][pool] [source/common/http/http1/conn_pool.cc:61] [Tags: "ConnectionId":"19"] response complete
[2026-10-05 07:14:14.217][14][debug][pool] [source/common/conn_pool/conn_pool_base.cc:282] [Tags: "ConnectionId":"19"] destroying stream: 0 active remaining, readyForStream false, currentUnusedCapacity 1
[2026-10-05 07:14:14.217][14][debug][router] [source/common/router/router.cc:1700] [Tags: "ConnectionId":"5520","StreamId":"6539405561900779294"] upstream headers complete: end_stream=false
[2026-10-05 07:14:14.217][14][debug][lua] [source/extensions/filters/common/lua/lua.cc:23] script log: completed POST /payments status=200
[2026-10-05 07:14:14.217][14][debug][lua] [source/extensions/filters/common/lua/lua.cc:67] coroutine finished
[2026-10-05 07:14:14.217][14][debug][http] [source/common/http/conn_manager_impl.cc:1948] [Tags: "ConnectionId":"5520","StreamId":"6539405561900779294"] encoding headers via codec (end_stream=false):
':status', '200'
'content-type', 'application/json'
'date', 'Mon, 05 Oct 2026 07:14:14 GMT'
'content-length', '15'
'x-envoy-upstream-service-time', '0'
'server', 'envoy'

[2026-10-05 07:14:14.217][14][debug][client] [source/common/http/codec_client.cc:137] [Tags: "ConnectionId":"6"] response complete
[2026-10-05 07:14:14.217][14][debug][router] [source/common/router/router.cc:1153] Executing cleanup(): resetting retry_state_ and disabling timers
[2026-10-05 07:14:14.217][14][debug][http] [source/common/http/conn_manager_impl.cc:2063] [Tags: "ConnectionId":"5520","StreamId":"6539405561900779294"] Codec completed encoding stream.
[2026-10-05 07:14:14.217][14][debug][router] [source/common/router/router.cc:1153] Executing cleanup(): resetting retry_state_ and disabling timers
[2026-10-05 07:14:14.217][14][debug][pool] [source/common/http/http1/conn_pool.cc:61] [Tags: "ConnectionId":"6"] response complete
[2026-10-05 07:14:14.217][14][debug][pool] [source/common/conn_pool/conn_pool_base.cc:282] [Tags: "ConnectionId":"6"] destroying stream: 0 active remaining, readyForStream false, currentUnusedCapacity 1
[2026-10-05 07:14:14.217][14][debug][router] [source/common/router/router.cc:1700] [Tags: "ConnectionId":"5529","StreamId":"15734470013122904180"] upstream headers complete: end_stream=false
[2026-10-05 07:14:14.217][14][debug][lua] [source/extensions/filters/common/lua/lua.cc:23] script log: completed PUT /order/ord-37380 status=200
[2026-10-05 07:14:14.217][14][debug][lua] [source/extensions/filters/common/lua/lua.cc:67] coroutine finished
[2026-10-05 07:14:14.217][14][debug][http] [source/common/http/conn_manager_impl.cc:1948] [Tags: "ConnectionId":"5529","StreamId":"15734470013122904180"] encoding headers via codec (end_stream=false):
':status', '200'
'content-type', 'application/json'
'date', 'Mon, 05 Oct 2026 07:14:14 GMT'
'content-length', '37'
'x-envoy-upstream-service-time', '0'
'server', 'envoy'

[2026-10-05 07:14:14.217][14][debug][client] [source/common/http/codec_client.cc:137] [Tags: "ConnectionId":"1746"] response complete
[2026-10-05 07:14:14.217][14][debug][router] [source/common/router/router.cc:1153] Executing cleanup(): resetting retry_state_ and disabling timers
[2026-10-05 07:14:14.217][14][debug][http] [source/common/http/conn_manager_impl.cc:2063] [Tags: "ConnectionId":"5529","StreamId":"15734470013122904180"] Codec completed encoding stream.
[2026-10-05 07:14:14.217][14][debug][router] [source/common/router/router.cc:1153] Executing cleanup(): resetting retry_state_ and disabling timers
[2026-10-05 07:14:14.217][14][debug][pool] [source/common/http/http1/conn_pool.cc:61] [Tags: "ConnectionId":"1746"] response complete
[2026-10-05 07:14:14.217][14][debug][pool] [source/common/conn_pool/conn_pool_base.cc:282] [Tags: "ConnectionId":"1746"] destroying stream: 0 active remaining, readyForStream false, currentUnusedCapacity 1
[2026-10-05 07:14:14.217][14][debug][router] [source/common/router/router.cc:1700] [Tags: "ConnectionId":"5521","StreamId":"12195589070817651096"] upstream headers complete: end_stream=false
[2026-10-05 07:14:14.217][14][debug][lua] [source/extensions/filters/common/lua/lua.cc:23] script log: completed GET /users/usr-36001 status=200
[2026-10-05 07:14:14.217][14][debug][lua] [source/extensions/filters/common/lua/lua.cc:67] coroutine finished
[2026-10-05 07:14:14.217][14][debug][http] [source/common/http/conn_manager_impl.cc:1948] [Tags: "ConnectionId":"5521","StreamId":"12195589070817651096"] encoding headers via codec (end_stream=false):
':status', '200'
'content-type', 'application/json'
'date', 'Mon, 05 Oct 2026 07:14:14 GMT'
'content-length', '32'
'x-envoy-upstream-service-time', '0'
'server', 'envoy'

[2026-10-05 07:14:14.217][14][debug][client] [source/common/http/codec_client.cc:137] [Tags: "ConnectionId":"23"] response complete
[2026-10-05 07:14:14.217][14][debug][router] [source/common/router/router.cc:1153] Executing cleanup(): resetting retry_state_ and disabling timers
[2026-10-05 07:14:14.217][14][debug][http] [source/common/http/conn_manager_impl.cc:2063] [Tags: "ConnectionId":"5521","StreamId":"12195589070817651096"] Codec completed encoding stream.
[2026-10-05 07:14:14.217][14][debug][router] [source/common/router/router.cc:1153] Executing cleanup(): resetting retry_state_ and disabling timers
[2026-10-05 07:14:14.217][14][debug][pool] [source/common/http/http1/conn_pool.cc:61] [Tags: "ConnectionId":"23"] response complete
[2026-10-05 07:14:14.217][14][debug][pool] [source/common/conn_pool/conn_pool_base.cc:282] [Tags: "ConnectionId":"23"] destroying stream: 0 active remaining, readyForStream false, currentUnusedCapacity 1
[2026-10-05 07:14:14.217][14][debug][router] [source/common/router/router.cc:1700] [Tags: "ConnectionId":"5526","StreamId":"8719954327974827229"] upstream headers complete: end_stream=false
[2026-10-05 07:14:14.217][14][debug][lua] [source/extensions/filters/common/lua/lua.cc:23] script log: completed POST /foods/data status=200
[2026-10-05 07:14:14.217][14][debug][lua] [source/extensions/filters/common/lua/lua.cc:67] coroutine finished
[2026-10-05 07:14:14.217][14][debug][http] [source/common/http/conn_manager_impl.cc:1948] [Tags: "ConnectionId":"5526","StreamId":"8719954327974827229"] encoding headers via codec (end_stream=false):
':status', '200'
'content-type', 'application/json'
'date', 'Mon, 05 Oct 2026 07:14:14 GMT'
'content-length', '15'
'x-envoy-upstream-service-time', '0'
'server', 'envoy'

[2026-10-05 07:14:14.217][14][debug][client] [source/common/http/codec_client.cc:137] [Tags: "ConnectionId":"1751"] response complete
[2026-10-05 07:14:14.217][14][debug][router] [source/common/router/router.cc:1153] Executing cleanup(): resetting retry_state_ and disabling timers
[2026-10-05 07:14:14.217][14][debug][http] [source/common/http/conn_manager_impl.cc:2063] [Tags: "ConnectionId":"5526","StreamId":"8719954327974827229"] Codec completed encoding stream.
[2026-10-05 07:14:14.217][14][debug][router] [source/common/router/router.cc:1153] Executing cleanup(): resetting retry_state_ and disabling timers
[2026-10-05 07:14:14.217][14][debug][pool] [source/common/http/http1/conn_pool.cc:61] [Tags: "ConnectionId":"1751"] response complete
[2026-10-05 07:14:14.217][14][debug][pool] [source/common/conn_pool/conn_pool_base.cc:282] [Tags: "ConnectionId":"1751"] destroying stream: 0 active remaining, readyForStream false, currentUnusedCapacity 1
[2026-10-05 07:14:14.217][14][debug][client] [source/common/http/codec_client.cc:137] [Tags: "ConnectionId":"11"] response complete
[2026-10-05 07:14:14.217][14][debug][router] [source/common/router/router.cc:1700] [Tags: "ConnectionId":"5523","StreamId":"9745856069130901794"] upstream headers complete: end_stream=true
[2026-10-05 07:14:14.217][14][debug][router] [source/common/router/router.cc:1153] Executing cleanup(): resetting retry_state_ and disabling timers
[2026-10-05 07:14:14.217][14][debug][lua] [source/extensions/filters/common/lua/lua.cc:23] script log: completed OPTIONS /bookings status=204
[2026-10-05 07:14:14.217][14][debug][lua] [source/extensions/filters/common/lua/lua.cc:67] coroutine finished
[2026-10-05 07:14:14.217][14][debug][http] [source/common/http/conn_manager_impl.cc:1948] [Tags: "ConnectionId":"5523","StreamId":"9745856069130901794"] encoding headers via codec (end_stream=true):
':status', '204'
'access-control-allow-methods', 'GET, OPTIONS'
'allow', 'GET, OPTIONS'
'date', 'Mon, 05 Oct 2026 07:14:14 GMT'
'x-envoy-upstream-service-time', '0'
'server', 'envoy'

[2026-10-05 07:14:14.217][14][debug][http] [source/common/http/conn_manager_impl.cc:2063] [Tags: "ConnectionId":"5523","StreamId":"9745856069130901794"] Codec completed encoding stream.
[2026-10-05 07:14:14.217][14][debug][router] [source/common/router/router.cc:1153] Executing cleanup(): resetting retry_state_ and disabling timers
[2026-10-05 07:14:14.217][14][debug][pool] [source/common/http/http1/conn_pool.cc:61] [Tags: "ConnectionId":"11"] response complete
[2026-10-05 07:14:14.217][14][debug][pool] [source/common/conn_pool/conn_pool_base.cc:282] [Tags: "ConnectionId":"11"] destroying stream: 0 active remaining, readyForStream false, currentUnusedCapacity 1
[2026-10-05 07:14:14.235][14][debug][http] [source/common/http/conn_manager_impl.cc:394] [Tags: "ConnectionId":"5520"] new stream
[2026-10-05 07:14:14.235][14][debug][http] [source/common/http/conn_manager_impl.cc:1291] [Tags: "ConnectionId":"5520","StreamId":"18120234672383409727"] request headers complete (end_stream=false):
':authority', 'envoy:10000'
':path', '/payments'
':method', 'POST'
'user-agent', 'Go-http-client/1.1'
'content-length', '56'
'content-type', 'application/json'

[2026-10-05 07:14:14.235][14][debug][connection] [./source/common/network/connection_impl.h:101] [Tags: "ConnectionId":"5520"] current connecting state: false
[2026-10-05 07:14:14.235][14][info][lua] [source/extensions/filters/common/lua/lua.cc:26] script log: accepted POST /payments
[2026-10-05 07:14:14.235][14][debug][lua] [source/extensions/filters/common/lua/lua.cc:67] coroutine finished
[2026-10-05 07:14:14.235][14][debug][router] [source/common/router/router.cc:537] [Tags: "ConnectionId":"5520","StreamId":"18120234672383409727"] cluster 'payments' match for URL '/payments'
[2026-10-05 07:14:14.235][14][debug][router] [source/common/router/router.cc:812] [Tags: "ConnectionId":"5520","StreamId":"18120234672383409727"] router decoding headers:
':authority', 'envoy:10000'
':path', '/payments'
':method', 'POST'
':scheme', 'http'
'user-agent', 'Go-http-client/1.1'
'content-length', '56'
'content-type', 'application/json'
'x-forwarded-proto', 'http'
'x-request-id', 'e72a8f92-2848-4137-abf9-4b7f906f62e4'
'x-envoy-expected-rq-timeout-ms', '3000'

[2026-10-05 07:14:14.235][14][debug][pool] [source/common/conn_pool/conn_pool_base.cc:330] [Tags: "ConnectionId":"6"] using existing fully connected connection
[2026-10-05 07:14:14.235][14][debug][pool] [source/common/conn_pool/conn_pool_base.cc:247] [Tags: "ConnectionId":"6"] creating stream
[2026-10-05 07:14:14.235][14][debug][router] [source/common/router/upstream_request.cc:606] [Tags: "ConnectionId":"5520","StreamId":"18120234672383409727"] pool ready
[2026-10-05 07:14:14.235][14][debug][router] [source/common/router/router.cc:993] [Tags: "ConnectionId":"5520","StreamId":"18120234672383409727"] router decoding data: 56
[2026-10-05 07:14:14.235][14][debug][http] [source/common/http/conn_manager_impl.cc:1274] [Tags: "ConnectionId":"5520","StreamId":"18120234672383409727"] request end stream timestamp recorded
[2026-10-05 07:14:14.235][14][debug][router] [source/common/router/router.cc:993] [Tags: "ConnectionId":"5520","StreamId":"18120234672383409727"] router decoding data: 0
[2026-10-05 07:14:14.235][14][debug][client] [source/common/http/codec_client.cc:150] [Tags: "ConnectionId":"6"] encode complete
[2026-10-05 07:14:14.235][14][debug][http] [source/common/http/conn_manager_impl.cc:394] [Tags: "ConnectionId":"5529"] new stream
[2026-10-05 07:14:14.235][14][debug][http] [source/common/http/conn_manager_impl.cc:1291] [Tags: "ConnectionId":"5529","StreamId":"7898464910169143773"] request headers complete (end_stream=false):
':authority', 'envoy:10000'
':path', '/foods/data'
':method', 'POST'
'user-agent', 'Go-http-client/1.1'
'content-length', '26'
'content-type', 'application/json'

[2026-10-05 07:14:14.235][14][debug][connection] [./source/common/network/connection_impl.h:101] [Tags: "ConnectionId":"5529"] current connecting state: false
[2026-10-05 07:14:14.235][14][info][lua] [source/extensions/filters/common/lua/lua.cc:26] script log: accepted POST /foods/data
[2026-10-05 07:14:14.235][14][debug][lua] [source/extensions/filters/common/lua/lua.cc:67] coroutine finished
[2026-10-05 07:14:14.235][14][debug][router] [source/common/router/router.cc:537] [Tags: "ConnectionId":"5529","StreamId":"7898464910169143773"] cluster 'foods' match for URL '/foods/data'
[2026-10-05 07:14:14.235][14][debug][router] [source/common/router/router.cc:812] [Tags: "ConnectionId":"5529","StreamId":"7898464910169143773"] router decoding headers:
':authority', 'envoy:10000'
':path', '/foods/data'
':method', 'POST'
':scheme', 'http'
'user-agent', 'Go-http-client/1.1'
'content-length', '26'
'content-type', 'application/json'
'x-forwarded-proto', 'http'
'x-request-id', '276861b9-6843-4fea-9167-aa3011716f7e'
'x-envoy-expected-rq-timeout-ms', '3000'

[2026-10-05 07:14:14.235][14][debug][pool] [source/common/conn_pool/conn_pool_base.cc:330] [Tags: "ConnectionId":"1751"] using existing fully connected connection
[2026-10-05 07:14:14.235][14][debug][pool] [source/common/conn_pool/conn_pool_base.cc:247] [Tags: "ConnectionId":"1751"] creating stream
[2026-10-05 07:14:14.235][14][debug][router] [source/common/router/upstream_request.cc:606] [Tags: "ConnectionId":"5529","StreamId":"7898464910169143773"] pool ready
[2026-10-05 07:14:14.235][14][debug][router] [source/common/router/router.cc:993] [Tags: "ConnectionId":"5529","StreamId":"7898464910169143773"] router decoding data: 26
[2026-10-05 07:14:14.235][14][debug][http] [source/common/http/conn_manager_impl.cc:1274] [Tags: "ConnectionId":"5529","StreamId":"7898464910169143773"] request end stream timestamp recorded
[2026-10-05 07:14:14.235][14][debug][router] [source/common/router/router.cc:993] [Tags: "ConnectionId":"5529","StreamId":"7898464910169143773"] router decoding data: 0
[2026-10-05 07:14:14.235][14][debug][client] [source/common/http/codec_client.cc:150] [Tags: "ConnectionId":"1751"] encode complete
[2026-10-05 07:14:14.235][14][debug][http] [source/common/http/conn_manager_impl.cc:394] [Tags: "ConnectionId":"5521"] new stream
[2026-10-05 07:14:14.235][14][debug][http] [source/common/http/conn_manager_impl.cc:1291] [Tags: "ConnectionId":"5521","StreamId":"15819689816421184448"] request headers complete (end_stream=false):
':authority', 'envoy:10000'
':path', '/booking'
':method', 'POST'
'user-agent', 'Go-http-client/1.1'
'content-length', '58'
'content-type', 'application/json'

[2026-10-05 07:14:14.235][14][debug][connection] [./source/common/network/connection_impl.h:101] [Tags: "ConnectionId":"5521"] current connecting state: false
[2026-10-05 07:14:14.235][14][info][lua] [source/extensions/filters/common/lua/lua.cc:26] script log: accepted POST /booking
[2026-10-05 07:14:14.235][14][debug][lua] [source/extensions/filters/common/lua/lua.cc:67] coroutine finished
[2026-10-05 07:14:14.235][14][debug][router] [source/common/router/router.cc:537] [Tags: "ConnectionId":"5521","StreamId":"15819689816421184448"] cluster 'booking' match for URL '/booking'
[2026-10-05 07:14:14.235][14][debug][router] [source/common/router/router.cc:812] [Tags: "ConnectionId":"5521","StreamId":"15819689816421184448"] router decoding headers:
':authority', 'envoy:10000'
':path', '/booking'
':method', 'POST'
':scheme', 'http'
'user-agent', 'Go-http-client/1.1'
'content-length', '58'
'content-type', 'application/json'
'x-forwarded-proto', 'http'
'x-request-id', 'b8aa4304-a02d-4c9a-b021-3ad1ce1b2c13'
'x-envoy-expected-rq-timeout-ms', '3000'

[2026-10-05 07:14:14.235][14][debug][pool] [source/common/conn_pool/conn_pool_base.cc:330] [Tags: "ConnectionId":"11"] using existing fully connected connection
[2026-10-05 07:14:14.235][14][debug][pool] [source/common/conn_pool/conn_pool_base.cc:247] [Tags: "ConnectionId":"11"] creating stream
[2026-10-05 07:14:14.235][14][debug][router] [source/common/router/upstream_request.cc:606] [Tags: "ConnectionId":"5521","StreamId":"15819689816421184448"] pool ready
[2026-10-05 07:14:14.235][14][debug][router] [source/common/router/router.cc:993] [Tags: "ConnectionId":"5521","StreamId":"15819689816421184448"] router decoding data: 58
[2026-10-05 07:14:14.235][14][debug][http] [source/common/http/conn_manager_impl.cc:1274] [Tags: "ConnectionId":"5521","StreamId":"15819689816421184448"] request end stream timestamp recorded
[2026-10-05 07:14:14.235][14][debug][router] [source/common/router/router.cc:993] [Tags: "ConnectionId":"5521","StreamId":"15819689816421184448"] router decoding data: 0
[2026-10-05 07:14:14.235][14][debug][client] [source/common/http/codec_client.cc:150] [Tags: "ConnectionId":"11"] encode complete
[2026-10-05 07:14:14.235][14][debug][http] [source/common/http/conn_manager_impl.cc:394] [Tags: "ConnectionId":"5527"] new stream
[2026-10-05 07:14:14.235][14][debug][http] [source/common/http/conn_manager_impl.cc:1291] [Tags: "ConnectionId":"5527","StreamId":"13609873327733568877"] request headers complete (end_stream=true):
':authority', 'envoy:10000'
':path', '/bookings/bk-31037'
':method', 'GET'
'user-agent', 'Go-http-client/1.1'

[2026-10-05 07:14:14.235][14][debug][http] [source/common/http/conn_manager_impl.cc:1274] [Tags: "ConnectionId":"5527","StreamId":"13609873327733568877"] request end stream timestamp recorded
[2026-10-05 07:14:14.235][14][debug][connection] [./source/common/network/connection_impl.h:101] [Tags: "ConnectionId":"5527"] current connecting state: false
[2026-10-05 07:14:14.235][14][info][lua] [source/extensions/filters/common/lua/lua.cc:26] script log: accepted GET /bookings/bk-31037
[2026-10-05 07:14:14.235][14][debug][lua] [source/extensions/filters/common/lua/lua.cc:67] coroutine finished
[2026-10-05 07:14:14.235][14][debug][router] [source/common/router/router.cc:537] [Tags: "ConnectionId":"5527","StreamId":"13609873327733568877"] cluster 'booking' match for URL '/bookings/bk-31037'
[2026-10-05 07:14:14.235][14][debug][router] [source/common/router/router.cc:812] [Tags: "ConnectionId":"5527","StreamId":"13609873327733568877"] router decoding headers:
':authority', 'envoy:10000'
':path', '/bookings/bk-31037'
':method', 'GET'
':scheme', 'http'
'user-agent', 'Go-http-client/1.1'
'x-forwarded-proto', 'http'
'x-request-id', 'ea5252b3-434d-4aa4-8d95-a411943a71e0'
'x-envoy-expected-rq-timeout-ms', '3000'

[2026-10-05 07:14:14.235][14][debug][pool] [source/common/conn_pool/conn_pool_base.cc:330] [Tags: "ConnectionId":"19"] using existing fully connected connection
[2026-10-05 07:14:14.235][14][debug][pool] [source/common/conn_pool/conn_pool_base.cc:247] [Tags: "ConnectionId":"19"] creating stream
[2026-10-05 07:14:14.235][14][debug][router] [source/common/router/upstream_request.cc:606] [Tags: "ConnectionId":"5527","StreamId":"13609873327733568877"] pool ready
[2026-10-05 07:14:14.235][14][debug][client] [source/common/http/codec_client.cc:150] [Tags: "ConnectionId":"19"] encode complete
[2026-10-05 07:14:14.235][14][debug][http] [source/common/http/conn_manager_impl.cc:394] [Tags: "ConnectionId":"5528"] new stream
[2026-10-05 07:14:14.235][14][debug][http] [source/common/http/conn_manager_impl.cc:1291] [Tags: "ConnectionId":"5528","StreamId":"1566043210232848921"] request headers complete (end_stream=true):
':authority', 'envoy:10000'
':path', '/bookings'
':method', 'OPTIONS'
'user-agent', 'Go-http-client/1.1'

[2026-10-05 07:14:14.235][14][debug][http] [source/common/http/conn_manager_impl.cc:1274] [Tags: "ConnectionId":"5528","StreamId":"1566043210232848921"] request end stream timestamp recorded
[2026-10-05 07:14:14.235][14][debug][connection] [./source/common/network/connection_impl.h:101] [Tags: "ConnectionId":"5528"] current connecting state: false
[2026-10-05 07:14:14.235][14][info][lua] [source/extensions/filters/common/lua/lua.cc:26] script log: accepted OPTIONS /bookings
[2026-10-05 07:14:14.235][14][debug][lua] [source/extensions/filters/common/lua/lua.cc:67] coroutine finished
[2026-10-05 07:14:14.235][14][debug][router] [source/common/router/router.cc:537] [Tags: "ConnectionId":"5528","StreamId":"1566043210232848921"] cluster 'booking' match for URL '/bookings'
[2026-10-05 07:14:14.235][14][debug][router] [source/common/router/router.cc:812] [Tags: "ConnectionId":"5528","StreamId":"1566043210232848921"] router decoding headers:
':authority', 'envoy:10000'
':path', '/bookings'
':method', 'OPTIONS'
':scheme', 'http'
'user-agent', 'Go-http-client/1.1'
'x-forwarded-proto', 'http'
'x-request-id', 'f495dbf2-53e6-441d-8ad4-c828d05f2575'
'x-envoy-expected-rq-timeout-ms', '3000'

[2026-10-05 07:14:14.235][14][debug][pool] [source/common/conn_pool/conn_pool_base.cc:330] [Tags: "ConnectionId":"1752"] using existing fully connected connection
[2026-10-05 07:14:14.235][14][debug][pool] [source/common/conn_pool/conn_pool_base.cc:247] [Tags: "ConnectionId":"1752"] creating stream
[2026-10-05 07:14:14.235][14][debug][router] [source/common/router/upstream_request.cc:606] [Tags: "ConnectionId":"5528","StreamId":"1566043210232848921"] pool ready
[2026-10-05 07:14:14.235][14][debug][client] [source/common/http/codec_client.cc:150] [Tags: "ConnectionId":"1752"] encode complete
[2026-10-05 07:14:14.235][14][debug][http] [source/common/http/conn_manager_impl.cc:394] [Tags: "ConnectionId":"5526"] new stream
[2026-10-05 07:14:14.235][14][debug][http] [source/common/http/conn_manager_impl.cc:1291] [Tags: "ConnectionId":"5526","StreamId":"343030660456509732"] request headers complete (end_stream=true):
':authority', 'envoy:10000'
':path', '/payments/pay-95602'
':method', 'GET'
'user-agent', 'Go-http-client/1.1'

[2026-10-05 07:14:14.235][14][debug][http] [source/common/http/conn_manager_impl.cc:1274] [Tags: "ConnectionId":"5526","StreamId":"343030660456509732"] request end stream timestamp recorded
[2026-10-05 07:14:14.235][14][debug][connection] [./source/common/network/connection_impl.h:101] [Tags: "ConnectionId":"5526"] current connecting state: false
[2026-10-05 07:14:14.235][14][info][lua] [source/extensions/filters/common/lua/lua.cc:26] script log: accepted GET /payments/pay-95602
[2026-10-05 07:14:14.235][14][debug][lua] [source/extensions/filters/common/lua/lua.cc:67] coroutine finished
[2026-10-05 07:14:14.235][14][debug][router] [source/common/router/router.cc:537] [Tags: "ConnectionId":"5526","StreamId":"343030660456509732"] cluster 'payments' match for URL '/payments/pay-95602'
[2026-10-05 07:14:14.235][14][debug][router] [source/common/router/router.cc:812] [Tags: "ConnectionId":"5526","StreamId":"343030660456509732"] router decoding headers:
':authority', 'envoy:10000'
':path', '/payments/pay-95602'
':method', 'GET'
':scheme', 'http'
'user-agent', 'Go-http-client/1.1'
'x-forwarded-proto', 'http'
'x-request-id', '0bf56929-fc62-463d-af52-82a080b603f5'
'x-envoy-expected-rq-timeout-ms', '3000'

[2026-10-05 07:14:14.235][14][debug][pool] [source/common/conn_pool/conn_pool_base.cc:330] [Tags: "ConnectionId":"1"] using existing fully connected connection
[2026-10-05 07:14:14.235][14][debug][pool] [source/common/conn_pool/conn_pool_base.cc:247] [Tags: "ConnectionId":"1"] creating stream
[2026-10-05 07:14:14.235][14][debug][router] [source/common/router/upstream_request.cc:606] [Tags: "ConnectionId":"5526","StreamId":"343030660456509732"] pool ready
[2026-10-05 07:14:14.235][14][debug][client] [source/common/http/codec_client.cc:150] [Tags: "ConnectionId":"1"] encode complete
[2026-10-05 07:14:14.235][14][debug][http] [source/common/http/conn_manager_impl.cc:394] [Tags: "ConnectionId":"5523"] new stream
[2026-10-05 07:14:14.235][14][debug][http] [source/common/http/conn_manager_impl.cc:1291] [Tags: "ConnectionId":"5523","StreamId":"9745814086463379638"] request headers complete (end_stream=true):
':authority', 'envoy:10000'
':path', '/bookings/bk-75704'
':method', 'GET'
'user-agent', 'Go-http-client/1.1'

[2026-10-05 07:14:14.235][14][debug][http] [source/common/http/conn_manager_impl.cc:1274] [Tags: "ConnectionId":"5523","StreamId":"9745814086463379638"] request end stream timestamp recorded
[2026-10-05 07:14:14.235][14][debug][connection] [./source/common/network/connection_impl.h:101] [Tags: "ConnectionId":"5523"] current connecting state: false
[2026-10-05 07:14:14.235][14][info][lua] [source/extensions/filters/common/lua/lua.cc:26] script log: accepted GET /bookings/bk-75704
[2026-10-05 07:14:14.235][14][debug][lua] [source/extensions/filters/common/lua/lua.cc:67] coroutine finished
[2026-10-05 07:14:14.235][14][debug][router] [source/common/router/router.cc:537] [Tags: "ConnectionId":"5523","StreamId":"9745814086463379638"] cluster 'booking' match for URL '/bookings/bk-75704'
[2026-10-05 07:14:14.235][14][debug][router] [source/common/router/router.cc:812] [Tags: "ConnectionId":"5523","StreamId":"9745814086463379638"] router decoding headers:
':authority', 'envoy:10000'
':path', '/bookings/bk-75704'
':method', 'GET'
':scheme', 'http'
'user-agent', 'Go-http-client/1.1'
'x-forwarded-proto', 'http'
'x-request-id', '097663e7-8d6d-4e04-a50a-dd0abf1af677'
'x-envoy-expected-rq-timeout-ms', '3000'

[2026-10-05 07:14:14.235][14][debug][pool] [source/common/conn_pool/conn_pool_base.cc:330] [Tags: "ConnectionId":"1748"] using existing fully connected connection
[2026-10-05 07:14:14.235][14][debug][pool] [source/common/conn_pool/conn_pool_base.cc:247] [Tags: "ConnectionId":"1748"] creating stream
[2026-10-05 07:14:14.235][14][debug][router] [source/common/router/upstream_request.cc:606] [Tags: "ConnectionId":"5523","StreamId":"9745814086463379638"] pool ready
[2026-10-05 07:14:14.235][14][debug][client] [source/common/http/codec_client.cc:150] [Tags: "ConnectionId":"1748"] encode complete
[2026-10-05 07:14:14.235][14][debug][http] [source/common/http/conn_manager_impl.cc:394] [Tags: "ConnectionId":"5530"] new stream
[2026-10-05 07:14:14.235][14][debug][http] [source/common/http/conn_manager_impl.cc:1291] [Tags: "ConnectionId":"5530","StreamId":"11548629059350977146"] request headers complete (end_stream=false):
':authority', 'envoy:10000'
':path', '/payments'
':method', 'POST'
'user-agent', 'Go-http-client/1.1'
'content-length', '56'
'content-type', 'application/json'

[2026-10-05 07:14:14.235][14][debug][connection] [./source/common/network/connection_impl.h:101] [Tags: "ConnectionId":"5530"] current connecting state: false
[2026-10-05 07:14:14.235][14][info][lua] [source/extensions/filters/common/lua/lua.cc:26] script log: accepted POST /payments
[2026-10-05 07:14:14.235][14][debug][lua] [source/extensions/filters/common/lua/lua.cc:67] coroutine finished
[2026-10-05 07:14:14.235][14][debug][router] [source/common/router/router.cc:537] [Tags: "ConnectionId":"5530","StreamId":"11548629059350977146"] cluster 'payments' match for URL '/payments'
[2026-10-05 07:14:14.235][14][debug][router] [source/common/router/router.cc:812] [Tags: "ConnectionId":"5530","StreamId":"11548629059350977146"] router decoding headers:
':authority', 'envoy:10000'
':path', '/payments'
':method', 'POST'
':scheme', 'http'
'user-agent', 'Go-http-client/1.1'
'content-length', '56'
'content-type', 'application/json'
'x-forwarded-proto', 'http'
'x-request-id', 'e9645cb9-0eab-49f7-95b9-f8dac6f10bed'
'x-envoy-expected-rq-timeout-ms', '3000'

[2026-10-05 07:14:14.235][14][debug][pool] [source/common/conn_pool/conn_pool_base.cc:330] [Tags: "ConnectionId":"1749"] using existing fully connected connection
[2026-10-05 07:14:14.235][14][debug][pool] [source/common/conn_pool/conn_pool_base.cc:247] [Tags: "ConnectionId":"1749"] creating stream
[2026-10-05 07:14:14.235][14][debug][router] [source/common/router/upstream_request.cc:606] [Tags: "ConnectionId":"5530","StreamId":"11548629059350977146"] pool ready
[2026-10-05 07:14:14.235][14][debug][router] [source/common/router/router.cc:993] [Tags: "ConnectionId":"5530","StreamId":"11548629059350977146"] router decoding data: 56
[2026-10-05 07:14:14.235][14][debug][http] [source/common/http/conn_manager_impl.cc:1274] [Tags: "ConnectionId":"5530","StreamId":"11548629059350977146"] request end stream timestamp recorded
[2026-10-05 07:14:14.235][14][debug][router] [source/common/router/router.cc:993] [Tags: "ConnectionId":"5530","StreamId":"11548629059350977146"] router decoding data: 0
[2026-10-05 07:14:14.235][14][debug][client] [source/common/http/codec_client.cc:150] [Tags: "ConnectionId":"1749"] encode complete
[2026-10-05 07:14:14.235][14][debug][http] [source/common/http/conn_manager_impl.cc:394] [Tags: "ConnectionId":"5507"] new stream
[2026-10-05 07:14:14.235][14][debug][http] [source/common/http/conn_manager_impl.cc:1291] [Tags: "ConnectionId":"5507","StreamId":"16644832920296835473"] request headers complete (end_stream=false):
':authority', 'envoy:10000'
':path', '/order/ord-14664'
':method', 'PUT'
'user-agent', 'Go-http-client/1.1'
'content-length', '22'
'content-type', 'application/json'

[2026-10-05 07:14:14.235][14][debug][connection] [./source/common/network/connection_impl.h:101] [Tags: "ConnectionId":"5507"] current connecting state: false
[2026-10-05 07:14:14.235][14][info][lua] [source/extensions/filters/common/lua/lua.cc:26] script log: accepted PUT /order/ord-14664
[2026-10-05 07:14:14.235][14][debug][lua] [source/extensions/filters/common/lua/lua.cc:67] coroutine finished
[2026-10-05 07:14:14.235][14][debug][router] [source/common/router/router.cc:537] [Tags: "ConnectionId":"5507","StreamId":"16644832920296835473"] cluster 'orders' match for URL '/order/ord-14664'
[2026-10-05 07:14:14.235][14][debug][router] [source/common/router/router.cc:812] [Tags: "ConnectionId":"5507","StreamId":"16644832920296835473"] router decoding headers:
':authority', 'envoy:10000'
':path', '/order/ord-14664'
':method', 'PUT'
':scheme', 'http'
'user-agent', 'Go-http-client/1.1'
'content-length', '22'
'content-type', 'application/json'
'x-forwarded-proto', 'http'
'x-request-id', 'bbc6764c-fd57-4dec-a29e-9c19486eb7c6'
'x-envoy-expected-rq-timeout-ms', '3000'

[2026-10-05 07:14:14.235][14][debug][pool] [source/common/conn_pool/conn_pool_base.cc:330] [Tags: "ConnectionId":"1746"] using existing fully connected connection
[2026-10-05 07:14:14.235][14][debug][pool] [source/common/conn_pool/conn_pool_base.cc:247] [Tags: "ConnectionId":"1746"] creating stream
[2026-10-05 07:14:14.235][14][debug][router] [source/common/router/upstream_request.cc:606] [Tags: "ConnectionId":"5507","StreamId":"16644832920296835473"] pool ready
[2026-10-05 07:14:14.235][14][debug][router] [source/common/router/router.cc:993] [Tags: "ConnectionId":"5507","StreamId":"16644832920296835473"] router decoding data: 22
[2026-10-05 07:14:14.235][14][debug][http] [source/common/http/conn_manager_impl.cc:1274] [Tags: "ConnectionId":"5507","StreamId":"16644832920296835473"] request end stream timestamp recorded
[2026-10-05 07:14:14.235][14][debug][router] [source/common/router/router.cc:993] [Tags: "ConnectionId":"5507","StreamId":"16644832920296835473"] router decoding data: 0
[2026-10-05 07:14:14.235][14][debug][client] [source/common/http/codec_client.cc:150] [Tags: "ConnectionId":"1746"] encode complete
[2026-10-05 07:14:14.235][14][debug][http] [source/common/http/conn_manager_impl.cc:394] [Tags: "ConnectionId":"5525"] new stream
[2026-10-05 07:14:14.235][14][debug][http] [source/common/http/conn_manager_impl.cc:1291] [Tags: "ConnectionId":"5525","StreamId":"14793587902563083606"] request headers complete (end_stream=true):
':authority', 'envoy:10000'
':path', '/users/usr-67709'
':method', 'GET'
'user-agent', 'Go-http-client/1.1'

[2026-10-05 07:14:14.235][14][debug][http] [source/common/http/conn_manager_impl.cc:1274] [Tags: "ConnectionId":"5525","StreamId":"14793587902563083606"] request end stream timestamp recorded
[2026-10-05 07:14:14.235][14][debug][connection] [./source/common/network/connection_impl.h:101] [Tags: "ConnectionId":"5525"] current connecting state: false
[2026-10-05 07:14:14.235][14][info][lua] [source/extensions/filters/common/lua/lua.cc:26] script log: accepted GET /users/usr-67709
[2026-10-05 07:14:14.235][14][debug][lua] [source/extensions/filters/common/lua/lua.cc:67] coroutine finished
[2026-10-05 07:14:14.235][14][debug][router] [source/common/router/router.cc:537] [Tags: "ConnectionId":"5525","StreamId":"14793587902563083606"] cluster 'users' match for URL '/users/usr-67709'
[2026-10-05 07:14:14.235][14][debug][router] [source/common/router/router.cc:812] [Tags: "ConnectionId":"5525","StreamId":"14793587902563083606"] router decoding headers:
':authority', 'envoy:10000'
':path', '/users/usr-67709'
':method', 'GET'
':scheme', 'http'
'user-agent', 'Go-http-client/1.1'
'x-forwarded-proto', 'http'
'x-request-id', '9b6c2eea-9e1f-47a9-bf25-34163464fe4f'
'x-envoy-expected-rq-timeout-ms', '3000'

[2026-10-05 07:14:14.235][14][debug][pool] [source/common/conn_pool/conn_pool_base.cc:330] [Tags: "ConnectionId":"23"] using existing fully connected connection
[2026-10-05 07:14:14.235][14][debug][pool] [source/common/conn_pool/conn_pool_base.cc:247] [Tags: "ConnectionId":"23"] creating stream
[2026-10-05 07:14:14.235][14][debug][router] [source/common/router/upstream_request.cc:606] [Tags: "ConnectionId":"5525","StreamId":"14793587902563083606"] pool ready
[2026-10-05 07:14:14.235][14][debug][client] [source/common/http/codec_client.cc:150] [Tags: "ConnectionId":"23"] encode complete
[2026-10-05 07:14:14.235][14][debug][http] [source/common/http/conn_manager_impl.cc:394] [Tags: "ConnectionId":"5508"] new stream
[2026-10-05 07:14:14.235][14][debug][http] [source/common/http/conn_manager_impl.cc:1291] [Tags: "ConnectionId":"5508","StreamId":"11264416652620720356"] request headers complete (end_stream=true):
':authority', 'envoy:10000'
':path', '/bookings'
':method', 'OPTIONS'
'user-agent', 'Go-http-client/1.1'

[2026-10-05 07:14:14.235][14][debug][http] [source/common/http/conn_manager_impl.cc:1274] [Tags: "ConnectionId":"5508","StreamId":"11264416652620720356"] request end stream timestamp recorded
[2026-10-05 07:14:14.235][14][debug][connection] [./source/common/network/connection_impl.h:101] [Tags: "ConnectionId":"5508"] current connecting state: false
[2026-10-05 07:14:14.235][14][info][lua] [source/extensions/filters/common/lua/lua.cc:26] script log: accepted OPTIONS /bookings
[2026-10-05 07:14:14.235][14][debug][lua] [source/extensions/filters/common/lua/lua.cc:67] coroutine finished
[2026-10-05 07:14:14.235][14][debug][router] [source/common/router/router.cc:537] [Tags: "ConnectionId":"5508","StreamId":"11264416652620720356"] cluster 'booking' match for URL '/bookings'
[2026-10-05 07:14:14.235][14][debug][router] [source/common/router/router.cc:812] [Tags: "ConnectionId":"5508","StreamId":"11264416652620720356"] router decoding headers:
':authority', 'envoy:10000'
':path', '/bookings'
':method', 'OPTIONS'
':scheme', 'http'
'user-agent', 'Go-http-client/1.1'
'x-forwarded-proto', 'http'
'x-request-id', '1704758a-faa9-4e15-a58d-c781945393b1'
'x-envoy-expected-rq-timeout-ms', '3000'

[2026-10-05 07:14:14.235][14][debug][pool] [source/common/conn_pool/conn_pool_base.cc:330] [Tags: "ConnectionId":"17"] using existing fully connected connection
[2026-10-05 07:14:14.235][14][debug][pool] [source/common/conn_pool/conn_pool_base.cc:247] [Tags: "ConnectionId":"17"] creating stream
[2026-10-05 07:14:14.235][14][debug][router] [source/common/router/upstream_request.cc:606] [Tags: "ConnectionId":"5508","StreamId":"11264416652620720356"] pool ready
[2026-10-05 07:14:14.235][14][debug][client] [source/common/http/codec_client.cc:150] [Tags: "ConnectionId":"17"] encode complete
[2026-10-05 07:14:14.235][14][debug][http] [source/common/http/conn_manager_impl.cc:394] [Tags: "ConnectionId":"5531"] new stream
[2026-10-05 07:14:14.235][14][debug][http] [source/common/http/conn_manager_impl.cc:1291] [Tags: "ConnectionId":"5531","StreamId":"4496742199974484180"] request headers complete (end_stream=false):
':authority', 'envoy:10000'
':path', '/foods/data'
':method', 'POST'
'user-agent', 'Go-http-client/1.1'
'content-length', '26'
'content-type', 'application/json'

[2026-10-05 07:14:14.235][14][debug][connection] [./source/common/network/connection_impl.h:101] [Tags: "ConnectionId":"5531"] current connecting state: false
[2026-10-05 07:14:14.235][14][info][lua] [source/extensions/filters/common/lua/lua.cc:26] script log: accepted POST /foods/data
[2026-10-05 07:14:14.235][14][debug][lua] [source/extensions/filters/common/lua/lua.cc:67] coroutine finished
[2026-10-05 07:14:14.235][14][debug][router] [source/common/router/router.cc:537] [Tags: "ConnectionId":"5531","StreamId":"4496742199974484180"] cluster 'foods' match for URL '/foods/data'
[2026-10-05 07:14:14.235][14][debug][router] [source/common/router/router.cc:812] [Tags: "ConnectionId":"5531","StreamId":"4496742199974484180"] router decoding headers:
':authority', 'envoy:10000'
':path', '/foods/data'
':method', 'POST'
':scheme', 'http'
'user-agent', 'Go-http-client/1.1'
'content-length', '26'
'content-type', 'application/json'
'x-forwarded-proto', 'http'
'x-request-id', '5761089c-b395-4cf3-8921-56106b264c11'
'x-envoy-expected-rq-timeout-ms', '3000'

[2026-10-05 07:14:14.235][14][debug][pool] [source/common/conn_pool/conn_pool_base.cc:330] [Tags: "ConnectionId":"1750"] using existing fully connected connection
[2026-10-05 07:14:14.235][14][debug][pool] [source/common/conn_pool/conn_pool_base.cc:247] [Tags: "ConnectionId":"1750"] creating stream
[2026-10-05 07:14:14.235][14][debug][router] [source/common/router/upstream_request.cc:606] [Tags: "ConnectionId":"5531","StreamId":"4496742199974484180"] pool ready
[2026-10-05 07:14:14.235][14][debug][router] [source/common/router/router.cc:993] [Tags: "ConnectionId":"5531","StreamId":"4496742199974484180"] router decoding data: 26
[2026-10-05 07:14:14.235][14][debug][http] [source/common/http/conn_manager_impl.cc:1274] [Tags: "ConnectionId":"5531","StreamId":"4496742199974484180"] request end stream timestamp recorded
[2026-10-05 07:14:14.235][14][debug][router] [source/common/router/router.cc:993] [Tags: "ConnectionId":"5531","StreamId":"4496742199974484180"] router decoding data: 0
[2026-10-05 07:14:14.235][14][debug][client] [source/common/http/codec_client.cc:150] [Tags: "ConnectionId":"1750"] encode complete
[2026-10-05 07:14:14.236][14][debug][http] [source/common/http/conn_manager_impl.cc:394] [Tags: "ConnectionId":"5506"] new stream
[2026-10-05 07:14:14.236][14][debug][http] [source/common/http/conn_manager_impl.cc:1291] [Tags: "ConnectionId":"5506","StreamId":"14713567030215811473"] request headers complete (end_stream=true):
':authority', 'envoy:10000'
':path', '/users/usr-77275'
':method', 'GET'
'user-agent', 'Go-http-client/1.1'

[2026-10-05 07:14:14.236][14][debug][http] [source/common/http/conn_manager_impl.cc:1274] [Tags: "ConnectionId":"5506","StreamId":"14713567030215811473"] request end stream timestamp recorded
[2026-10-05 07:14:14.236][14][debug][connection] [./source/common/network/connection_impl.h:101] [Tags: "ConnectionId":"5506"] current connecting state: false
[2026-10-05 07:14:14.236][14][info][lua] [source/extensions/filters/common/lua/lua.cc:26] script log: accepted GET /users/usr-77275
[2026-10-05 07:14:14.236][14][debug][lua] [source/extensions/filters/common/lua/lua.cc:67] coroutine finished
[2026-10-05 07:14:14.236][14][debug][router] [source/common/router/router.cc:537] [Tags: "ConnectionId":"5506","StreamId":"14713567030215811473"] cluster 'users' match for URL '/users/usr-77275'
[2026-10-05 07:14:14.236][14][debug][router] [source/common/router/router.cc:812] [Tags: "ConnectionId":"5506","StreamId":"14713567030215811473"] router decoding headers:
':authority', 'envoy:10000'
':path', '/users/usr-77275'
':method', 'GET'
':scheme', 'http'
'user-agent', 'Go-http-client/1.1'
'x-forwarded-proto', 'http'
'x-request-id', 'c2758c42-c03e-4191-a415-d4758558cb8e'
'x-envoy-expected-rq-timeout-ms', '3000'

[2026-10-05 07:14:14.236][14][debug][pool] [source/common/conn_pool/conn_pool_base.cc:330] [Tags: "ConnectionId":"8"] using existing fully connected connection
[2026-10-05 07:14:14.236][14][debug][pool] [source/common/conn_pool/conn_pool_base.cc:247] [Tags: "ConnectionId":"8"] creating stream
[2026-10-05 07:14:14.236][14][debug][router] [source/common/router/upstream_request.cc:606] [Tags: "ConnectionId":"5506","StreamId":"14713567030215811473"] pool ready
[2026-10-05 07:14:14.236][14][debug][client] [source/common/http/codec_client.cc:150] [Tags: "ConnectionId":"8"] encode complete
[2026-10-05 07:14:14.236][14][debug][http] [source/common/http/conn_manager_impl.cc:394] [Tags: "ConnectionId":"5470"] new stream
[2026-10-05 07:14:14.236][14][debug][http] [source/common/http/conn_manager_impl.cc:1291] [Tags: "ConnectionId":"5470","StreamId":"5121061443238788621"] request headers complete (end_stream=false):
':authority', 'envoy:10000'
':path', '/order/ord-60841'
':method', 'PUT'
'user-agent', 'Go-http-client/1.1'
'content-length', '20'
'content-type', 'application/json'

[2026-10-05 07:14:14.236][14][debug][connection] [./source/common/network/connection_impl.h:101] [Tags: "ConnectionId":"5470"] current connecting state: false
[2026-10-05 07:14:14.236][14][info][lua] [source/extensions/filters/common/lua/lua.cc:26] script log: accepted PUT /order/ord-60841
[2026-10-05 07:14:14.236][14][debug][lua] [source/extensions/filters/common/lua/lua.cc:67] coroutine finished
[2026-10-05 07:14:14.236][14][debug][router] [source/common/router/router.cc:537] [Tags: "ConnectionId":"5470","StreamId":"5121061443238788621"] cluster 'orders' match for URL '/order/ord-60841'
[2026-10-05 07:14:14.236][14][debug][router] [source/common/router/router.cc:812] [Tags: "ConnectionId":"5470","StreamId":"5121061443238788621"] router decoding headers:
':authority', 'envoy:10000'
':path', '/order/ord-60841'
':method', 'PUT'
':scheme', 'http'
'user-agent', 'Go-http-client/1.1'
'content-length', '20'
'content-type', 'application/json'
'x-forwarded-proto', 'http'
'x-request-id', '28541f65-75e5-40eb-a273-1d0b33311e52'
'x-envoy-expected-rq-timeout-ms', '3000'

[2026-10-05 07:14:14.236][14][debug][pool] [source/common/conn_pool/conn_pool_base.cc:330] [Tags: "ConnectionId":"13"] using existing fully connected connection
[2026-10-05 07:14:14.236][14][debug][pool] [source/common/conn_pool/conn_pool_base.cc:247] [Tags: "ConnectionId":"13"] creating stream
[2026-10-05 07:14:14.236][14][debug][router] [source/common/router/upstream_request.cc:606] [Tags: "ConnectionId":"5470","StreamId":"5121061443238788621"] pool ready
[2026-10-05 07:14:14.236][14][debug][router] [source/common/router/router.cc:993] [Tags: "ConnectionId":"5470","StreamId":"5121061443238788621"] router decoding data: 20
[2026-10-05 07:14:14.236][14][debug][http] [source/common/http/conn_manager_impl.cc:1274] [Tags: "ConnectionId":"5470","StreamId":"5121061443238788621"] request end stream timestamp recorded
[2026-10-05 07:14:14.236][14][debug][router] [source/common/router/router.cc:993] [Tags: "ConnectionId":"5470","StreamId":"5121061443238788621"] router decoding data: 0
[2026-10-05 07:14:14.236][14][debug][client] [source/common/http/codec_client.cc:150] [Tags: "ConnectionId":"13"] encode complete
[2026-10-05 07:14:14.236][14][debug][http] [source/common/http/conn_manager_impl.cc:394] [Tags: "ConnectionId":"5496"] new stream
[2026-10-05 07:14:14.236][14][debug][http] [source/common/http/conn_manager_impl.cc:1291] [Tags: "ConnectionId":"5496","StreamId":"13521578515283484120"] request headers complete (end_stream=true):
':authority', 'envoy:10000'
':path', '/payments/pay-19296'
':method', 'GET'
'user-agent', 'Go-http-client/1.1'

[2026-10-05 07:14:14.236][14][debug][http] [source/common/http/conn_manager_impl.cc:1274] [Tags: "ConnectionId":"5496","StreamId":"13521578515283484120"] request end stream timestamp recorded
[2026-10-05 07:14:14.236][14][debug][connection] [./source/common/network/connection_impl.h:101] [Tags: "ConnectionId":"5496"] current connecting state: false
[2026-10-05 07:14:14.236][14][info][lua] [source/extensions/filters/common/lua/lua.cc:26] script log: accepted GET /payments/pay-19296
[2026-10-05 07:14:14.236][14][debug][lua] [source/extensions/filters/common/lua/lua.cc:67] coroutine finished
[2026-10-05 07:14:14.236][14][debug][router] [source/common/router/router.cc:537] [Tags: "ConnectionId":"5496","StreamId":"13521578515283484120"] cluster 'payments' match for URL '/payments/pay-19296'
[2026-10-05 07:14:14.236][14][debug][router] [source/common/router/router.cc:812] [Tags: "ConnectionId":"5496","StreamId":"13521578515283484120"] router decoding headers:
':authority', 'envoy:10000'
':path', '/payments/pay-19296'
':method', 'GET'
':scheme', 'http'
'user-agent', 'Go-http-client/1.1'
'x-forwarded-proto', 'http'
'x-request-id', 'b2a559ba-10ec-42bc-b218-8befb8d99ddc'
'x-envoy-expected-rq-timeout-ms', '3000'

[2026-10-05 07:14:14.236][14][debug][pool] [source/common/conn_pool/conn_pool_base.cc:330] [Tags: "ConnectionId":"21"] using existing fully connected connection
[2026-10-05 07:14:14.236][14][debug][pool] [source/common/conn_pool/conn_pool_base.cc:247] [Tags: "ConnectionId":"21"] creating stream
[2026-10-05 07:14:14.236][14][debug][router] [source/common/router/upstream_request.cc:606] [Tags: "ConnectionId":"5496","StreamId":"13521578515283484120"] pool ready
[2026-10-05 07:14:14.236][14][debug][client] [source/common/http/codec_client.cc:150] [Tags: "ConnectionId":"21"] encode complete
[2026-10-05 07:14:14.236][14][debug][http] [source/common/http/conn_manager_impl.cc:394] [Tags: "ConnectionId":"5515"] new stream
[2026-10-05 07:14:14.236][14][debug][http] [source/common/http/conn_manager_impl.cc:1291] [Tags: "ConnectionId":"5515","StreamId":"386832812458947238"] request headers complete (end_stream=false):
':authority', 'envoy:10000'
':path', '/booking'
':method', 'POST'
'user-agent', 'Go-http-client/1.1'
'content-length', '58'
'content-type', 'application/json'

[2026-10-05 07:14:14.236][14][debug][connection] [./source/common/network/connection_impl.h:101] [Tags: "ConnectionId":"5515"] current connecting state: false
[2026-10-05 07:14:14.236][14][info][lua] [source/extensions/filters/common/lua/lua.cc:26] script log: accepted POST /booking
[2026-10-05 07:14:14.236][14][debug][lua] [source/extensions/filters/common/lua/lua.cc:67] coroutine finished
[2026-10-05 07:14:14.236][14][debug][router] [source/common/router/router.cc:537] [Tags: "ConnectionId":"5515","StreamId":"386832812458947238"] cluster 'booking' match for URL '/booking'
[2026-10-05 07:14:14.236][14][debug][router] [source/common/router/router.cc:812] [Tags: "ConnectionId":"5515","StreamId":"386832812458947238"] router decoding headers:
':authority', 'envoy:10000'
':path', '/booking'
':method', 'POST'
':scheme', 'http'
'user-agent', 'Go-http-client/1.1'
'content-length', '58'
'content-type', 'application/json'
'x-forwarded-proto', 'http'
'x-request-id', '59268835-0264-465b-8878-077431a48c0b'
'x-envoy-expected-rq-timeout-ms', '3000'

[2026-10-05 07:14:14.236][14][debug][pool] [source/common/conn_pool/conn_pool_base.cc:330] [Tags: "ConnectionId":"2"] using existing fully connected connection
[2026-10-05 07:14:14.236][14][debug][pool] [source/common/conn_pool/conn_pool_base.cc:247] [Tags: "ConnectionId":"2"] creating stream
[2026-10-05 07:14:14.236][14][debug][router] [source/common/router/upstream_request.cc:606] [Tags: "ConnectionId":"5515","StreamId":"386832812458947238"] pool ready
[2026-10-05 07:14:14.236][14][debug][router] [source/common/router/router.cc:993] [Tags: "ConnectionId":"5515","StreamId":"386832812458947238"] router decoding data: 58
[2026-10-05 07:14:14.236][14][debug][http] [source/common/http/conn_manager_impl.cc:1274] [Tags: "ConnectionId":"5515","StreamId":"386832812458947238"] request end stream timestamp recorded
[2026-10-05 07:14:14.236][14][debug][router] [source/common/router/router.cc:993] [Tags: "ConnectionId":"5515","StreamId":"386832812458947238"] router decoding data: 0
[2026-10-05 07:14:14.236][14][debug][client] [source/common/http/codec_client.cc:150] [Tags: "ConnectionId":"2"] encode complete
[2026-10-05 07:14:14.236][14][debug][router] [source/common/router/router.cc:1700] [Tags: "ConnectionId":"5529","StreamId":"7898464910169143773"] upstream headers complete: end_stream=false
[2026-10-05 07:14:14.236][14][debug][lua] [source/extensions/filters/common/lua/lua.cc:23] script log: completed POST /foods/data status=200
[2026-10-05 07:14:14.236][14][debug][lua] [source/extensions/filters/common/lua/lua.cc:67] coroutine finished
[2026-10-05 07:14:14.236][14][debug][http] [source/common/http/conn_manager_impl.cc:1948] [Tags: "ConnectionId":"5529","StreamId":"7898464910169143773"] encoding headers via codec (end_stream=false):
':status', '200'
'content-type', 'application/json'
'date', 'Mon, 05 Oct 2026 07:14:14 GMT'
'content-length', '15'
'x-envoy-upstream-service-time', '0'
'server', 'envoy'

[2026-10-05 07:14:14.236][14][debug][client] [source/common/http/codec_client.cc:137] [Tags: "ConnectionId":"1751"] response complete
[2026-10-05 07:14:14.236][14][debug][router] [source/common/router/router.cc:1153] Executing cleanup(): resetting retry_state_ and disabling timers
[2026-10-05 07:14:14.236][14][debug][http] [source/common/http/conn_manager_impl.cc:2063] [Tags: "ConnectionId":"5529","StreamId":"7898464910169143773"] Codec completed encoding stream.
[2026-10-05 07:14:14.236][14][debug][router] [source/common/router/router.cc:1153] Executing cleanup(): resetting retry_state_ and disabling timers
[2026-10-05 07:14:14.236][14][debug][pool] [source/common/http/http1/conn_pool.cc:61] [Tags: "ConnectionId":"1751"] response complete
[2026-10-05 07:14:14.236][14][debug][pool] [source/common/conn_pool/conn_pool_base.cc:282] [Tags: "ConnectionId":"1751"] destroying stream: 0 active remaining, readyForStream false, currentUnusedCapacity 1
[2026-10-05 07:14:14.236][14][debug][router] [source/common/router/router.cc:1700] [Tags: "ConnectionId":"5520","StreamId":"18120234672383409727"] upstream headers complete: end_stream=false
[2026-10-05 07:14:14.236][14][debug][lua] [source/extensions/filters/common/lua/lua.cc:23] script log: completed POST /payments status=200
[2026-10-05 07:14:14.236][14][debug][lua] [source/extensions/filters/common/lua/lua.cc:67] coroutine finished
[2026-10-05 07:14:14.236][14][debug][http] [source/common/http/conn_manager_impl.cc:1948] [Tags: "ConnectionId":"5520","StreamId":"18120234672383409727"] encoding headers via codec (end_stream=false):
':status', '200'
'content-type', 'application/json'
'date', 'Mon, 05 Oct 2026 07:14:14 GMT'
'content-length', '15'
'x-envoy-upstream-service-time', '1'
'server', 'envoy'

[2026-10-05 07:14:14.236][14][debug][client] [source/common/http/codec_client.cc:137] [Tags: "ConnectionId":"6"] response complete
[2026-10-05 07:14:14.236][14][debug][router] [source/common/router/router.cc:1153] Executing cleanup(): resetting retry_state_ and disabling timers
[2026-10-05 07:14:14.236][14][debug][http] [source/common/http/conn_manager_impl.cc:2063] [Tags: "ConnectionId":"5520","StreamId":"18120234672383409727"] Codec completed encoding stream.
[2026-10-05 07:14:14.236][14][debug][router] [source/common/router/router.cc:1153] Executing cleanup(): resetting retry_state_ and disabling timers
[2026-10-05 07:14:14.236][14][debug][pool] [source/common/http/http1/conn_pool.cc:61] [Tags: "ConnectionId":"6"] response complete
[2026-10-05 07:14:14.236][14][debug][pool] [source/common/conn_pool/conn_pool_base.cc:282] [Tags: "ConnectionId":"6"] destroying stream: 0 active remaining, readyForStream false, currentUnusedCapacity 1
[2026-10-05 07:14:14.236][14][debug][router] [source/common/router/router.cc:1700] [Tags: "ConnectionId":"5470","StreamId":"5121061443238788621"] upstream headers complete: end_stream=false
[2026-10-05 07:14:14.236][14][debug][lua] [source/extensions/filters/common/lua/lua.cc:23] script log: completed PUT /order/ord-60841 status=200
[2026-10-05 07:14:14.236][14][debug][lua] [source/extensions/filters/common/lua/lua.cc:67] coroutine finished
[2026-10-05 07:14:14.236][14][debug][http] [source/common/http/conn_manager_impl.cc:1948] [Tags: "ConnectionId":"5470","StreamId":"5121061443238788621"] encoding headers via codec (end_stream=false):
':status', '200'
'content-type', 'application/json'
'date', 'Mon, 05 Oct 2026 07:14:14 GMT'
'content-length', '37'
'x-envoy-upstream-service-time', '0'
'server', 'envoy'

[2026-10-05 07:14:14.236][14][debug][client] [source/common/http/codec_client.cc:137] [Tags: "ConnectionId":"13"] response complete
[2026-10-05 07:14:14.236][14][debug][router] [source/common/router/router.cc:1153] Executing cleanup(): resetting retry_state_ and disabling timers
[2026-10-05 07:14:14.236][14][debug][http] [source/common/http/conn_manager_impl.cc:2063] [Tags: "ConnectionId":"5470","StreamId":"5121061443238788621"] Codec completed encoding stream.
[2026-10-05 07:14:14.236][14][debug][router] [source/common/router/router.cc:1153] Executing cleanup(): resetting retry_state_ and disabling timers
[2026-10-05 07:14:14.236][14][debug][pool] [source/common/http/http1/conn_pool.cc:61] [Tags: "ConnectionId":"13"] response complete
[2026-10-05 07:14:14.236][14][debug][pool] [source/common/conn_pool/conn_pool_base.cc:282] [Tags: "ConnectionId":"13"] destroying stream: 0 active remaining, readyForStream false, currentUnusedCapacity 1
[2026-10-05 07:14:14.236][14][debug][router] [source/common/router/router.cc:1700] [Tags: "ConnectionId":"5531","StreamId":"4496742199974484180"] upstream headers complete: end_stream=false
[2026-10-05 07:14:14.236][14][debug][lua] [source/extensions/filters/http/lua/lua_filter.cc:569] yielding for full body
[2026-10-05 07:14:14.236][14][debug][lua] [source/extensions/filters/common/lua/lua.cc:70] coroutine yielded
[2026-10-05 07:14:14.236][14][debug][client] [source/common/http/codec_client.cc:137] [Tags: "ConnectionId":"1750"] response complete
[2026-10-05 07:14:14.236][14][debug][router] [source/common/router/router.cc:1153] Executing cleanup(): resetting retry_state_ and disabling timers
[2026-10-05 07:14:14.236][14][debug][lua] [source/extensions/filters/http/lua/lua_filter.cc:280] resuming body due to end stream
[2026-10-05 07:14:14.236][14][error][lua] [source/extensions/filters/common/lua/lua.cc:32] script log: POST /foods/data status=500 reason=foods upstream returned 503
reason: foods upstream returned 503
goroutine 9716 [running]:
runtime/debug.Stack()
	runtime/debug/stack.go:26 +0x64
main.(*handler).fail(0x4b0717dac2c0, {0x2e9060, 0x4b0717f62780}, {0x4b0717f54960, 0x4}, {0x4b0717f54965, 0xb})
	envoy-log-generator/cmd/backend/main.go:169 +0x4c
main.(*handler).ServeHTTP(0x4b0717dac2c0, {0x2e9060, 0x4b0717f62780}, 0x4b0717f68280)
	envoy-log-generator/cmd/backend/main.go:111 +0x690
net/http.serverHandler.ServeHTTP({0x2e7ed0?}, {0x2e9060?, 0x4b0717f62780?}, 0x1?)
	net/http/server.go:3311 +0xb0
net/http.(*conn).serve(0x4b07180a6ea0, {0x2e96d0, 0x4b0717da1ad0})
	net/http/server.go:2067 +0x55c
created by net/http.(*Server).Serve in goroutine 1
	net/http/server.go:3464 +0x37c
[2026-10-05 07:14:14.236][14][debug][lua] [source/extensions/filters/common/lua/lua.cc:67] coroutine finished
[2026-10-05 07:14:14.236][14][debug][http] [source/common/http/conn_manager_impl.cc:1948] [Tags: "ConnectionId":"5531","StreamId":"4496742199974484180"] encoding headers via codec (end_stream=false):
':status', '500'
'content-type', 'text/plain; charset=utf-8'
'date', 'Mon, 05 Oct 2026 07:14:14 GMT'
'content-length', '711'
'x-envoy-upstream-service-time', '0'
'server', 'envoy'

[2026-10-05 07:14:14.236][14][debug][http] [source/common/http/conn_manager_impl.cc:2063] [Tags: "ConnectionId":"5531","StreamId":"4496742199974484180"] Codec completed encoding stream.
[2026-10-05 07:14:14.236][14][debug][router] [source/common/router/router.cc:1153] Executing cleanup(): resetting retry_state_ and disabling timers
[2026-10-05 07:14:14.236][14][debug][pool] [source/common/http/http1/conn_pool.cc:61] [Tags: "ConnectionId":"1750"] response complete
[2026-10-05 07:14:14.236][14][debug][pool] [source/common/conn_pool/conn_pool_base.cc:282] [Tags: "ConnectionId":"1750"] destroying stream: 0 active remaining, readyForStream false, currentUnusedCapacity 1
[2026-10-05 07:14:14.236][14][debug][router] [source/common/router/router.cc:1700] [Tags: "ConnectionId":"5506","StreamId":"14713567030215811473"] upstream headers complete: end_stream=false
[2026-10-05 07:14:14.236][14][debug][lua] [source/extensions/filters/common/lua/lua.cc:23] script log: completed GET /users/usr-77275 status=200
[2026-10-05 07:14:14.236][14][debug][lua] [source/extensions/filters/common/lua/lua.cc:67] coroutine finished
[2026-10-05 07:14:14.236][14][debug][http] [source/common/http/conn_manager_impl.cc:1948] [Tags: "ConnectionId":"5506","StreamId":"14713567030215811473"] encoding headers via codec (end_stream=false):
':status', '200'
'content-type', 'application/json'
'date', 'Mon, 05 Oct 2026 07:14:14 GMT'
'content-length', '32'
'x-envoy-upstream-service-time', '0'
'server', 'envoy'

[2026-10-05 07:14:14.236][14][debug][client] [source/common/http/codec_client.cc:137] [Tags: "ConnectionId":"8"] response complete
[2026-10-05 07:14:14.236][14][debug][router] [source/common/router/router.cc:1153] Executing cleanup(): resetting retry_state_ and disabling timers
[2026-10-05 07:14:14.236][14][debug][http] [source/common/http/conn_manager_impl.cc:2063] [Tags: "ConnectionId":"5506","StreamId":"14713567030215811473"] Codec completed encoding stream.
[2026-10-05 07:14:14.236][14][debug][router] [source/common/router/router.cc:1153] Executing cleanup(): resetting retry_state_ and disabling timers
[2026-10-05 07:14:14.236][14][debug][pool] [source/common/http/http1/conn_pool.cc:61] [Tags: "ConnectionId":"8"] response complete
[2026-10-05 07:14:14.236][14][debug][pool] [source/common/conn_pool/conn_pool_base.cc:282] [Tags: "ConnectionId":"8"] destroying stream: 0 active remaining, readyForStream false, currentUnusedCapacity 1
[2026-10-05 07:14:14.236][14][debug][router] [source/common/router/router.cc:1700] [Tags: "ConnectionId":"5521","StreamId":"15819689816421184448"] upstream headers complete: end_stream=false
[2026-10-05 07:14:14.236][14][debug][lua] [source/extensions/filters/common/lua/lua.cc:23] script log: completed POST /booking status=200
[2026-10-05 07:14:14.236][14][debug][lua] [source/extensions/filters/common/lua/lua.cc:67] coroutine finished
[2026-10-05 07:14:14.236][14][debug][http] [source/common/http/conn_manager_impl.cc:1948] [Tags: "ConnectionId":"5521","StreamId":"15819689816421184448"] encoding headers via codec (end_stream=false):
':status', '200'
'content-type', 'application/json'
'date', 'Mon, 05 Oct 2026 07:14:14 GMT'
'content-length', '15'
'x-envoy-upstream-service-time', '1'
'server', 'envoy'

[2026-10-05 07:14:14.236][14][debug][client] [source/common/http/codec_client.cc:137] [Tags: "ConnectionId":"11"] response complete
[2026-10-05 07:14:14.236][14][debug][router] [source/common/router/router.cc:1153] Executing cleanup(): resetting retry_state_ and disabling timers
[2026-10-05 07:14:14.236][14][debug][http] [source/common/http/conn_manager_impl.cc:2063] [Tags: "ConnectionId":"5521","StreamId":"15819689816421184448"] Codec completed encoding stream.
[2026-10-05 07:14:14.236][14][debug][router] [source/common/router/router.cc:1153] Executing cleanup(): resetting retry_state_ and disabling timers
[2026-10-05 07:14:14.236][14][debug][pool] [source/common/http/http1/conn_pool.cc:61] [Tags: "ConnectionId":"11"] response complete
[2026-10-05 07:14:14.236][14][debug][pool] [source/common/conn_pool/conn_pool_base.cc:282] [Tags: "ConnectionId":"11"] destroying stream: 0 active remaining, readyForStream false, currentUnusedCapacity 1
[2026-10-05 07:14:14.236][14][debug][router] [source/common/router/router.cc:1700] [Tags: "ConnectionId":"5507","StreamId":"16644832920296835473"] upstream headers complete: end_stream=false
[2026-10-05 07:14:14.236][14][debug][lua] [source/extensions/filters/common/lua/lua.cc:23] script log: completed PUT /order/ord-14664 status=200
[2026-10-05 07:14:14.236][14][debug][lua] [source/extensions/filters/common/lua/lua.cc:67] coroutine finished
[2026-10-05 07:14:14.236][14][debug][http] [source/common/http/conn_manager_impl.cc:1948] [Tags: "ConnectionId":"5507","StreamId":"16644832920296835473"] encoding headers via codec (end_stream=false):
':status', '200'
'content-type', 'application/json'
'date', 'Mon, 05 Oct 2026 07:14:14 GMT'
'content-length', '37'
'x-envoy-upstream-service-time', '1'
'server', 'envoy'

[2026-10-05 07:14:14.236][14][debug][client] [source/common/http/codec_client.cc:137] [Tags: "ConnectionId":"1746"] response complete
[2026-10-05 07:14:14.236][14][debug][router] [source/common/router/router.cc:1153] Executing cleanup(): resetting retry_state_ and disabling timers
[2026-10-05 07:14:14.236][14][debug][http] [source/common/http/conn_manager_impl.cc:2063] [Tags: "ConnectionId":"5507","StreamId":"16644832920296835473"] Codec completed encoding stream.
[2026-10-05 07:14:14.236][14][debug][router] [source/common/router/router.cc:1153] Executing cleanup(): resetting retry_state_ and disabling timers
[2026-10-05 07:14:14.236][14][debug][pool] [source/common/http/http1/conn_pool.cc:61] [Tags: "ConnectionId":"1746"] response complete
[2026-10-05 07:14:14.236][14][debug][pool] [source/common/conn_pool/conn_pool_base.cc:282] [Tags: "ConnectionId":"1746"] destroying stream: 0 active remaining, readyForStream false, currentUnusedCapacity 1
[2026-10-05 07:14:14.236][14][debug][router] [source/common/router/router.cc:1700] [Tags: "ConnectionId":"5525","StreamId":"14793587902563083606"] upstream headers complete: end_stream=false
[2026-10-05 07:14:14.236][14][debug][lua] [source/extensions/filters/common/lua/lua.cc:23] script log: completed GET /users/usr-67709 status=200
[2026-10-05 07:14:14.236][14][debug][lua] [source/extensions/filters/common/lua/lua.cc:67] coroutine finished
[2026-10-05 07:14:14.236][14][debug][http] [source/common/http/conn_manager_impl.cc:1948] [Tags: "ConnectionId":"5525","StreamId":"14793587902563083606"] encoding headers via codec (end_stream=false):
':status', '200'
'content-type', 'application/json'
'date', 'Mon, 05 Oct 2026 07:14:14 GMT'
'content-length', '32'
'x-envoy-upstream-service-time', '0'
'server', 'envoy'

[2026-10-05 07:14:14.236][14][debug][client] [source/common/http/codec_client.cc:137] [Tags: "ConnectionId":"23"] response complete
[2026-10-05 07:14:14.236][14][debug][router] [source/common/router/router.cc:1153] Executing cleanup(): resetting retry_state_ and disabling timers
[2026-10-05 07:14:14.236][14][debug][http] [source/common/http/conn_manager_impl.cc:2063] [Tags: "ConnectionId":"5525","StreamId":"14793587902563083606"] Codec completed encoding stream.
[2026-10-05 07:14:14.236][14][debug][router] [source/common/router/router.cc:1153] Executing cleanup(): resetting retry_state_ and disabling timers
[2026-10-05 07:14:14.236][14][debug][pool] [source/common/http/http1/conn_pool.cc:61] [Tags: "ConnectionId":"23"] response complete
[2026-10-05 07:14:14.236][14][debug][pool] [source/common/conn_pool/conn_pool_base.cc:282] [Tags: "ConnectionId":"23"] destroying stream: 0 active remaining, readyForStream false, currentUnusedCapacity 1
[2026-10-05 07:14:14.236][14][debug][router] [source/common/router/router.cc:1700] [Tags: "ConnectionId":"5526","StreamId":"343030660456509732"] upstream headers complete: end_stream=false
[2026-10-05 07:14:14.236][14][debug][lua] [source/extensions/filters/common/lua/lua.cc:23] script log: completed GET /payments/pay-95602 status=200
[2026-10-05 07:14:14.236][14][debug][lua] [source/extensions/filters/common/lua/lua.cc:67] coroutine finished
[2026-10-05 07:14:14.236][14][debug][http] [source/common/http/conn_manager_impl.cc:1948] [Tags: "ConnectionId":"5526","StreamId":"343030660456509732"] encoding headers via codec (end_stream=false):
':status', '200'
'content-type', 'application/json'
'date', 'Mon, 05 Oct 2026 07:14:14 GMT'
'content-length', '32'
'x-envoy-upstream-service-time', '1'
'server', 'envoy'

[2026-10-05 07:14:14.236][14][debug][client] [source/common/http/codec_client.cc:137] [Tags: "ConnectionId":"1"] response complete
[2026-10-05 07:14:14.236][14][debug][router] [source/common/router/router.cc:1153] Executing cleanup(): resetting retry_state_ and disabling timers
[2026-10-05 07:14:14.236][14][debug][http] [source/common/http/conn_manager_impl.cc:2063] [Tags: "ConnectionId":"5526","StreamId":"343030660456509732"] Codec completed encoding stream.
[2026-10-05 07:14:14.236][14][debug][router] [source/common/router/router.cc:1153] Executing cleanup(): resetting retry_state_ and disabling timers
[2026-10-05 07:14:14.236][14][debug][pool] [source/common/http/http1/conn_pool.cc:61] [Tags: "ConnectionId":"1"] response complete
[2026-10-05 07:14:14.236][14][debug][pool] [source/common/conn_pool/conn_pool_base.cc:282] [Tags: "ConnectionId":"1"] destroying stream: 0 active remaining, readyForStream false, currentUnusedCapacity 1
[2026-10-05 07:14:14.236][14][debug][router] [source/common/router/router.cc:1700] [Tags: "ConnectionId":"5496","StreamId":"13521578515283484120"] upstream headers complete: end_stream=false
[2026-10-05 07:14:14.236][14][debug][lua] [source/extensions/filters/common/lua/lua.cc:23] script log: completed GET /payments/pay-19296 status=200
[2026-10-05 07:14:14.236][14][debug][lua] [source/extensions/filters/common/lua/lua.cc:67] coroutine finished
[2026-10-05 07:14:14.236][14][debug][http] [source/common/http/conn_manager_impl.cc:1948] [Tags: "ConnectionId":"5496","StreamId":"13521578515283484120"] encoding headers via codec (end_stream=false):
':status', '200'
'content-type', 'application/json'
'date', 'Mon, 05 Oct 2026 07:14:14 GMT'
'content-length', '32'
'x-envoy-upstream-service-time', '0'
'server', 'envoy'

[2026-10-05 07:14:14.236][14][debug][client] [source/common/http/codec_client.cc:137] [Tags: "ConnectionId":"21"] response complete
[2026-10-05 07:14:14.236][14][debug][router] [source/common/router/router.cc:1153] Executing cleanup(): resetting retry_state_ and disabling timers
[2026-10-05 07:14:14.236][14][debug][http] [source/common/http/conn_manager_impl.cc:2063] [Tags: "ConnectionId":"5496","StreamId":"13521578515283484120"] Codec completed encoding stream.
[2026-10-05 07:14:14.236][14][debug][router] [source/common/router/router.cc:1153] Executing cleanup(): resetting retry_state_ and disabling timers
[2026-10-05 07:14:14.236][14][debug][pool] [source/common/http/http1/conn_pool.cc:61] [Tags: "ConnectionId":"21"] response complete
[2026-10-05 07:14:14.236][14][debug][pool] [source/common/conn_pool/conn_pool_base.cc:282] [Tags: "ConnectionId":"21"] destroying stream: 0 active remaining, readyForStream false, currentUnusedCapacity 1
[2026-10-05 07:14:14.236][14][debug][router] [source/common/router/router.cc:1700] [Tags: "ConnectionId":"5527","StreamId":"13609873327733568877"] upstream headers complete: end_stream=false
[2026-10-05 07:14:14.236][14][debug][lua] [source/extensions/filters/http/lua/lua_filter.cc:569] yielding for full body
[2026-10-05 07:14:14.236][14][debug][lua] [source/extensions/filters/common/lua/lua.cc:70] coroutine yielded
[2026-10-05 07:14:14.236][14][debug][client] [source/common/http/codec_client.cc:137] [Tags: "ConnectionId":"19"] response complete
[2026-10-05 07:14:14.236][14][debug][router] [source/common/router/router.cc:1153] Executing cleanup(): resetting retry_state_ and disabling timers
[2026-10-05 07:14:14.236][14][debug][lua] [source/extensions/filters/http/lua/lua_filter.cc:280] resuming body due to end stream
[2026-10-05 07:14:14.236][14][error][lua] [source/extensions/filters/common/lua/lua.cc:32] script log: GET /bookings/bk-31037 status=500 reason=booking upstream timed out
reason: booking upstream timed out
goroutine 27 [running]:
runtime/debug.Stack()
	runtime/debug/stack.go:26 +0x64
main.(*handler).fail(0x717f2fa262c0, {0x2e9060, 0x717f2fb30b40}, {0x717f2fb34400, 0x3}, {0x717f2fb34404, 0x12})
	envoy-log-generator/cmd/backend/main.go:169 +0x4c
main.(*handler).ServeHTTP(0x717f2fa262c0, {0x2e9060, 0x717f2fb30b40}, 0x717f2fb3c000)
	envoy-log-generator/cmd/backend/main.go:111 +0x690
net/http.serverHandler.ServeHTTP({0x717f2fa266c0?}, {0x2e9060?, 0x717f2fb30b40?}, 0x1?)
	net/http/server.go:3311 +0xb0
net/http.(*conn).serve(0x717f2fa545a0, {0x2e96d0, 0x717f2fa13ad0})
	net/http/server.go:2067 +0x55c
created by net/http.(*Server).Serve in goroutine 1
	net/http/server.go:3464 +0x37c
[2026-10-05 07:14:14.236][14][debug][lua] [source/extensions/filters/common/lua/lua.cc:67] coroutine finished
[2026-10-05 07:14:14.236][14][debug][http] [source/common/http/conn_manager_impl.cc:1948] [Tags: "ConnectionId":"5527","StreamId":"13609873327733568877"] encoding headers via codec (end_stream=false):
':status', '500'
'content-type', 'text/plain; charset=utf-8'
'date', 'Mon, 05 Oct 2026 07:14:14 GMT'
'content-length', '715'
'x-envoy-upstream-service-time', '1'
'server', 'envoy'

[2026-10-05 07:14:14.236][14][debug][http] [source/common/http/conn_manager_impl.cc:2063] [Tags: "ConnectionId":"5527","StreamId":"13609873327733568877"] Codec completed encoding stream.
[2026-10-05 07:14:14.237][14][debug][router] [source/common/router/router.cc:1153] Executing cleanup(): resetting retry_state_ and disabling timers
[2026-10-05 07:14:14.237][14][debug][pool] [source/common/http/http1/conn_pool.cc:61] [Tags: "ConnectionId":"19"] response complete
[2026-10-05 07:14:14.237][14][debug][pool] [source/common/conn_pool/conn_pool_base.cc:282] [Tags: "ConnectionId":"19"] destroying stream: 0 active remaining, readyForStream false, currentUnusedCapacity 1
[2026-10-05 07:14:14.237][14][debug][router] [source/common/router/router.cc:1700] [Tags: "ConnectionId":"5515","StreamId":"386832812458947238"] upstream headers complete: end_stream=false
[2026-10-05 07:14:14.237][14][debug][lua] [source/extensions/filters/common/lua/lua.cc:23] script log: completed POST /booking status=200
[2026-10-05 07:14:14.237][14][debug][lua] [source/extensions/filters/common/lua/lua.cc:67] coroutine finished
[2026-10-05 07:14:14.237][14][debug][http] [source/common/http/conn_manager_impl.cc:1948] [Tags: "ConnectionId":"5515","StreamId":"386832812458947238"] encoding headers via codec (end_stream=false):
':status', '200'
'content-type', 'application/json'
'date', 'Mon, 05 Oct 2026 07:14:14 GMT'
'content-length', '15'
'x-envoy-upstream-service-time', '0'
'server', 'envoy'

[2026-10-05 07:14:14.237][14][debug][client] [source/common/http/codec_client.cc:137] [Tags: "ConnectionId":"2"] response complete
[2026-10-05 07:14:14.237][14][debug][router] [source/common/router/router.cc:1153] Executing cleanup(): resetting retry_state_ and disabling timers
[2026-10-05 07:14:14.237][14][debug][http] [source/common/http/conn_manager_impl.cc:2063] [Tags: "ConnectionId":"5515","StreamId":"386832812458947238"] Codec completed encoding stream.
[2026-10-05 07:14:14.237][14][debug][router] [source/common/router/router.cc:1153] Executing cleanup(): resetting retry_state_ and disabling timers
[2026-10-05 07:14:14.237][14][debug][pool] [source/common/http/http1/conn_pool.cc:61] [Tags: "ConnectionId":"2"] response complete
[2026-10-05 07:14:14.237][14][debug][pool] [source/common/conn_pool/conn_pool_base.cc:282] [Tags: "ConnectionId":"2"] destroying stream: 0 active remaining, readyForStream false, currentUnusedCapacity 1
[2026-10-05 07:14:14.237][14][debug][router] [source/common/router/router.cc:1700] [Tags: "ConnectionId":"5530","StreamId":"11548629059350977146"] upstream headers complete: end_stream=false
[2026-10-05 07:14:14.237][14][debug][lua] [source/extensions/filters/common/lua/lua.cc:23] script log: completed POST /payments status=200
[2026-10-05 07:14:14.237][14][debug][lua] [source/extensions/filters/common/lua/lua.cc:67] coroutine finished
[2026-10-05 07:14:14.237][14][debug][http] [source/common/http/conn_manager_impl.cc:1948] [Tags: "ConnectionId":"5530","StreamId":"11548629059350977146"] encoding headers via codec (end_stream=false):
':status', '200'
'content-type', 'application/json'
'date', 'Mon, 05 Oct 2026 07:14:14 GMT'
'content-length', '15'
'x-envoy-upstream-service-time', '1'
'server', 'envoy'

[2026-10-05 07:14:14.237][14][debug][client] [source/common/http/codec_client.cc:137] [Tags: "ConnectionId":"1749"] response complete
[2026-10-05 07:14:14.237][14][debug][router] [source/common/router/router.cc:1153] Executing cleanup(): resetting retry_state_ and disabling timers
[2026-10-05 07:14:14.237][14][debug][http] [source/common/http/conn_manager_impl.cc:2063] [Tags: "ConnectionId":"5530","StreamId":"11548629059350977146"] Codec completed encoding stream.
[2026-10-05 07:14:14.237][14][debug][router] [source/common/router/router.cc:1153] Executing cleanup(): resetting retry_state_ and disabling timers
[2026-10-05 07:14:14.237][14][debug][pool] [source/common/http/http1/conn_pool.cc:61] [Tags: "ConnectionId":"1749"] response complete
[2026-10-05 07:14:14.237][14][debug][pool] [source/common/conn_pool/conn_pool_base.cc:282] [Tags: "ConnectionId":"1749"] destroying stream: 0 active remaining, readyForStream false, currentUnusedCapacity 1
[2026-10-05 07:14:14.237][14][debug][client] [source/common/http/codec_client.cc:137] [Tags: "ConnectionId":"1752"] response complete
[2026-10-05 07:14:14.237][14][debug][router] [source/common/router/router.cc:1700] [Tags: "ConnectionId":"5528","StreamId":"1566043210232848921"] upstream headers complete: end_stream=true
[2026-10-05 07:14:14.237][14][debug][router] [source/common/router/router.cc:1153] Executing cleanup(): resetting retry_state_ and disabling timers
[2026-10-05 07:14:14.237][14][debug][lua] [source/extensions/filters/common/lua/lua.cc:23] script log: completed OPTIONS /bookings status=204
[2026-10-05 07:14:14.237][14][debug][lua] [source/extensions/filters/common/lua/lua.cc:67] coroutine finished
[2026-10-05 07:14:14.237][14][debug][http] [source/common/http/conn_manager_impl.cc:1948] [Tags: "ConnectionId":"5528","StreamId":"1566043210232848921"] encoding headers via codec (end_stream=true):
':status', '204'
'access-control-allow-methods', 'GET, OPTIONS'
'allow', 'GET, OPTIONS'
'date', 'Mon, 05 Oct 2026 07:14:14 GMT'
'x-envoy-upstream-service-time', '1'
'server', 'envoy'

[2026-10-05 07:14:14.237][14][debug][http] [source/common/http/conn_manager_impl.cc:2063] [Tags: "ConnectionId":"5528","StreamId":"1566043210232848921"] Codec completed encoding stream.
[2026-10-05 07:14:14.237][14][debug][router] [source/common/router/router.cc:1153] Executing cleanup(): resetting retry_state_ and disabling timers
[2026-10-05 07:14:14.237][14][debug][pool] [source/common/http/http1/conn_pool.cc:61] [Tags: "ConnectionId":"1752"] response complete
[2026-10-05 07:14:14.237][14][debug][pool] [source/common/conn_pool/conn_pool_base.cc:282] [Tags: "ConnectionId":"1752"] destroying stream: 0 active remaining, readyForStream false, currentUnusedCapacity 1
[2026-10-05 07:14:14.237][14][debug][router] [source/common/router/router.cc:1700] [Tags: "ConnectionId":"5523","StreamId":"9745814086463379638"] upstream headers complete: end_stream=false
[2026-10-05 07:14:14.237][14][debug][lua] [source/extensions/filters/common/lua/lua.cc:23] script log: completed GET /bookings/bk-75704 status=200
[2026-10-05 07:14:14.237][14][debug][lua] [source/extensions/filters/common/lua/lua.cc:67] coroutine finished
[2026-10-05 07:14:14.237][14][debug][http] [source/common/http/conn_manager_impl.cc:1948] [Tags: "ConnectionId":"5523","StreamId":"9745814086463379638"] encoding headers via codec (end_stream=false):
':status', '200'
'content-type', 'application/json'
'date', 'Mon, 05 Oct 2026 07:14:14 GMT'
'content-length', '31'
'x-envoy-upstream-service-time', '1'
'server', 'envoy'

[2026-10-05 07:14:14.237][14][debug][client] [source/common/http/codec_client.cc:137] [Tags: "ConnectionId":"1748"] response complete
[2026-10-05 07:14:14.237][14][debug][router] [source/common/router/router.cc:1153] Executing cleanup(): resetting retry_state_ and disabling timers
[2026-10-05 07:14:14.237][14][debug][http] [source/common/http/conn_manager_impl.cc:2063] [Tags: "ConnectionId":"5523","StreamId":"9745814086463379638"] Codec completed encoding stream.
[2026-10-05 07:14:14.237][14][debug][router] [source/common/router/router.cc:1153] Executing cleanup(): resetting retry_state_ and disabling timers
[2026-10-05 07:14:14.237][14][debug][pool] [source/common/http/http1/conn_pool.cc:61] [Tags: "ConnectionId":"1748"] response complete
[2026-10-05 07:14:14.237][14][debug][pool] [source/common/conn_pool/conn_pool_base.cc:282] [Tags: "ConnectionId":"1748"] destroying stream: 0 active remaining, readyForStream false, currentUnusedCapacity 1
[2026-10-05 07:14:14.237][14][debug][client] [source/common/http/codec_client.cc:137] [Tags: "ConnectionId":"17"] response complete
[2026-10-05 07:14:14.237][14][debug][router] [source/common/router/router.cc:1700] [Tags: "ConnectionId":"5508","StreamId":"11264416652620720356"] upstream headers complete: end_stream=true
[2026-10-05 07:14:14.237][14][debug][router] [source/common/router/router.cc:1153] Executing cleanup(): resetting retry_state_ and disabling timers
[2026-10-05 07:14:14.237][14][debug][lua] [source/extensions/filters/common/lua/lua.cc:23] script log: completed OPTIONS /bookings status=204
[2026-10-05 07:14:14.237][14][debug][lua] [source/extensions/filters/common/lua/lua.cc:67] coroutine finished
[2026-10-05 07:14:14.237][14][debug][http] [source/common/http/conn_manager_impl.cc:1948] [Tags: "ConnectionId":"5508","StreamId":"11264416652620720356"] encoding headers via codec (end_stream=true):
':status', '204'
'access-control-allow-methods', 'GET, OPTIONS'
'allow', 'GET, OPTIONS'
'date', 'Mon, 05 Oct 2026 07:14:14 GMT'
'x-envoy-upstream-service-time', '1'
'server', 'envoy'

[2026-10-05 07:14:14.237][14][debug][http] [source/common/http/conn_manager_impl.cc:2063] [Tags: "ConnectionId":"5508","StreamId":"11264416652620720356"] Codec completed encoding stream.
[2026-10-05 07:14:14.237][14][debug][router] [source/common/router/router.cc:1153] Executing cleanup(): resetting retry_state_ and disabling timers
[2026-10-05 07:14:14.237][14][debug][pool] [source/common/http/http1/conn_pool.cc:61] [Tags: "ConnectionId":"17"] response complete
[2026-10-05 07:14:14.237][14][debug][pool] [source/common/conn_pool/conn_pool_base.cc:282] [Tags: "ConnectionId":"17"] destroying stream: 0 active remaining, readyForStream false, currentUnusedCapacity 1
[2026-10-05 07:14:14.252][14][debug][http] [source/common/http/conn_manager_impl.cc:394] [Tags: "ConnectionId":"5508"] new stream
[2026-10-05 07:14:14.252][14][debug][http] [source/common/http/conn_manager_impl.cc:1291] [Tags: "ConnectionId":"5508","StreamId":"13591278741805151881"] request headers complete (end_stream=true):
':authority', 'envoy:10000'
':path', '/users/usr-14786'
':method', 'GET'
'user-agent', 'Go-http-client/1.1'

[2026-10-05 07:14:14.252][14][debug][http] [source/common/http/conn_manager_impl.cc:1274] [Tags: "ConnectionId":"5508","StreamId":"13591278741805151881"] request end stream timestamp recorded
[2026-10-05 07:14:14.252][14][debug][connection] [./source/common/network/connection_impl.h:101] [Tags: "ConnectionId":"5508"] current connecting state: false
[2026-10-05 07:14:14.252][14][info][lua] [source/extensions/filters/common/lua/lua.cc:26] script log: accepted GET /users/usr-14786
[2026-10-05 07:14:14.252][14][debug][lua] [source/extensions/filters/common/lua/lua.cc:67] coroutine finished
[2026-10-05 07:14:14.252][14][debug][router] [source/common/router/router.cc:537] [Tags: "ConnectionId":"5508","StreamId":"13591278741805151881"] cluster 'users' match for URL '/users/usr-14786'
[2026-10-05 07:14:14.252][14][debug][router] [source/common/router/router.cc:812] [Tags: "ConnectionId":"5508","StreamId":"13591278741805151881"] router decoding headers:
':authority', 'envoy:10000'
':path', '/users/usr-14786'
':method', 'GET'
':scheme', 'http'
'user-agent', 'Go-http-client/1.1'
'x-forwarded-proto', 'http'
'x-request-id', '2a322c72-8a4b-4e92-a66e-1dfd16898062'
'x-envoy-expected-rq-timeout-ms', '3000'

[2026-10-05 07:14:14.252][14][debug][pool] [source/common/conn_pool/conn_pool_base.cc:330] [Tags: "ConnectionId":"23"] using existing fully connected connection
[2026-10-05 07:14:14.252][14][debug][pool] [source/common/conn_pool/conn_pool_base.cc:247] [Tags: "ConnectionId":"23"] creating stream
[2026-10-05 07:14:14.252][14][debug][router] [source/common/router/upstream_request.cc:606] [Tags: "ConnectionId":"5508","StreamId":"13591278741805151881"] pool ready
[2026-10-05 07:14:14.253][14][debug][client] [source/common/http/codec_client.cc:150] [Tags: "ConnectionId":"23"] encode complete
[2026-10-05 07:14:14.253][14][debug][http] [source/common/http/conn_manager_impl.cc:394] [Tags: "ConnectionId":"5470"] new stream
[2026-10-05 07:14:14.253][14][debug][http] [source/common/http/conn_manager_impl.cc:1291] [Tags: "ConnectionId":"5470","StreamId":"8100130737883749507"] request headers complete (end_stream=false):
':authority', 'envoy:10000'
':path', '/foods/data'
':method', 'POST'
'user-agent', 'Go-http-client/1.1'
'content-length', '22'
'content-type', 'application/json'

[2026-10-05 07:14:14.253][14][debug][connection] [./source/common/network/connection_impl.h:101] [Tags: "ConnectionId":"5470"] current connecting state: false
[2026-10-05 07:14:14.253][14][info][lua] [source/extensions/filters/common/lua/lua.cc:26] script log: accepted POST /foods/data
[2026-10-05 07:14:14.253][14][debug][lua] [source/extensions/filters/common/lua/lua.cc:67] coroutine finished
[2026-10-05 07:14:14.253][14][debug][router] [source/common/router/router.cc:537] [Tags: "ConnectionId":"5470","StreamId":"8100130737883749507"] cluster 'foods' match for URL '/foods/data'
[2026-10-05 07:14:14.253][14][debug][router] [source/common/router/router.cc:812] [Tags: "ConnectionId":"5470","StreamId":"8100130737883749507"] router decoding headers:
':authority', 'envoy:10000'
':path', '/foods/data'
':method', 'POST'
':scheme', 'http'
'user-agent', 'Go-http-client/1.1'
'content-length', '22'
'content-type', 'application/json'
'x-forwarded-proto', 'http'
'x-request-id', '9e99755e-d1a6-4a00-8ca3-f894e0901645'
'x-envoy-expected-rq-timeout-ms', '3000'

[2026-10-05 07:14:14.253][14][debug][pool] [source/common/conn_pool/conn_pool_base.cc:330] [Tags: "ConnectionId":"1750"] using existing fully connected connection
[2026-10-05 07:14:14.253][14][debug][pool] [source/common/conn_pool/conn_pool_base.cc:247] [Tags: "ConnectionId":"1750"] creating stream
[2026-10-05 07:14:14.253][14][debug][router] [source/common/router/upstream_request.cc:606] [Tags: "ConnectionId":"5470","StreamId":"8100130737883749507"] pool ready
[2026-10-05 07:14:14.253][14][debug][router] [source/common/router/router.cc:993] [Tags: "ConnectionId":"5470","StreamId":"8100130737883749507"] router decoding data: 22
[2026-10-05 07:14:14.253][14][debug][http] [source/common/http/conn_manager_impl.cc:1274] [Tags: "ConnectionId":"5470","StreamId":"8100130737883749507"] request end stream timestamp recorded
[2026-10-05 07:14:14.253][14][debug][router] [source/common/router/router.cc:993] [Tags: "ConnectionId":"5470","StreamId":"8100130737883749507"] router decoding data: 0
[2026-10-05 07:14:14.253][14][debug][client] [source/common/http/codec_client.cc:150] [Tags: "ConnectionId":"1750"] encode complete
[2026-10-05 07:14:14.253][14][debug][http] [source/common/http/conn_manager_impl.cc:394] [Tags: "ConnectionId":"5531"] new stream
[2026-10-05 07:14:14.253][14][debug][http] [source/common/http/conn_manager_impl.cc:1291] [Tags: "ConnectionId":"5531","StreamId":"15648263147386921005"] request headers complete (end_stream=true):
':authority', 'envoy:10000'
':path', '/payments/pay-50661'
':method', 'GET'
'user-agent', 'Go-http-client/1.1'

[2026-10-05 07:14:14.253][14][debug][http] [source/common/http/conn_manager_impl.cc:1274] [Tags: "ConnectionId":"5531","StreamId":"15648263147386921005"] request end stream timestamp recorded
[2026-10-05 07:14:14.253][14][debug][connection] [./source/common/network/connection_impl.h:101] [Tags: "ConnectionId":"5531"] current connecting state: false
[2026-10-05 07:14:14.253][14][info][lua] [source/extensions/filters/common/lua/lua.cc:26] script log: accepted GET /payments/pay-50661
[2026-10-05 07:14:14.253][14][debug][lua] [source/extensions/filters/common/lua/lua.cc:67] coroutine finished
[2026-10-05 07:14:14.253][14][debug][router] [source/common/router/router.cc:537] [Tags: "ConnectionId":"5531","StreamId":"15648263147386921005"] cluster 'payments' match for URL '/payments/pay-50661'
[2026-10-05 07:14:14.253][14][debug][router] [source/common/router/router.cc:812] [Tags: "ConnectionId":"5531","StreamId":"15648263147386921005"] router decoding headers:
':authority', 'envoy:10000'
':path', '/payments/pay-50661'
':method', 'GET'
':scheme', 'http'
'user-agent', 'Go-http-client/1.1'
'x-forwarded-proto', 'http'
'x-request-id', 'd1fe7bc6-c390-4c74-bea8-68aa4970d6b4'
'x-envoy-expected-rq-timeout-ms', '3000'

[2026-10-05 07:14:14.253][14][debug][pool] [source/common/conn_pool/conn_pool_base.cc:330] [Tags: "ConnectionId":"1749"] using existing fully connected connection
[2026-10-05 07:14:14.253][14][debug][pool] [source/common/conn_pool/conn_pool_base.cc:247] [Tags: "ConnectionId":"1749"] creating stream
[2026-10-05 07:14:14.253][14][debug][router] [source/common/router/upstream_request.cc:606] [Tags: "ConnectionId":"5531","StreamId":"15648263147386921005"] pool ready
[2026-10-05 07:14:14.253][14][debug][client] [source/common/http/codec_client.cc:150] [Tags: "ConnectionId":"1749"] encode complete
[2026-10-05 07:14:14.253][14][debug][http] [source/common/http/conn_manager_impl.cc:394] [Tags: "ConnectionId":"5526"] new stream
[2026-10-05 07:14:14.253][14][debug][http] [source/common/http/conn_manager_impl.cc:1291] [Tags: "ConnectionId":"5526","StreamId":"9024609478037872951"] request headers complete (end_stream=false):
':authority', 'envoy:10000'
':path', '/foods/data'
':method', 'POST'
'user-agent', 'Go-http-client/1.1'
'content-length', '26'
'content-type', 'application/json'

[2026-10-05 07:14:14.253][14][debug][connection] [./source/common/network/connection_impl.h:101] [Tags: "ConnectionId":"5526"] current connecting state: false
[2026-10-05 07:14:14.253][14][info][lua] [source/extensions/filters/common/lua/lua.cc:26] script log: accepted POST /foods/data
[2026-10-05 07:14:14.253][14][debug][lua] [source/extensions/filters/common/lua/lua.cc:67] coroutine finished
[2026-10-05 07:14:14.253][14][debug][router] [source/common/router/router.cc:537] [Tags: "ConnectionId":"5526","StreamId":"9024609478037872951"] cluster 'foods' match for URL '/foods/data'
[2026-10-05 07:14:14.253][14][debug][router] [source/common/router/router.cc:812] [Tags: "ConnectionId":"5526","StreamId":"9024609478037872951"] router decoding headers:
':authority', 'envoy:10000'
':path', '/foods/data'
':method', 'POST'
':scheme', 'http'
'user-agent', 'Go-http-client/1.1'
'content-length', '26'
'content-type', 'application/json'
'x-forwarded-proto', 'http'
'x-request-id', 'dfe9022d-90d7-47ae-abe4-51dd9ee0c5dd'
'x-envoy-expected-rq-timeout-ms', '3000'

[2026-10-05 07:14:14.253][14][debug][pool] [source/common/conn_pool/conn_pool_base.cc:330] [Tags: "ConnectionId":"1751"] using existing fully connected connection
[2026-10-05 07:14:14.253][14][debug][pool] [source/common/conn_pool/conn_pool_base.cc:247] [Tags: "ConnectionId":"1751"] creating stream
[2026-10-05 07:14:14.253][14][debug][router] [source/common/router/upstream_request.cc:606] [Tags: "ConnectionId":"5526","StreamId":"9024609478037872951"] pool ready
[2026-10-05 07:14:14.253][14][debug][router] [source/common/router/router.cc:993] [Tags: "ConnectionId":"5526","StreamId":"9024609478037872951"] router decoding data: 26
[2026-10-05 07:14:14.253][14][debug][http] [source/common/http/conn_manager_impl.cc:1274] [Tags: "ConnectionId":"5526","StreamId":"9024609478037872951"] request end stream timestamp recorded
[2026-10-05 07:14:14.253][14][debug][router] [source/common/router/router.cc:993] [Tags: "ConnectionId":"5526","StreamId":"9024609478037872951"] router decoding data: 0
[2026-10-05 07:14:14.253][14][debug][client] [source/common/http/codec_client.cc:150] [Tags: "ConnectionId":"1751"] encode complete
[2026-10-05 07:14:14.253][14][debug][http] [source/common/http/conn_manager_impl.cc:394] [Tags: "ConnectionId":"5523"] new stream
[2026-10-05 07:14:14.253][14][debug][http] [source/common/http/conn_manager_impl.cc:1291] [Tags: "ConnectionId":"5523","StreamId":"10763982971978421626"] request headers complete (end_stream=false):
':authority', 'envoy:10000'
':path', '/booking'
':method', 'POST'
'user-agent', 'Go-http-client/1.1'
'content-length', '58'
'content-type', 'application/json'

[2026-10-05 07:14:14.253][14][debug][connection] [./source/common/network/connection_impl.h:101] [Tags: "ConnectionId":"5523"] current connecting state: false
[2026-10-05 07:14:14.253][14][info][lua] [source/extensions/filters/common/lua/lua.cc:26] script log: accepted POST /booking
[2026-10-05 07:14:14.253][14][debug][lua] [source/extensions/filters/common/lua/lua.cc:67] coroutine finished
[2026-10-05 07:14:14.253][14][debug][router] [source/common/router/router.cc:537] [Tags: "ConnectionId":"5523","StreamId":"10763982971978421626"] cluster 'booking' match for URL '/booking'
[2026-10-05 07:14:14.253][14][debug][router] [source/common/router/router.cc:812] [Tags: "ConnectionId":"5523","StreamId":"10763982971978421626"] router decoding headers:
':authority', 'envoy:10000'
':path', '/booking'
':method', 'POST'
':scheme', 'http'
'user-agent', 'Go-http-client/1.1'
'content-length', '58'
'content-type', 'application/json'
'x-forwarded-proto', 'http'
'x-request-id', 'fd99a001-3ad1-4d13-862a-b98867534b59'
'x-envoy-expected-rq-timeout-ms', '3000'

[2026-10-05 07:14:14.253][14][debug][pool] [source/common/conn_pool/conn_pool_base.cc:330] [Tags: "ConnectionId":"17"] using existing fully connected connection
[2026-10-05 07:14:14.253][14][debug][pool] [source/common/conn_pool/conn_pool_base.cc:247] [Tags: "ConnectionId":"17"] creating stream
[2026-10-05 07:14:14.253][14][debug][router] [source/common/router/upstream_request.cc:606] [Tags: "ConnectionId":"5523","StreamId":"10763982971978421626"] pool ready
[2026-10-05 07:14:14.253][14][debug][router] [source/common/router/router.cc:993] [Tags: "ConnectionId":"5523","StreamId":"10763982971978421626"] router decoding data: 58
[2026-10-05 07:14:14.253][14][debug][http] [source/common/http/conn_manager_impl.cc:1274] [Tags: "ConnectionId":"5523","StreamId":"10763982971978421626"] request end stream timestamp recorded
[2026-10-05 07:14:14.253][14][debug][router] [source/common/router/router.cc:993] [Tags: "ConnectionId":"5523","StreamId":"10763982971978421626"] router decoding data: 0
[2026-10-05 07:14:14.253][14][debug][client] [source/common/http/codec_client.cc:150] [Tags: "ConnectionId":"17"] encode complete
[2026-10-05 07:14:14.253][14][debug][http] [source/common/http/conn_manager_impl.cc:394] [Tags: "ConnectionId":"5530"] new stream
[2026-10-05 07:14:14.253][14][debug][http] [source/common/http/conn_manager_impl.cc:1291] [Tags: "ConnectionId":"5530","StreamId":"2188435107034910696"] request headers complete (end_stream=true):
':authority', 'envoy:10000'
':path', '/bookings/bk-89261'
':method', 'GET'
'user-agent', 'Go-http-client/1.1'

[2026-10-05 07:14:14.253][14][debug][http] [source/common/http/conn_manager_impl.cc:1274] [Tags: "ConnectionId":"5530","StreamId":"2188435107034910696"] request end stream timestamp recorded
[2026-10-05 07:14:14.253][14][debug][connection] [./source/common/network/connection_impl.h:101] [Tags: "ConnectionId":"5530"] current connecting state: false
[2026-10-05 07:14:14.253][14][info][lua] [source/extensions/filters/common/lua/lua.cc:26] script log: accepted GET /bookings/bk-89261
[2026-10-05 07:14:14.253][14][debug][lua] [source/extensions/filters/common/lua/lua.cc:67] coroutine finished
[2026-10-05 07:14:14.253][14][debug][router] [source/common/router/router.cc:537] [Tags: "ConnectionId":"5530","StreamId":"2188435107034910696"] cluster 'booking' match for URL '/bookings/bk-89261'
[2026-10-05 07:14:14.253][14][debug][router] [source/common/router/router.cc:812] [Tags: "ConnectionId":"5530","StreamId":"2188435107034910696"] router decoding headers:
':authority', 'envoy:10000'
':path', '/bookings/bk-89261'
':method', 'GET'
':scheme', 'http'
'user-agent', 'Go-http-client/1.1'
'x-forwarded-proto', 'http'
'x-request-id', '3809609a-cf85-44c4-be6a-939c65ed8d6f'
'x-envoy-expected-rq-timeout-ms', '3000'

[2026-10-05 07:14:14.253][14][debug][pool] [source/common/conn_pool/conn_pool_base.cc:330] [Tags: "ConnectionId":"1748"] using existing fully connected connection
[2026-10-05 07:14:14.253][14][debug][pool] [source/common/conn_pool/conn_pool_base.cc:247] [Tags: "ConnectionId":"1748"] creating stream
[2026-10-05 07:14:14.253][14][debug][router] [source/common/router/upstream_request.cc:606] [Tags: "ConnectionId":"5530","StreamId":"2188435107034910696"] pool ready
[2026-10-05 07:14:14.253][14][debug][client] [source/common/http/codec_client.cc:150] [Tags: "ConnectionId":"1748"] encode complete
[2026-10-05 07:14:14.253][14][debug][http] [source/common/http/conn_manager_impl.cc:394] [Tags: "ConnectionId":"5525"] new stream
[2026-10-05 07:14:14.253][14][debug][http] [source/common/http/conn_manager_impl.cc:1291] [Tags: "ConnectionId":"5525","StreamId":"9488783950520889906"] request headers complete (end_stream=false):
':authority', 'envoy:10000'
':path', '/payments'
':method', 'POST'
'user-agent', 'Go-http-client/1.1'
'content-length', '57'
'content-type', 'application/json'

[2026-10-05 07:14:14.253][14][debug][connection] [./source/common/network/connection_impl.h:101] [Tags: "ConnectionId":"5525"] current connecting state: false
[2026-10-05 07:14:14.253][14][info][lua] [source/extensions/filters/common/lua/lua.cc:26] script log: accepted POST /payments
[2026-10-05 07:14:14.253][14][debug][lua] [source/extensions/filters/common/lua/lua.cc:67] coroutine finished
[2026-10-05 07:14:14.253][14][debug][router] [source/common/router/router.cc:537] [Tags: "ConnectionId":"5525","StreamId":"9488783950520889906"] cluster 'payments' match for URL '/payments'
[2026-10-05 07:14:14.253][14][debug][router] [source/common/router/router.cc:812] [Tags: "ConnectionId":"5525","StreamId":"9488783950520889906"] router decoding headers:
':authority', 'envoy:10000'
':path', '/payments'
':method', 'POST'
':scheme', 'http'
'user-agent', 'Go-http-client/1.1'
'content-length', '57'
'content-type', 'application/json'
'x-forwarded-proto', 'http'
'x-request-id', '0c0640f6-6670-44df-857f-9c91b0c477f1'
'x-envoy-expected-rq-timeout-ms', '3000'

[2026-10-05 07:14:14.253][14][debug][pool] [source/common/conn_pool/conn_pool_base.cc:330] [Tags: "ConnectionId":"21"] using existing fully connected connection
[2026-10-05 07:14:14.253][14][debug][pool] [source/common/conn_pool/conn_pool_base.cc:247] [Tags: "ConnectionId":"21"] creating stream
[2026-10-05 07:14:14.253][14][debug][router] [source/common/router/upstream_request.cc:606] [Tags: "ConnectionId":"5525","StreamId":"9488783950520889906"] pool ready
[2026-10-05 07:14:14.253][14][debug][router] [source/common/router/router.cc:993] [Tags: "ConnectionId":"5525","StreamId":"9488783950520889906"] router decoding data: 57
[2026-10-05 07:14:14.253][14][debug][http] [source/common/http/conn_manager_impl.cc:1274] [Tags: "ConnectionId":"5525","StreamId":"9488783950520889906"] request end stream timestamp recorded
[2026-10-05 07:14:14.253][14][debug][router] [source/common/router/router.cc:993] [Tags: "ConnectionId":"5525","StreamId":"9488783950520889906"] router decoding data: 0
[2026-10-05 07:14:14.253][14][debug][client] [source/common/http/codec_client.cc:150] [Tags: "ConnectionId":"21"] encode complete
[2026-10-05 07:14:14.253][14][debug][http] [source/common/http/conn_manager_impl.cc:394] [Tags: "ConnectionId":"5507"] new stream
[2026-10-05 07:14:14.253][14][debug][http] [source/common/http/conn_manager_impl.cc:1291] [Tags: "ConnectionId":"5507","StreamId":"17875400214856804505"] request headers complete (end_stream=true):
':authority', 'envoy:10000'
':path', '/payments/pay-69960'
':method', 'GET'
'user-agent', 'Go-http-client/1.1'

[2026-10-05 07:14:14.253][14][debug][http] [source/common/http/conn_manager_impl.cc:1274] [Tags: "ConnectionId":"5507","StreamId":"17875400214856804505"] request end stream timestamp recorded
[2026-10-05 07:14:14.253][14][debug][connection] [./source/common/network/connection_impl.h:101] [Tags: "ConnectionId":"5507"] current connecting state: false
[2026-10-05 07:14:14.253][14][info][lua] [source/extensions/filters/common/lua/lua.cc:26] script log: accepted GET /payments/pay-69960
[2026-10-05 07:14:14.253][14][debug][lua] [source/extensions/filters/common/lua/lua.cc:67] coroutine finished
[2026-10-05 07:14:14.253][14][debug][router] [source/common/router/router.cc:537] [Tags: "ConnectionId":"5507","StreamId":"17875400214856804505"] cluster 'payments' match for URL '/payments/pay-69960'
[2026-10-05 07:14:14.253][14][debug][router] [source/common/router/router.cc:812] [Tags: "ConnectionId":"5507","StreamId":"17875400214856804505"] router decoding headers:
':authority', 'envoy:10000'
':path', '/payments/pay-69960'
':method', 'GET'
':scheme', 'http'
'user-agent', 'Go-http-client/1.1'
'x-forwarded-proto', 'http'
'x-request-id', 'ae7ec2d9-f241-4508-ba50-b9641780d898'
'x-envoy-expected-rq-timeout-ms', '3000'

[2026-10-05 07:14:14.253][14][debug][pool] [source/common/conn_pool/conn_pool_base.cc:330] [Tags: "ConnectionId":"1"] using existing fully connected connection
[2026-10-05 07:14:14.253][14][debug][pool] [source/common/conn_pool/conn_pool_base.cc:247] [Tags: "ConnectionId":"1"] creating stream
[2026-10-05 07:14:14.253][14][debug][router] [source/common/router/upstream_request.cc:606] [Tags: "ConnectionId":"5507","StreamId":"17875400214856804505"] pool ready
[2026-10-05 07:14:14.253][14][debug][client] [source/common/http/codec_client.cc:150] [Tags: "ConnectionId":"1"] encode complete
[2026-10-05 07:14:14.253][14][debug][http] [source/common/http/conn_manager_impl.cc:394] [Tags: "ConnectionId":"5521"] new stream
[2026-10-05 07:14:14.253][14][debug][http] [source/common/http/conn_manager_impl.cc:1291] [Tags: "ConnectionId":"5521","StreamId":"10828633373429520511"] request headers complete (end_stream=true):
':authority', 'envoy:10000'
':path', '/bookings'
':method', 'OPTIONS'
'user-agent', 'Go-http-client/1.1'

[2026-10-05 07:14:14.253][14][debug][http] [source/common/http/conn_manager_impl.cc:1274] [Tags: "ConnectionId":"5521","StreamId":"10828633373429520511"] request end stream timestamp recorded
[2026-10-05 07:14:14.253][14][debug][connection] [./source/common/network/connection_impl.h:101] [Tags: "ConnectionId":"5521"] current connecting state: false
[2026-10-05 07:14:14.253][14][info][lua] [source/extensions/filters/common/lua/lua.cc:26] script log: accepted OPTIONS /bookings
[2026-10-05 07:14:14.253][14][debug][lua] [source/extensions/filters/common/lua/lua.cc:67] coroutine finished
[2026-10-05 07:14:14.253][14][debug][router] [source/common/router/router.cc:537] [Tags: "ConnectionId":"5521","StreamId":"10828633373429520511"] cluster 'booking' match for URL '/bookings'
[2026-10-05 07:14:14.253][14][debug][router] [source/common/router/router.cc:812] [Tags: "ConnectionId":"5521","StreamId":"10828633373429520511"] router decoding headers:
':authority', 'envoy:10000'
':path', '/bookings'
':method', 'OPTIONS'
':scheme', 'http'
'user-agent', 'Go-http-client/1.1'
'x-forwarded-proto', 'http'
'x-request-id', '72fa12bd-ee95-46d9-970d-d516682783dd'
'x-envoy-expected-rq-timeout-ms', '3000'

[2026-10-05 07:14:14.253][14][debug][pool] [source/common/conn_pool/conn_pool_base.cc:330] [Tags: "ConnectionId":"1752"] using existing fully connected connection
[2026-10-05 07:14:14.253][14][debug][pool] [source/common/conn_pool/conn_pool_base.cc:247] [Tags: "ConnectionId":"1752"] creating stream
[2026-10-05 07:14:14.253][14][debug][router] [source/common/router/upstream_request.cc:606] [Tags: "ConnectionId":"5521","StreamId":"10828633373429520511"] pool ready
[2026-10-05 07:14:14.253][14][debug][client] [source/common/http/codec_client.cc:150] [Tags: "ConnectionId":"1752"] encode complete
[2026-10-05 07:14:14.253][14][debug][http] [source/common/http/conn_manager_impl.cc:394] [Tags: "ConnectionId":"5529"] new stream
[2026-10-05 07:14:14.253][14][debug][http] [source/common/http/conn_manager_impl.cc:1291] [Tags: "ConnectionId":"5529","StreamId":"7955647431903497391"] request headers complete (end_stream=false):
':authority', 'envoy:10000'
':path', '/order/ord-43945'
':method', 'PUT'
'user-agent', 'Go-http-client/1.1'
'content-length', '22'
'content-type', 'application/json'

[2026-10-05 07:14:14.253][14][debug][connection] [./source/common/network/connection_impl.h:101] [Tags: "ConnectionId":"5529"] current connecting state: false
[2026-10-05 07:14:14.253][14][info][lua] [source/extensions/filters/common/lua/lua.cc:26] script log: accepted PUT /order/ord-43945
[2026-10-05 07:14:14.253][14][debug][lua] [source/extensions/filters/common/lua/lua.cc:67] coroutine finished
[2026-10-05 07:14:14.253][14][debug][router] [source/common/router/router.cc:537] [Tags: "ConnectionId":"5529","StreamId":"7955647431903497391"] cluster 'orders' match for URL '/order/ord-43945'
[2026-10-05 07:14:14.253][14][debug][router] [source/common/router/router.cc:812] [Tags: "ConnectionId":"5529","StreamId":"7955647431903497391"] router decoding headers:
':authority', 'envoy:10000'
':path', '/order/ord-43945'
':method', 'PUT'
':scheme', 'http'
'user-agent', 'Go-http-client/1.1'
'content-length', '22'
'content-type', 'application/json'
'x-forwarded-proto', 'http'
'x-request-id', '1dad40d0-3e8b-45a0-862e-cc80658bb824'
'x-envoy-expected-rq-timeout-ms', '3000'

[2026-10-05 07:14:14.253][14][debug][pool] [source/common/conn_pool/conn_pool_base.cc:330] [Tags: "ConnectionId":"1746"] using existing fully connected connection
[2026-10-05 07:14:14.253][14][debug][pool] [source/common/conn_pool/conn_pool_base.cc:247] [Tags: "ConnectionId":"1746"] creating stream
[2026-10-05 07:14:14.253][14][debug][router] [source/common/router/upstream_request.cc:606] [Tags: "ConnectionId":"5529","StreamId":"7955647431903497391"] pool ready
[2026-10-05 07:14:14.253][14][debug][router] [source/common/router/router.cc:993] [Tags: "ConnectionId":"5529","StreamId":"7955647431903497391"] router decoding data: 22
[2026-10-05 07:14:14.253][14][debug][http] [source/common/http/conn_manager_impl.cc:1274] [Tags: "ConnectionId":"5529","StreamId":"7955647431903497391"] request end stream timestamp recorded
[2026-10-05 07:14:14.253][14][debug][router] [source/common/router/router.cc:993] [Tags: "ConnectionId":"5529","StreamId":"7955647431903497391"] router decoding data: 0
[2026-10-05 07:14:14.253][14][debug][client] [source/common/http/codec_client.cc:150] [Tags: "ConnectionId":"1746"] encode complete
[2026-10-05 07:14:14.253][14][debug][http] [source/common/http/conn_manager_impl.cc:394] [Tags: "ConnectionId":"5506"] new stream
[2026-10-05 07:14:14.253][14][debug][http] [source/common/http/conn_manager_impl.cc:1291] [Tags: "ConnectionId":"5506","StreamId":"12403538496063644595"] request headers complete (end_stream=false):
':authority', 'envoy:10000'
':path', '/payments'
':method', 'POST'
'user-agent', 'Go-http-client/1.1'
'content-length', '56'
'content-type', 'application/json'

[2026-10-05 07:14:14.253][14][debug][connection] [./source/common/network/connection_impl.h:101] [Tags: "ConnectionId":"5506"] current connecting state: false
[2026-10-05 07:14:14.253][14][info][lua] [source/extensions/filters/common/lua/lua.cc:26] script log: accepted POST /payments
[2026-10-05 07:14:14.253][14][debug][lua] [source/extensions/filters/common/lua/lua.cc:67] coroutine finished
[2026-10-05 07:14:14.253][14][debug][router] [source/common/router/router.cc:537] [Tags: "ConnectionId":"5506","StreamId":"12403538496063644595"] cluster 'payments' match for URL '/payments'
[2026-10-05 07:14:14.253][14][debug][router] [source/common/router/router.cc:812] [Tags: "ConnectionId":"5506","StreamId":"12403538496063644595"] router decoding headers:
':authority', 'envoy:10000'
':path', '/payments'
':method', 'POST'
':scheme', 'http'
'user-agent', 'Go-http-client/1.1'
'content-length', '56'
'content-type', 'application/json'
'x-forwarded-proto', 'http'
'x-request-id', '30f2580d-2dfc-4ded-8083-dd787cf6d8fe'
'x-envoy-expected-rq-timeout-ms', '3000'

[2026-10-05 07:14:14.253][14][debug][pool] [source/common/conn_pool/conn_pool_base.cc:330] [Tags: "ConnectionId":"6"] using existing fully connected connection
[2026-10-05 07:14:14.253][14][debug][pool] [source/common/conn_pool/conn_pool_base.cc:247] [Tags: "ConnectionId":"6"] creating stream
[2026-10-05 07:14:14.253][14][debug][router] [source/common/router/upstream_request.cc:606] [Tags: "ConnectionId":"5506","StreamId":"12403538496063644595"] pool ready
[2026-10-05 07:14:14.253][14][debug][router] [source/common/router/router.cc:993] [Tags: "ConnectionId":"5506","StreamId":"12403538496063644595"] router decoding data: 56
[2026-10-05 07:14:14.253][14][debug][http] [source/common/http/conn_manager_impl.cc:1274] [Tags: "ConnectionId":"5506","StreamId":"12403538496063644595"] request end stream timestamp recorded
[2026-10-05 07:14:14.253][14][debug][router] [source/common/router/router.cc:993] [Tags: "ConnectionId":"5506","StreamId":"12403538496063644595"] router decoding data: 0
[2026-10-05 07:14:14.253][14][debug][client] [source/common/http/codec_client.cc:150] [Tags: "ConnectionId":"6"] encode complete
[2026-10-05 07:14:14.253][14][debug][http] [source/common/http/conn_manager_impl.cc:394] [Tags: "ConnectionId":"5515"] new stream
[2026-10-05 07:14:14.253][14][debug][http] [source/common/http/conn_manager_impl.cc:1291] [Tags: "ConnectionId":"5515","StreamId":"13462291831389094787"] request headers complete (end_stream=false):
':authority', 'envoy:10000'
':path', '/order/ord-12372'
':method', 'PUT'
'user-agent', 'Go-http-client/1.1'
'content-length', '20'
'content-type', 'application/json'

[2026-10-05 07:14:14.253][14][debug][connection] [./source/common/network/connection_impl.h:101] [Tags: "ConnectionId":"5515"] current connecting state: false
[2026-10-05 07:14:14.253][14][info][lua] [source/extensions/filters/common/lua/lua.cc:26] script log: accepted PUT /order/ord-12372
[2026-10-05 07:14:14.253][14][debug][lua] [source/extensions/filters/common/lua/lua.cc:67] coroutine finished
[2026-10-05 07:14:14.253][14][debug][router] [source/common/router/router.cc:537] [Tags: "ConnectionId":"5515","StreamId":"13462291831389094787"] cluster 'orders' match for URL '/order/ord-12372'
[2026-10-05 07:14:14.253][14][debug][router] [source/common/router/router.cc:812] [Tags: "ConnectionId":"5515","StreamId":"13462291831389094787"] router decoding headers:
':authority', 'envoy:10000'
':path', '/order/ord-12372'
':method', 'PUT'
':scheme', 'http'
'user-agent', 'Go-http-client/1.1'
'content-length', '20'
'content-type', 'application/json'
'x-forwarded-proto', 'http'
'x-request-id', '6132d69b-2055-4958-8c07-bb0374bef6b1'
'x-envoy-expected-rq-timeout-ms', '3000'

[2026-10-05 07:14:14.253][14][debug][pool] [source/common/conn_pool/conn_pool_base.cc:330] [Tags: "ConnectionId":"13"] using existing fully connected connection
[2026-10-05 07:14:14.253][14][debug][pool] [source/common/conn_pool/conn_pool_base.cc:247] [Tags: "ConnectionId":"13"] creating stream
[2026-10-05 07:14:14.253][14][debug][router] [source/common/router/upstream_request.cc:606] [Tags: "ConnectionId":"5515","StreamId":"13462291831389094787"] pool ready
[2026-10-05 07:14:14.253][14][debug][router] [source/common/router/router.cc:993] [Tags: "ConnectionId":"5515","StreamId":"13462291831389094787"] router decoding data: 20
[2026-10-05 07:14:14.253][14][debug][http] [source/common/http/conn_manager_impl.cc:1274] [Tags: "ConnectionId":"5515","StreamId":"13462291831389094787"] request end stream timestamp recorded
[2026-10-05 07:14:14.253][14][debug][router] [source/common/router/router.cc:993] [Tags: "ConnectionId":"5515","StreamId":"13462291831389094787"] router decoding data: 0
[2026-10-05 07:14:14.253][14][debug][client] [source/common/http/codec_client.cc:150] [Tags: "ConnectionId":"13"] encode complete
[2026-10-05 07:14:14.253][14][debug][http] [source/common/http/conn_manager_impl.cc:394] [Tags: "ConnectionId":"5528"] new stream
[2026-10-05 07:14:14.253][14][debug][http] [source/common/http/conn_manager_impl.cc:1291] [Tags: "ConnectionId":"5528","StreamId":"13188175624477056669"] request headers complete (end_stream=true):
':authority', 'envoy:10000'
':path', '/users/usr-45075'
':method', 'GET'
'user-agent', 'Go-http-client/1.1'

[2026-10-05 07:14:14.253][14][debug][http] [source/common/http/conn_manager_impl.cc:1274] [Tags: "ConnectionId":"5528","StreamId":"13188175624477056669"] request end stream timestamp recorded
[2026-10-05 07:14:14.253][14][debug][connection] [./source/common/network/connection_impl.h:101] [Tags: "ConnectionId":"5528"] current connecting state: false
[2026-10-05 07:14:14.253][14][info][lua] [source/extensions/filters/common/lua/lua.cc:26] script log: accepted GET /users/usr-45075
[2026-10-05 07:14:14.253][14][debug][lua] [source/extensions/filters/common/lua/lua.cc:67] coroutine finished
[2026-10-05 07:14:14.253][14][debug][router] [source/common/router/router.cc:537] [Tags: "ConnectionId":"5528","StreamId":"13188175624477056669"] cluster 'users' match for URL '/users/usr-45075'
[2026-10-05 07:14:14.253][14][debug][router] [source/common/router/router.cc:812] [Tags: "ConnectionId":"5528","StreamId":"13188175624477056669"] router decoding headers:
':authority', 'envoy:10000'
':path', '/users/usr-45075'
':method', 'GET'
':scheme', 'http'
'user-agent', 'Go-http-client/1.1'
'x-forwarded-proto', 'http'
'x-request-id', '96009d87-49f1-480a-9614-1fd905b1ac14'
'x-envoy-expected-rq-timeout-ms', '3000'

[2026-10-05 07:14:14.253][14][debug][pool] [source/common/conn_pool/conn_pool_base.cc:330] [Tags: "ConnectionId":"8"] using existing fully connected connection
[2026-10-05 07:14:14.253][14][debug][pool] [source/common/conn_pool/conn_pool_base.cc:247] [Tags: "ConnectionId":"8"] creating stream
[2026-10-05 07:14:14.253][14][debug][router] [source/common/router/upstream_request.cc:606] [Tags: "ConnectionId":"5528","StreamId":"13188175624477056669"] pool ready
[2026-10-05 07:14:14.254][14][debug][client] [source/common/http/codec_client.cc:150] [Tags: "ConnectionId":"8"] encode complete
[2026-10-05 07:14:14.254][14][debug][http] [source/common/http/conn_manager_impl.cc:394] [Tags: "ConnectionId":"5496"] new stream
[2026-10-05 07:14:14.254][14][debug][http] [source/common/http/conn_manager_impl.cc:1291] [Tags: "ConnectionId":"5496","StreamId":"8298719797531726302"] request headers complete (end_stream=true):
':authority', 'envoy:10000'
':path', '/bookings/bk-69151'
':method', 'GET'
'user-agent', 'Go-http-client/1.1'

[2026-10-05 07:14:14.254][14][debug][http] [source/common/http/conn_manager_impl.cc:1274] [Tags: "ConnectionId":"5496","StreamId":"8298719797531726302"] request end stream timestamp recorded
[2026-10-05 07:14:14.254][14][debug][connection] [./source/common/network/connection_impl.h:101] [Tags: "ConnectionId":"5496"] current connecting state: false
[2026-10-05 07:14:14.254][14][info][lua] [source/extensions/filters/common/lua/lua.cc:26] script log: accepted GET /bookings/bk-69151
[2026-10-05 07:14:14.254][14][debug][lua] [source/extensions/filters/common/lua/lua.cc:67] coroutine finished
[2026-10-05 07:14:14.254][14][debug][router] [source/common/router/router.cc:537] [Tags: "ConnectionId":"5496","StreamId":"8298719797531726302"] cluster 'booking' match for URL '/bookings/bk-69151'
[2026-10-05 07:14:14.254][14][debug][router] [source/common/router/router.cc:812] [Tags: "ConnectionId":"5496","StreamId":"8298719797531726302"] router decoding headers:
':authority', 'envoy:10000'
':path', '/bookings/bk-69151'
':method', 'GET'
':scheme', 'http'
'user-agent', 'Go-http-client/1.1'
'x-forwarded-proto', 'http'
'x-request-id', '8ddd5fd2-05a1-4582-87a2-18da979b5005'
'x-envoy-expected-rq-timeout-ms', '3000'

[2026-10-05 07:14:14.254][14][debug][pool] [source/common/conn_pool/conn_pool_base.cc:330] [Tags: "ConnectionId":"2"] using existing fully connected connection
[2026-10-05 07:14:14.254][14][debug][pool] [source/common/conn_pool/conn_pool_base.cc:247] [Tags: "ConnectionId":"2"] creating stream
[2026-10-05 07:14:14.254][14][debug][router] [source/common/router/upstream_request.cc:606] [Tags: "ConnectionId":"5496","StreamId":"8298719797531726302"] pool ready
[2026-10-05 07:14:14.254][14][debug][client] [source/common/http/codec_client.cc:150] [Tags: "ConnectionId":"2"] encode complete
[2026-10-05 07:14:14.254][14][debug][http] [source/common/http/conn_manager_impl.cc:394] [Tags: "ConnectionId":"5527"] new stream
[2026-10-05 07:14:14.254][14][debug][http] [source/common/http/conn_manager_impl.cc:1291] [Tags: "ConnectionId":"5527","StreamId":"13401553999417544938"] request headers complete (end_stream=true):
':authority', 'envoy:10000'
':path', '/bookings'
':method', 'OPTIONS'
'user-agent', 'Go-http-client/1.1'

[2026-10-05 07:14:14.254][14][debug][http] [source/common/http/conn_manager_impl.cc:1274] [Tags: "ConnectionId":"5527","StreamId":"13401553999417544938"] request end stream timestamp recorded
[2026-10-05 07:14:14.254][14][debug][connection] [./source/common/network/connection_impl.h:101] [Tags: "ConnectionId":"5527"] current connecting state: false
[2026-10-05 07:14:14.254][14][info][lua] [source/extensions/filters/common/lua/lua.cc:26] script log: accepted OPTIONS /bookings
[2026-10-05 07:14:14.254][14][debug][lua] [source/extensions/filters/common/lua/lua.cc:67] coroutine finished
[2026-10-05 07:14:14.254][14][debug][router] [source/common/router/router.cc:537] [Tags: "ConnectionId":"5527","StreamId":"13401553999417544938"] cluster 'booking' match for URL '/bookings'
[2026-10-05 07:14:14.254][14][debug][router] [source/common/router/router.cc:812] [Tags: "ConnectionId":"5527","StreamId":"13401553999417544938"] router decoding headers:
':authority', 'envoy:10000'
':path', '/bookings'
':method', 'OPTIONS'
':scheme', 'http'
'user-agent', 'Go-http-client/1.1'
'x-forwarded-proto', 'http'
'x-request-id', 'bd279dfd-8472-4414-89ce-a237e246d167'
'x-envoy-expected-rq-timeout-ms', '3000'

[2026-10-05 07:14:14.254][14][debug][pool] [source/common/conn_pool/conn_pool_base.cc:330] [Tags: "ConnectionId":"19"] using existing fully connected connection
[2026-10-05 07:14:14.254][14][debug][pool] [source/common/conn_pool/conn_pool_base.cc:247] [Tags: "ConnectionId":"19"] creating stream
[2026-10-05 07:14:14.254][14][debug][router] [source/common/router/upstream_request.cc:606] [Tags: "ConnectionId":"5527","StreamId":"13401553999417544938"] pool ready
[2026-10-05 07:14:14.254][14][debug][client] [source/common/http/codec_client.cc:150] [Tags: "ConnectionId":"19"] encode complete
[2026-10-05 07:14:14.254][14][debug][http] [source/common/http/conn_manager_impl.cc:394] [Tags: "ConnectionId":"5520"] new stream
[2026-10-05 07:14:14.254][14][debug][http] [source/common/http/conn_manager_impl.cc:1291] [Tags: "ConnectionId":"5520","StreamId":"12195360104823568736"] request headers complete (end_stream=false):
':authority', 'envoy:10000'
':path', '/booking'
':method', 'POST'
'user-agent', 'Go-http-client/1.1'
'content-length', '58'
'content-type', 'application/json'

[2026-10-05 07:14:14.254][14][debug][connection] [./source/common/network/connection_impl.h:101] [Tags: "ConnectionId":"5520"] current connecting state: false
[2026-10-05 07:14:14.254][14][info][lua] [source/extensions/filters/common/lua/lua.cc:26] script log: accepted POST /booking
[2026-10-05 07:14:14.254][14][debug][lua] [source/extensions/filters/common/lua/lua.cc:67] coroutine finished
[2026-10-05 07:14:14.254][14][debug][router] [source/common/router/router.cc:537] [Tags: "ConnectionId":"5520","StreamId":"12195360104823568736"] cluster 'booking' match for URL '/booking'
[2026-10-05 07:14:14.254][14][debug][router] [source/common/router/router.cc:812] [Tags: "ConnectionId":"5520","StreamId":"12195360104823568736"] router decoding headers:
':authority', 'envoy:10000'
':path', '/booking'
':method', 'POST'
':scheme', 'http'
'user-agent', 'Go-http-client/1.1'
'content-length', '58'
'content-type', 'application/json'
'x-forwarded-proto', 'http'
'x-request-id', '65a94780-733b-4787-8e64-42ea3b115685'
'x-envoy-expected-rq-timeout-ms', '3000'

[2026-10-05 07:14:14.254][14][debug][pool] [source/common/conn_pool/conn_pool_base.cc:330] [Tags: "ConnectionId":"11"] using existing fully connected connection
[2026-10-05 07:14:14.254][14][debug][pool] [source/common/conn_pool/conn_pool_base.cc:247] [Tags: "ConnectionId":"11"] creating stream
[2026-10-05 07:14:14.254][14][debug][router] [source/common/router/upstream_request.cc:606] [Tags: "ConnectionId":"5520","StreamId":"12195360104823568736"] pool ready
[2026-10-05 07:14:14.254][14][debug][router] [source/common/router/router.cc:993] [Tags: "ConnectionId":"5520","StreamId":"12195360104823568736"] router decoding data: 58
[2026-10-05 07:14:14.254][14][debug][http] [source/common/http/conn_manager_impl.cc:1274] [Tags: "ConnectionId":"5520","StreamId":"12195360104823568736"] request end stream timestamp recorded
[2026-10-05 07:14:14.254][14][debug][router] [source/common/router/router.cc:993] [Tags: "ConnectionId":"5520","StreamId":"12195360104823568736"] router decoding data: 0
[2026-10-05 07:14:14.254][14][debug][client] [source/common/http/codec_client.cc:150] [Tags: "ConnectionId":"11"] encode complete
[2026-10-05 07:14:14.254][14][debug][router] [source/common/router/router.cc:1700] [Tags: "ConnectionId":"5508","StreamId":"13591278741805151881"] upstream headers complete: end_stream=false
[2026-10-05 07:14:14.254][14][debug][lua] [source/extensions/filters/common/lua/lua.cc:23] script log: completed GET /users/usr-14786 status=200
[2026-10-05 07:14:14.254][14][debug][lua] [source/extensions/filters/common/lua/lua.cc:67] coroutine finished
[2026-10-05 07:14:14.254][14][debug][http] [source/common/http/conn_manager_impl.cc:1948] [Tags: "ConnectionId":"5508","StreamId":"13591278741805151881"] encoding headers via codec (end_stream=false):
':status', '200'
'content-type', 'application/json'
'date', 'Mon, 05 Oct 2026 07:14:14 GMT'
'content-length', '32'
'x-envoy-upstream-service-time', '1'
'server', 'envoy'

[2026-10-05 07:14:14.254][14][debug][client] [source/common/http/codec_client.cc:137] [Tags: "ConnectionId":"23"] response complete
[2026-10-05 07:14:14.254][14][debug][router] [source/common/router/router.cc:1153] Executing cleanup(): resetting retry_state_ and disabling timers
[2026-10-05 07:14:14.254][14][debug][http] [source/common/http/conn_manager_impl.cc:2063] [Tags: "ConnectionId":"5508","StreamId":"13591278741805151881"] Codec completed encoding stream.
[2026-10-05 07:14:14.254][14][debug][router] [source/common/router/router.cc:1153] Executing cleanup(): resetting retry_state_ and disabling timers
[2026-10-05 07:14:14.254][14][debug][pool] [source/common/http/http1/conn_pool.cc:61] [Tags: "ConnectionId":"23"] response complete
[2026-10-05 07:14:14.254][14][debug][pool] [source/common/conn_pool/conn_pool_base.cc:282] [Tags: "ConnectionId":"23"] destroying stream: 0 active remaining, readyForStream false, currentUnusedCapacity 1
[2026-10-05 07:14:14.254][14][debug][router] [source/common/router/router.cc:1700] [Tags: "ConnectionId":"5529","StreamId":"7955647431903497391"] upstream headers complete: end_stream=false
[2026-10-05 07:14:14.254][14][debug][lua] [source/extensions/filters/common/lua/lua.cc:23] script log: completed PUT /order/ord-43945 status=200
[2026-10-05 07:14:14.254][14][debug][lua] [source/extensions/filters/common/lua/lua.cc:67] coroutine finished
[2026-10-05 07:14:14.254][14][debug][http] [source/common/http/conn_manager_impl.cc:1948] [Tags: "ConnectionId":"5529","StreamId":"7955647431903497391"] encoding headers via codec (end_stream=false):
':status', '200'
'content-type', 'application/json'
'date', 'Mon, 05 Oct 2026 07:14:14 GMT'
'content-length', '37'
'x-envoy-upstream-service-time', '0'
'server', 'envoy'

[2026-10-05 07:14:14.254][14][debug][client] [source/common/http/codec_client.cc:137] [Tags: "ConnectionId":"1746"] response complete
[2026-10-05 07:14:14.254][14][debug][router] [source/common/router/router.cc:1153] Executing cleanup(): resetting retry_state_ and disabling timers
[2026-10-05 07:14:14.254][14][debug][http] [source/common/http/conn_manager_impl.cc:2063] [Tags: "ConnectionId":"5529","StreamId":"7955647431903497391"] Codec completed encoding stream.
[2026-10-05 07:14:14.254][14][debug][router] [source/common/router/router.cc:1153] Executing cleanup(): resetting retry_state_ and disabling timers
[2026-10-05 07:14:14.254][14][debug][pool] [source/common/http/http1/conn_pool.cc:61] [Tags: "ConnectionId":"1746"] response complete
[2026-10-05 07:14:14.254][14][debug][pool] [source/common/conn_pool/conn_pool_base.cc:282] [Tags: "ConnectionId":"1746"] destroying stream: 0 active remaining, readyForStream false, currentUnusedCapacity 1
[2026-10-05 07:14:14.254][14][debug][client] [source/common/http/codec_client.cc:137] [Tags: "ConnectionId":"1752"] response complete
[2026-10-05 07:14:14.254][14][debug][router] [source/common/router/router.cc:1700] [Tags: "ConnectionId":"5521","StreamId":"10828633373429520511"] upstream headers complete: end_stream=true
[2026-10-05 07:14:14.254][14][debug][router] [source/common/router/router.cc:1153] Executing cleanup(): resetting retry_state_ and disabling timers
[2026-10-05 07:14:14.254][14][debug][lua] [source/extensions/filters/common/lua/lua.cc:23] script log: completed OPTIONS /bookings status=204
[2026-10-05 07:14:14.254][14][debug][lua] [source/extensions/filters/common/lua/lua.cc:67] coroutine finished
[2026-10-05 07:14:14.254][14][debug][http] [source/common/http/conn_manager_impl.cc:1948] [Tags: "ConnectionId":"5521","StreamId":"10828633373429520511"] encoding headers via codec (end_stream=true):
':status', '204'
'access-control-allow-methods', 'GET, OPTIONS'
'allow', 'GET, OPTIONS'
'date', 'Mon, 05 Oct 2026 07:14:14 GMT'
'x-envoy-upstream-service-time', '0'
'server', 'envoy'

[2026-10-05 07:14:14.254][14][debug][http] [source/common/http/conn_manager_impl.cc:2063] [Tags: "ConnectionId":"5521","StreamId":"10828633373429520511"] Codec completed encoding stream.
[2026-10-05 07:14:14.254][14][debug][router] [source/common/router/router.cc:1153] Executing cleanup(): resetting retry_state_ and disabling timers
[2026-10-05 07:14:14.254][14][debug][pool] [source/common/http/http1/conn_pool.cc:61] [Tags: "ConnectionId":"1752"] response complete
[2026-10-05 07:14:14.254][14][debug][pool] [source/common/conn_pool/conn_pool_base.cc:282] [Tags: "ConnectionId":"1752"] destroying stream: 0 active remaining, readyForStream false, currentUnusedCapacity 1
[2026-10-05 07:14:14.254][14][debug][router] [source/common/router/router.cc:1700] [Tags: "ConnectionId":"5530","StreamId":"2188435107034910696"] upstream headers complete: end_stream=false
[2026-10-05 07:14:14.254][14][debug][lua] [source/extensions/filters/common/lua/lua.cc:23] script log: completed GET /bookings/bk-89261 status=200
[2026-10-05 07:14:14.254][14][debug][lua] [source/extensions/filters/common/lua/lua.cc:67] coroutine finished
[2026-10-05 07:14:14.254][14][debug][http] [source/common/http/conn_manager_impl.cc:1948] [Tags: "ConnectionId":"5530","StreamId":"2188435107034910696"] encoding headers via codec (end_stream=false):
':status', '200'
'content-type', 'application/json'
'date', 'Mon, 05 Oct 2026 07:14:14 GMT'
'content-length', '31'
'x-envoy-upstream-service-time', '1'
'server', 'envoy'

[2026-10-05 07:14:14.254][14][debug][client] [source/common/http/codec_client.cc:137] [Tags: "ConnectionId":"1748"] response complete
[2026-10-05 07:14:14.254][14][debug][router] [source/common/router/router.cc:1153] Executing cleanup(): resetting retry_state_ and disabling timers
[2026-10-05 07:14:14.254][14][debug][http] [source/common/http/conn_manager_impl.cc:2063] [Tags: "ConnectionId":"5530","StreamId":"2188435107034910696"] Codec completed encoding stream.
[2026-10-05 07:14:14.254][14][debug][router] [source/common/router/router.cc:1153] Executing cleanup(): resetting retry_state_ and disabling timers
[2026-10-05 07:14:14.254][14][debug][pool] [source/common/http/http1/conn_pool.cc:61] [Tags: "ConnectionId":"1748"] response complete
[2026-10-05 07:14:14.254][14][debug][pool] [source/common/conn_pool/conn_pool_base.cc:282] [Tags: "ConnectionId":"1748"] destroying stream: 0 active remaining, readyForStream false, currentUnusedCapacity 1
[2026-10-05 07:14:14.254][14][debug][router] [source/common/router/router.cc:1700] [Tags: "ConnectionId":"5470","StreamId":"8100130737883749507"] upstream headers complete: end_stream=false
[2026-10-05 07:14:14.254][14][debug][lua] [source/extensions/filters/common/lua/lua.cc:23] script log: completed POST /foods/data status=200
[2026-10-05 07:14:14.254][14][debug][lua] [source/extensions/filters/common/lua/lua.cc:67] coroutine finished
[2026-10-05 07:14:14.254][14][debug][http] [source/common/http/conn_manager_impl.cc:1948] [Tags: "ConnectionId":"5470","StreamId":"8100130737883749507"] encoding headers via codec (end_stream=false):
':status', '200'
'content-type', 'application/json'
'date', 'Mon, 05 Oct 2026 07:14:14 GMT'
'content-length', '15'
'x-envoy-upstream-service-time', '1'
'server', 'envoy'

[2026-10-05 07:14:14.254][14][debug][client] [source/common/http/codec_client.cc:137] [Tags: "ConnectionId":"1750"] response complete
[2026-10-05 07:14:14.254][14][debug][router] [source/common/router/router.cc:1153] Executing cleanup(): resetting retry_state_ and disabling timers
[2026-10-05 07:14:14.254][14][debug][http] [source/common/http/conn_manager_impl.cc:2063] [Tags: "ConnectionId":"5470","StreamId":"8100130737883749507"] Codec completed encoding stream.
[2026-10-05 07:14:14.254][14][debug][router] [source/common/router/router.cc:1153] Executing cleanup(): resetting retry_state_ and disabling timers
[2026-10-05 07:14:14.254][14][debug][pool] [source/common/http/http1/conn_pool.cc:61] [Tags: "ConnectionId":"1750"] response complete
[2026-10-05 07:14:14.254][14][debug][pool] [source/common/conn_pool/conn_pool_base.cc:282] [Tags: "ConnectionId":"1750"] destroying stream: 0 active remaining, readyForStream false, currentUnusedCapacity 1
[2026-10-05 07:14:14.254][14][debug][router] [source/common/router/router.cc:1700] [Tags: "ConnectionId":"5531","StreamId":"15648263147386921005"] upstream headers complete: end_stream=false
[2026-10-05 07:14:14.254][14][debug][lua] [source/extensions/filters/http/lua/lua_filter.cc:569] yielding for full body
[2026-10-05 07:14:14.254][14][debug][lua] [source/extensions/filters/common/lua/lua.cc:70] coroutine yielded
[2026-10-05 07:14:14.254][14][debug][client] [source/common/http/codec_client.cc:137] [Tags: "ConnectionId":"1749"] response complete
[2026-10-05 07:14:14.254][14][debug][router] [source/common/router/router.cc:1153] Executing cleanup(): resetting retry_state_ and disabling timers
[2026-10-05 07:14:14.254][14][debug][lua] [source/extensions/filters/http/lua/lua_filter.cc:280] resuming body due to end stream
[2026-10-05 07:14:14.254][14][error][lua] [source/extensions/filters/common/lua/lua.cc:32] script log: GET /payments/pay-50661 status=500 reason=upstream returned 503
reason: upstream returned 503
goroutine 19423 [running]:
runtime/debug.Stack()
	runtime/debug/stack.go:26 +0x64
main.(*handler).fail(0x5b2543e140c0, {0x2e9060, 0x5b2543fe4a50}, {0x5b2543fe2520, 0x3}, {0x5b2543fe2524, 0x13})
	envoy-log-generator/cmd/backend/main.go:169 +0x4c
main.(*handler).ServeHTTP(0x5b2543e140c0, {0x2e9060, 0x5b2543fe4a50}, 0x5b2543fdda40)
	envoy-log-generator/cmd/backend/main.go:111 +0x690
net/http.serverHandler.ServeHTTP({0x5b2543e14340?}, {0x2e9060?, 0x5b2543fe4a50?}, 0x1?)
	net/http/server.go:3311 +0xb0
net/http.(*conn).serve(0x5b2543f48f30, {0x2e96d0, 0x5b2543e1c240})
	net/http/server.go:2067 +0x55c
created by net/http.(*Server).Serve in goroutine 1
	net/http/server.go:3464 +0x37c
[2026-10-05 07:14:14.254][14][debug][lua] [source/extensions/filters/common/lua/lua.cc:67] coroutine finished
[2026-10-05 07:14:14.254][14][debug][http] [source/common/http/conn_manager_impl.cc:1948] [Tags: "ConnectionId":"5531","StreamId":"15648263147386921005"] encoding headers via codec (end_stream=false):
':status', '500'
'content-type', 'text/plain; charset=utf-8'
'date', 'Mon, 05 Oct 2026 07:14:14 GMT'
'content-length', '713'
'x-envoy-upstream-service-time', '1'
'server', 'envoy'

[2026-10-05 07:14:14.254][14][debug][http] [source/common/http/conn_manager_impl.cc:2063] [Tags: "ConnectionId":"5531","StreamId":"15648263147386921005"] Codec completed encoding stream.
[2026-10-05 07:14:14.254][14][debug][router] [source/common/router/router.cc:1153] Executing cleanup(): resetting retry_state_ and disabling timers
[2026-10-05 07:14:14.254][14][debug][pool] [source/common/http/http1/conn_pool.cc:61] [Tags: "ConnectionId":"1749"] response complete
[2026-10-05 07:14:14.254][14][debug][pool] [source/common/conn_pool/conn_pool_base.cc:282] [Tags: "ConnectionId":"1749"] destroying stream: 0 active remaining, readyForStream false, currentUnusedCapacity 1
[2026-10-05 07:14:14.254][14][debug][router] [source/common/router/router.cc:1700] [Tags: "ConnectionId":"5523","StreamId":"10763982971978421626"] upstream headers complete: end_stream=false
[2026-10-05 07:14:14.254][14][debug][lua] [source/extensions/filters/common/lua/lua.cc:23] script log: completed POST /booking status=200
[2026-10-05 07:14:14.254][14][debug][lua] [source/extensions/filters/common/lua/lua.cc:67] coroutine finished
[2026-10-05 07:14:14.254][14][debug][http] [source/common/http/conn_manager_impl.cc:1948] [Tags: "ConnectionId":"5523","StreamId":"10763982971978421626"] encoding headers via codec (end_stream=false):
':status', '200'
'content-type', 'application/json'
'date', 'Mon, 05 Oct 2026 07:14:14 GMT'
'content-length', '15'
'x-envoy-upstream-service-time', '1'
'server', 'envoy'

[2026-10-05 07:14:14.254][14][debug][client] [source/common/http/codec_client.cc:137] [Tags: "ConnectionId":"17"] response complete
[2026-10-05 07:14:14.254][14][debug][router] [source/common/router/router.cc:1153] Executing cleanup(): resetting retry_state_ and disabling timers
[2026-10-05 07:14:14.254][14][debug][http] [source/common/http/conn_manager_impl.cc:2063] [Tags: "ConnectionId":"5523","StreamId":"10763982971978421626"] Codec completed encoding stream.
[2026-10-05 07:14:14.254][14][debug][router] [source/common/router/router.cc:1153] Executing cleanup(): resetting retry_state_ and disabling timers
[2026-10-05 07:14:14.254][14][debug][pool] [source/common/http/http1/conn_pool.cc:61] [Tags: "ConnectionId":"17"] response complete
[2026-10-05 07:14:14.254][14][debug][pool] [source/common/conn_pool/conn_pool_base.cc:282] [Tags: "ConnectionId":"17"] destroying stream: 0 active remaining, readyForStream false, currentUnusedCapacity 1
[2026-10-05 07:14:14.254][14][debug][router] [source/common/router/router.cc:1700] [Tags: "ConnectionId":"5526","StreamId":"9024609478037872951"] upstream headers complete: end_stream=false
[2026-10-05 07:14:14.254][14][debug][lua] [source/extensions/filters/common/lua/lua.cc:23] script log: completed POST /foods/data status=200
[2026-10-05 07:14:14.254][14][debug][lua] [source/extensions/filters/common/lua/lua.cc:67] coroutine finished
[2026-10-05 07:14:14.254][14][debug][http] [source/common/http/conn_manager_impl.cc:1948] [Tags: "ConnectionId":"5526","StreamId":"9024609478037872951"] encoding headers via codec (end_stream=false):
':status', '200'
'content-type', 'application/json'
'date', 'Mon, 05 Oct 2026 07:14:14 GMT'
'content-length', '15'
'x-envoy-upstream-service-time', '1'
'server', 'envoy'

[2026-10-05 07:14:14.254][14][debug][client] [source/common/http/codec_client.cc:137] [Tags: "ConnectionId":"1751"] response complete
[2026-10-05 07:14:14.254][14][debug][router] [source/common/router/router.cc:1153] Executing cleanup(): resetting retry_state_ and disabling timers
[2026-10-05 07:14:14.254][14][debug][http] [source/common/http/conn_manager_impl.cc:2063] [Tags: "ConnectionId":"5526","StreamId":"9024609478037872951"] Codec completed encoding stream.
[2026-10-05 07:14:14.254][14][debug][router] [source/common/router/router.cc:1153] Executing cleanup(): resetting retry_state_ and disabling timers
[2026-10-05 07:14:14.254][14][debug][pool] [source/common/http/http1/conn_pool.cc:61] [Tags: "ConnectionId":"1751"] response complete
[2026-10-05 07:14:14.254][14][debug][pool] [source/common/conn_pool/conn_pool_base.cc:282] [Tags: "ConnectionId":"1751"] destroying stream: 0 active remaining, readyForStream false, currentUnusedCapacity 1
[2026-10-05 07:14:14.254][14][debug][router] [source/common/router/router.cc:1700] [Tags: "ConnectionId":"5507","StreamId":"17875400214856804505"] upstream headers complete: end_stream=false
[2026-10-05 07:14:14.254][14][debug][lua] [source/extensions/filters/common/lua/lua.cc:23] script log: completed GET /payments/pay-69960 status=200
[2026-10-05 07:14:14.254][14][debug][lua] [source/extensions/filters/common/lua/lua.cc:67] coroutine finished
[2026-10-05 07:14:14.254][14][debug][http] [source/common/http/conn_manager_impl.cc:1948] [Tags: "ConnectionId":"5507","StreamId":"17875400214856804505"] encoding headers via codec (end_stream=false):
':status', '200'
'content-type', 'application/json'
'date', 'Mon, 05 Oct 2026 07:14:14 GMT'
'content-length', '32'
'x-envoy-upstream-service-time', '1'
'server', 'envoy'

[2026-10-05 07:14:14.254][14][debug][client] [source/common/http/codec_client.cc:137] [Tags: "ConnectionId":"1"] response complete
[2026-10-05 07:14:14.254][14][debug][router] [source/common/router/router.cc:1153] Executing cleanup(): resetting retry_state_ and disabling timers
[2026-10-05 07:14:14.254][14][debug][http] [source/common/http/conn_manager_impl.cc:2063] [Tags: "ConnectionId":"5507","StreamId":"17875400214856804505"] Codec completed encoding stream.
[2026-10-05 07:14:14.254][14][debug][router] [source/common/router/router.cc:1153] Executing cleanup(): resetting retry_state_ and disabling timers
[2026-10-05 07:14:14.254][14][debug][pool] [source/common/http/http1/conn_pool.cc:61] [Tags: "ConnectionId":"1"] response complete
[2026-10-05 07:14:14.254][14][debug][pool] [source/common/conn_pool/conn_pool_base.cc:282] [Tags: "ConnectionId":"1"] destroying stream: 0 active remaining, readyForStream false, currentUnusedCapacity 1
[2026-10-05 07:14:14.254][14][debug][router] [source/common/router/router.cc:1700] [Tags: "ConnectionId":"5525","StreamId":"9488783950520889906"] upstream headers complete: end_stream=false
[2026-10-05 07:14:14.254][14][debug][lua] [source/extensions/filters/common/lua/lua.cc:23] script log: completed POST /payments status=200
[2026-10-05 07:14:14.254][14][debug][lua] [source/extensions/filters/common/lua/lua.cc:67] coroutine finished
[2026-10-05 07:14:14.254][14][debug][http] [source/common/http/conn_manager_impl.cc:1948] [Tags: "ConnectionId":"5525","StreamId":"9488783950520889906"] encoding headers via codec (end_stream=false):
':status', '200'
'content-type', 'application/json'
'date', 'Mon, 05 Oct 2026 07:14:14 GMT'
'content-length', '15'
'x-envoy-upstream-service-time', '1'
'server', 'envoy'

[2026-10-05 07:14:14.254][14][debug][client] [source/common/http/codec_client.cc:137] [Tags: "ConnectionId":"21"] response complete
[2026-10-05 07:14:14.254][14][debug][router] [source/common/router/router.cc:1153] Executing cleanup(): resetting retry_state_ and disabling timers
[2026-10-05 07:14:14.254][14][debug][http] [source/common/http/conn_manager_impl.cc:2063] [Tags: "ConnectionId":"5525","StreamId":"9488783950520889906"] Codec completed encoding stream.
[2026-10-05 07:14:14.254][14][debug][router] [source/common/router/router.cc:1153] Executing cleanup(): resetting retry_state_ and disabling timers
[2026-10-05 07:14:14.254][14][debug][pool] [source/common/http/http1/conn_pool.cc:61] [Tags: "ConnectionId":"21"] response complete
[2026-10-05 07:14:14.254][14][debug][pool] [source/common/conn_pool/conn_pool_base.cc:282] [Tags: "ConnectionId":"21"] destroying stream: 0 active remaining, readyForStream false, currentUnusedCapacity 1
[2026-10-05 07:14:14.254][14][debug][router] [source/common/router/router.cc:1700] [Tags: "ConnectionId":"5506","StreamId":"12403538496063644595"] upstream headers complete: end_stream=false
[2026-10-05 07:14:14.254][14][debug][lua] [source/extensions/filters/common/lua/lua.cc:23] script log: completed POST /payments status=200
[2026-10-05 07:14:14.254][14][debug][lua] [source/extensions/filters/common/lua/lua.cc:67] coroutine finished
[2026-10-05 07:14:14.254][14][debug][http] [source/common/http/conn_manager_impl.cc:1948] [Tags: "ConnectionId":"5506","StreamId":"12403538496063644595"] encoding headers via codec (end_stream=false):
':status', '200'
'content-type', 'application/json'
'date', 'Mon, 05 Oct 2026 07:14:14 GMT'
'content-length', '15'
'x-envoy-upstream-service-time', '0'
'server', 'envoy'

[2026-10-05 07:14:14.254][14][debug][client] [source/common/http/codec_client.cc:137] [Tags: "ConnectionId":"6"] response complete
[2026-10-05 07:14:14.254][14][debug][router] [source/common/router/router.cc:1153] Executing cleanup(): resetting retry_state_ and disabling timers
[2026-10-05 07:14:14.254][14][debug][http] [source/common/http/conn_manager_impl.cc:2063] [Tags: "ConnectionId":"5506","StreamId":"12403538496063644595"] Codec completed encoding stream.
[2026-10-05 07:14:14.254][14][debug][router] [source/common/router/router.cc:1153] Executing cleanup(): resetting retry_state_ and disabling timers
[2026-10-05 07:14:14.254][14][debug][pool] [source/common/http/http1/conn_pool.cc:61] [Tags: "ConnectionId":"6"] response complete
[2026-10-05 07:14:14.254][14][debug][pool] [source/common/conn_pool/conn_pool_base.cc:282] [Tags: "ConnectionId":"6"] destroying stream: 0 active remaining, readyForStream false, currentUnusedCapacity 1
[2026-10-05 07:14:14.254][14][debug][router] [source/common/router/router.cc:1700] [Tags: "ConnectionId":"5515","StreamId":"13462291831389094787"] upstream headers complete: end_stream=false
[2026-10-05 07:14:14.254][14][debug][lua] [source/extensions/filters/common/lua/lua.cc:23] script log: completed PUT /order/ord-12372 status=200
[2026-10-05 07:14:14.254][14][debug][lua] [source/extensions/filters/common/lua/lua.cc:67] coroutine finished
[2026-10-05 07:14:14.254][14][debug][http] [source/common/http/conn_manager_impl.cc:1948] [Tags: "ConnectionId":"5515","StreamId":"13462291831389094787"] encoding headers via codec (end_stream=false):
':status', '200'
'content-type', 'application/json'
'date', 'Mon, 05 Oct 2026 07:14:14 GMT'
'content-length', '37'
'x-envoy-upstream-service-time', '0'
'server', 'envoy'

[2026-10-05 07:14:14.254][14][debug][client] [source/common/http/codec_client.cc:137] [Tags: "ConnectionId":"13"] response complete
[2026-10-05 07:14:14.254][14][debug][router] [source/common/router/router.cc:1153] Executing cleanup(): resetting retry_state_ and disabling timers
[2026-10-05 07:14:14.254][14][debug][http] [source/common/http/conn_manager_impl.cc:2063] [Tags: "ConnectionId":"5515","StreamId":"13462291831389094787"] Codec completed encoding stream.
[2026-10-05 07:14:14.254][14][debug][router] [source/common/router/router.cc:1153] Executing cleanup(): resetting retry_state_ and disabling timers
[2026-10-05 07:14:14.254][14][debug][pool] [source/common/http/http1/conn_pool.cc:61] [Tags: "ConnectionId":"13"] response complete
[2026-10-05 07:14:14.254][14][debug][pool] [source/common/conn_pool/conn_pool_base.cc:282] [Tags: "ConnectionId":"13"] destroying stream: 0 active remaining, readyForStream false, currentUnusedCapacity 1
[2026-10-05 07:14:14.254][14][debug][router] [source/common/router/router.cc:1700] [Tags: "ConnectionId":"5528","StreamId":"13188175624477056669"] upstream headers complete: end_stream=false
[2026-10-05 07:14:14.254][14][debug][lua] [source/extensions/filters/common/lua/lua.cc:23] script log: completed GET /users/usr-45075 status=200
[2026-10-05 07:14:14.254][14][debug][lua] [source/extensions/filters/common/lua/lua.cc:67] coroutine finished
[2026-10-05 07:14:14.254][14][debug][http] [source/common/http/conn_manager_impl.cc:1948] [Tags: "ConnectionId":"5528","StreamId":"13188175624477056669"] encoding headers via codec (end_stream=false):
':status', '200'
'content-type', 'application/json'
'date', 'Mon, 05 Oct 2026 07:14:14 GMT'
'content-length', '32'
'x-envoy-upstream-service-time', '0'
'server', 'envoy'

[2026-10-05 07:14:14.254][14][debug][client] [source/common/http/codec_client.cc:137] [Tags: "ConnectionId":"8"] response complete
[2026-10-05 07:14:14.254][14][debug][router] [source/common/router/router.cc:1153] Executing cleanup(): resetting retry_state_ and disabling timers
[2026-10-05 07:14:14.254][14][debug][http] [source/common/http/conn_manager_impl.cc:2063] [Tags: "ConnectionId":"5528","StreamId":"13188175624477056669"] Codec completed encoding stream.
[2026-10-05 07:14:14.254][14][debug][router] [source/common/router/router.cc:1153] Executing cleanup(): resetting retry_state_ and disabling timers
[2026-10-05 07:14:14.254][14][debug][pool] [source/common/http/http1/conn_pool.cc:61] [Tags: "ConnectionId":"8"] response complete
[2026-10-05 07:14:14.254][14][debug][pool] [source/common/conn_pool/conn_pool_base.cc:282] [Tags: "ConnectionId":"8"] destroying stream: 0 active remaining, readyForStream false, currentUnusedCapacity 1
[2026-10-05 07:14:14.254][14][debug][router] [source/common/router/router.cc:1700] [Tags: "ConnectionId":"5520","StreamId":"12195360104823568736"] upstream headers complete: end_stream=false
[2026-10-05 07:14:14.254][14][debug][lua] [source/extensions/filters/common/lua/lua.cc:23] script log: completed POST /booking status=200
[2026-10-05 07:14:14.254][14][debug][lua] [source/extensions/filters/common/lua/lua.cc:67] coroutine finished
[2026-10-05 07:14:14.254][14][debug][http] [source/common/http/conn_manager_impl.cc:1948] [Tags: "ConnectionId":"5520","StreamId":"12195360104823568736"] encoding headers via codec (end_stream=false):
':status', '200'
'content-type', 'application/json'
'date', 'Mon, 05 Oct 2026 07:14:14 GMT'
'content-length', '15'
'x-envoy-upstream-service-time', '0'
'server', 'envoy'

[2026-10-05 07:14:14.254][14][debug][client] [source/common/http/codec_client.cc:137] [Tags: "ConnectionId":"11"] response complete
[2026-10-05 07:14:14.254][14][debug][router] [source/common/router/router.cc:1153] Executing cleanup(): resetting retry_state_ and disabling timers
[2026-10-05 07:14:14.254][14][debug][http] [source/common/http/conn_manager_impl.cc:2063] [Tags: "ConnectionId":"5520","StreamId":"12195360104823568736"] Codec completed encoding stream.
[2026-10-05 07:14:14.255][14][debug][router] [source/common/router/router.cc:1153] Executing cleanup(): resetting retry_state_ and disabling timers
[2026-10-05 07:14:14.255][14][debug][pool] [source/common/http/http1/conn_pool.cc:61] [Tags: "ConnectionId":"11"] response complete
[2026-10-05 07:14:14.255][14][debug][pool] [source/common/conn_pool/conn_pool_base.cc:282] [Tags: "ConnectionId":"11"] destroying stream: 0 active remaining, readyForStream false, currentUnusedCapacity 1
[2026-10-05 07:14:14.255][14][debug][client] [source/common/http/codec_client.cc:137] [Tags: "ConnectionId":"19"] response complete
[2026-10-05 07:14:14.255][14][debug][router] [source/common/router/router.cc:1700] [Tags: "ConnectionId":"5527","StreamId":"13401553999417544938"] upstream headers complete: end_stream=true
[2026-10-05 07:14:14.255][14][debug][router] [source/common/router/router.cc:1153] Executing cleanup(): resetting retry_state_ and disabling timers
[2026-10-05 07:14:14.255][14][debug][lua] [source/extensions/filters/common/lua/lua.cc:23] script log: completed OPTIONS /bookings status=204
[2026-10-05 07:14:14.255][14][debug][lua] [source/extensions/filters/common/lua/lua.cc:67] coroutine finished
[2026-10-05 07:14:14.255][14][debug][http] [source/common/http/conn_manager_impl.cc:1948] [Tags: "ConnectionId":"5527","StreamId":"13401553999417544938"] encoding headers via codec (end_stream=true):
':status', '204'
'access-control-allow-methods', 'GET, OPTIONS'
'allow', 'GET, OPTIONS'
'date', 'Mon, 05 Oct 2026 07:14:14 GMT'
'x-envoy-upstream-service-time', '0'
'server', 'envoy'

[2026-10-05 07:14:14.255][14][debug][http] [source/common/http/conn_manager_impl.cc:2063] [Tags: "ConnectionId":"5527","StreamId":"13401553999417544938"] Codec completed encoding stream.
[2026-10-05 07:14:14.255][14][debug][router] [source/common/router/router.cc:1153] Executing cleanup(): resetting retry_state_ and disabling timers
[2026-10-05 07:14:14.255][14][debug][pool] [source/common/http/http1/conn_pool.cc:61] [Tags: "ConnectionId":"19"] response complete
[2026-10-05 07:14:14.255][14][debug][pool] [source/common/conn_pool/conn_pool_base.cc:282] [Tags: "ConnectionId":"19"] destroying stream: 0 active remaining, readyForStream false, currentUnusedCapacity 1
[2026-10-05 07:14:14.255][14][debug][router] [source/common/router/router.cc:1700] [Tags: "ConnectionId":"5496","StreamId":"8298719797531726302"] upstream headers complete: end_stream=false
[2026-10-05 07:14:14.255][14][debug][lua] [source/extensions/filters/common/lua/lua.cc:23] script log: completed GET /bookings/bk-69151 status=200
[2026-10-05 07:14:14.255][14][debug][lua] [source/extensions/filters/common/lua/lua.cc:67] coroutine finished
[2026-10-05 07:14:14.255][14][debug][http] [source/common/http/conn_manager_impl.cc:1948] [Tags: "ConnectionId":"5496","StreamId":"8298719797531726302"] encoding headers via codec (end_stream=false):
':status', '200'
'content-type', 'application/json'
'date', 'Mon, 05 Oct 2026 07:14:14 GMT'
'content-length', '31'
'x-envoy-upstream-service-time', '1'
'server', 'envoy'

[2026-10-05 07:14:14.255][14][debug][client] [source/common/http/codec_client.cc:137] [Tags: "ConnectionId":"2"] response complete
[2026-10-05 07:14:14.255][14][debug][router] [source/common/router/router.cc:1153] Executing cleanup(): resetting retry_state_ and disabling timers
[2026-10-05 07:14:14.255][14][debug][http] [source/common/http/conn_manager_impl.cc:2063] [Tags: "ConnectionId":"5496","StreamId":"8298719797531726302"] Codec completed encoding stream.
[2026-10-05 07:14:14.255][14][debug][router] [source/common/router/router.cc:1153] Executing cleanup(): resetting retry_state_ and disabling timers
[2026-10-05 07:14:14.255][14][debug][pool] [source/common/http/http1/conn_pool.cc:61] [Tags: "ConnectionId":"2"] response complete
[2026-10-05 07:14:14.255][14][debug][pool] [source/common/conn_pool/conn_pool_base.cc:282] [Tags: "ConnectionId":"2"] destroying stream: 0 active remaining, readyForStream false, currentUnusedCapacity 1
[2026-10-05 07:14:14.271][14][debug][http] [source/common/http/conn_manager_impl.cc:394] [Tags: "ConnectionId":"5523"] new stream
[2026-10-05 07:14:14.271][14][debug][http] [source/common/http/conn_manager_impl.cc:1291] [Tags: "ConnectionId":"5523","StreamId":"4575756762139559570"] request headers complete (end_stream=false):
':authority', 'envoy:10000'
':path', '/foods/data'
':method', 'POST'
'user-agent', 'Go-http-client/1.1'
'content-length', '22'
'content-type', 'application/json'

[2026-10-05 07:14:14.271][14][debug][connection] [./source/common/network/connection_impl.h:101] [Tags: "ConnectionId":"5523"] current connecting state: false
[2026-10-05 07:14:14.271][14][info][lua] [source/extensions/filters/common/lua/lua.cc:26] script log: accepted POST /foods/data
[2026-10-05 07:14:14.271][14][debug][lua] [source/extensions/filters/common/lua/lua.cc:67] coroutine finished
[2026-10-05 07:14:14.271][14][debug][router] [source/common/router/router.cc:537] [Tags: "ConnectionId":"5523","StreamId":"4575756762139559570"] cluster 'foods' match for URL '/foods/data'
[2026-10-05 07:14:14.271][14][debug][router] [source/common/router/router.cc:812] [Tags: "ConnectionId":"5523","StreamId":"4575756762139559570"] router decoding headers:
':authority', 'envoy:10000'
':path', '/foods/data'
':method', 'POST'
':scheme', 'http'
'user-agent', 'Go-http-client/1.1'
'content-length', '22'
'content-type', 'application/json'
'x-forwarded-proto', 'http'
'x-request-id', '762be935-c9d1-4b43-92fe-59729cd703dc'
'x-envoy-expected-rq-timeout-ms', '3000'

[2026-10-05 07:14:14.271][14][debug][pool] [source/common/conn_pool/conn_pool_base.cc:330] [Tags: "ConnectionId":"1751"] using existing fully connected connection
[2026-10-05 07:14:14.271][14][debug][pool] [source/common/conn_pool/conn_pool_base.cc:247] [Tags: "ConnectionId":"1751"] creating stream
[2026-10-05 07:14:14.271][14][debug][router] [source/common/router/upstream_request.cc:606] [Tags: "ConnectionId":"5523","StreamId":"4575756762139559570"] pool ready
[2026-10-05 07:14:14.271][14][debug][router] [source/common/router/router.cc:993] [Tags: "ConnectionId":"5523","StreamId":"4575756762139559570"] router decoding data: 22
[2026-10-05 07:14:14.271][14][debug][http] [source/common/http/conn_manager_impl.cc:1274] [Tags: "ConnectionId":"5523","StreamId":"4575756762139559570"] request end stream timestamp recorded
[2026-10-05 07:14:14.271][14][debug][router] [source/common/router/router.cc:993] [Tags: "ConnectionId":"5523","StreamId":"4575756762139559570"] router decoding data: 0
[2026-10-05 07:14:14.271][14][debug][client] [source/common/http/codec_client.cc:150] [Tags: "ConnectionId":"1751"] encode complete
[2026-10-05 07:14:14.271][14][debug][http] [source/common/http/conn_manager_impl.cc:394] [Tags: "ConnectionId":"5496"] new stream
[2026-10-05 07:14:14.271][14][debug][http] [source/common/http/conn_manager_impl.cc:1291] [Tags: "ConnectionId":"5496","StreamId":"3885339549391798218"] request headers complete (end_stream=false):
':authority', 'envoy:10000'
':path', '/payments'
':method', 'POST'
'user-agent', 'Go-http-client/1.1'
'content-length', '57'
'content-type', 'application/json'

[2026-10-05 07:14:14.271][14][debug][connection] [./source/common/network/connection_impl.h:101] [Tags: "ConnectionId":"5496"] current connecting state: false
[2026-10-05 07:14:14.271][14][info][lua] [source/extensions/filters/common/lua/lua.cc:26] script log: accepted POST /payments
[2026-10-05 07:14:14.271][14][debug][lua] [source/extensions/filters/common/lua/lua.cc:67] coroutine finished
[2026-10-05 07:14:14.271][14][debug][router] [source/common/router/router.cc:537] [Tags: "ConnectionId":"5496","StreamId":"3885339549391798218"] cluster 'payments' match for URL '/payments'
[2026-10-05 07:14:14.271][14][debug][router] [source/common/router/router.cc:812] [Tags: "ConnectionId":"5496","StreamId":"3885339549391798218"] router decoding headers:
':authority', 'envoy:10000'
':path', '/payments'
':method', 'POST'
':scheme', 'http'
'user-agent', 'Go-http-client/1.1'
'content-length', '57'
'content-type', 'application/json'
'x-forwarded-proto', 'http'
'x-request-id', '796c0887-1fd7-4194-9859-89371a69afcc'
'x-envoy-expected-rq-timeout-ms', '3000'

[2026-10-05 07:14:14.271][14][debug][pool] [source/common/conn_pool/conn_pool_base.cc:330] [Tags: "ConnectionId":"6"] using existing fully connected connection
[2026-10-05 07:14:14.271][14][debug][pool] [source/common/conn_pool/conn_pool_base.cc:247] [Tags: "ConnectionId":"6"] creating stream
[2026-10-05 07:14:14.271][14][debug][router] [source/common/router/upstream_request.cc:606] [Tags: "ConnectionId":"5496","StreamId":"3885339549391798218"] pool ready
[2026-10-05 07:14:14.271][14][debug][router] [source/common/router/router.cc:993] [Tags: "ConnectionId":"5496","StreamId":"3885339549391798218"] router decoding data: 57
[2026-10-05 07:14:14.271][14][debug][http] [source/common/http/conn_manager_impl.cc:1274] [Tags: "ConnectionId":"5496","StreamId":"3885339549391798218"] request end stream timestamp recorded
[2026-10-05 07:14:14.271][14][debug][router] [source/common/router/router.cc:993] [Tags: "ConnectionId":"5496","StreamId":"3885339549391798218"] router decoding data: 0
[2026-10-05 07:14:14.271][14][debug][client] [source/common/http/codec_client.cc:150] [Tags: "ConnectionId":"6"] encode complete
[2026-10-05 07:14:14.271][14][debug][http] [source/common/http/conn_manager_impl.cc:394] [Tags: "ConnectionId":"5526"] new stream
[2026-10-05 07:14:14.271][14][debug][http] [source/common/http/conn_manager_impl.cc:1291] [Tags: "ConnectionId":"5526","StreamId":"5669173006758397750"] request headers complete (end_stream=false):
':authority', 'envoy:10000'
':path', '/booking'
':method', 'POST'
'user-agent', 'Go-http-client/1.1'
'content-length', '58'
'content-type', 'application/json'

[2026-10-05 07:14:14.271][14][debug][connection] [./source/common/network/connection_impl.h:101] [Tags: "ConnectionId":"5526"] current connecting state: false
[2026-10-05 07:14:14.271][14][info][lua] [source/extensions/filters/common/lua/lua.cc:26] script log: accepted POST /booking
[2026-10-05 07:14:14.271][14][debug][lua] [source/extensions/filters/common/lua/lua.cc:67] coroutine finished
[2026-10-05 07:14:14.271][14][debug][router] [source/common/router/router.cc:537] [Tags: "ConnectionId":"5526","StreamId":"5669173006758397750"] cluster 'booking' match for URL '/booking'
[2026-10-05 07:14:14.271][14][debug][router] [source/common/router/router.cc:812] [Tags: "ConnectionId":"5526","StreamId":"5669173006758397750"] router decoding headers:
':authority', 'envoy:10000'
':path', '/booking'
':method', 'POST'
':scheme', 'http'
'user-agent', 'Go-http-client/1.1'
'content-length', '58'
'content-type', 'application/json'
'x-forwarded-proto', 'http'
'x-request-id', '036a93cb-a19d-4f53-92bf-b2755c510779'
'x-envoy-expected-rq-timeout-ms', '3000'

[2026-10-05 07:14:14.271][14][debug][pool] [source/common/conn_pool/conn_pool_base.cc:330] [Tags: "ConnectionId":"2"] using existing fully connected connection
[2026-10-05 07:14:14.271][14][debug][pool] [source/common/conn_pool/conn_pool_base.cc:247] [Tags: "ConnectionId":"2"] creating stream
[2026-10-05 07:14:14.271][14][debug][router] [source/common/router/upstream_request.cc:606] [Tags: "ConnectionId":"5526","StreamId":"5669173006758397750"] pool ready
[2026-10-05 07:14:14.271][14][debug][router] [source/common/router/router.cc:993] [Tags: "ConnectionId":"5526","StreamId":"5669173006758397750"] router decoding data: 58
[2026-10-05 07:14:14.271][14][debug][http] [source/common/http/conn_manager_impl.cc:1274] [Tags: "ConnectionId":"5526","StreamId":"5669173006758397750"] request end stream timestamp recorded
[2026-10-05 07:14:14.271][14][debug][router] [source/common/router/router.cc:993] [Tags: "ConnectionId":"5526","StreamId":"5669173006758397750"] router decoding data: 0
[2026-10-05 07:14:14.271][14][debug][client] [source/common/http/codec_client.cc:150] [Tags: "ConnectionId":"2"] encode complete
[2026-10-05 07:14:14.271][14][debug][http] [source/common/http/conn_manager_impl.cc:394] [Tags: "ConnectionId":"5527"] new stream
[2026-10-05 07:14:14.271][14][debug][http] [source/common/http/conn_manager_impl.cc:1291] [Tags: "ConnectionId":"5527","StreamId":"10273926448243859639"] request headers complete (end_stream=false):
':authority', 'envoy:10000'
':path', '/order/ord-68379'
':method', 'PUT'
'user-agent', 'Go-http-client/1.1'
'content-length', '20'
'content-type', 'application/json'

[2026-10-05 07:14:14.271][14][debug][connection] [./source/common/network/connection_impl.h:101] [Tags: "ConnectionId":"5527"] current connecting state: false
[2026-10-05 07:14:14.271][14][info][lua] [source/extensions/filters/common/lua/lua.cc:26] script log: accepted PUT /order/ord-68379
[2026-10-05 07:14:14.271][14][debug][lua] [source/extensions/filters/common/lua/lua.cc:67] coroutine finished
[2026-10-05 07:14:14.271][14][debug][router] [source/common/router/router.cc:537] [Tags: "ConnectionId":"5527","StreamId":"10273926448243859639"] cluster 'orders' match for URL '/order/ord-68379'
[2026-10-05 07:14:14.271][14][debug][router] [source/common/router/router.cc:812] [Tags: "ConnectionId":"5527","StreamId":"10273926448243859639"] router decoding headers:
':authority', 'envoy:10000'
':path', '/order/ord-68379'
':method', 'PUT'
':scheme', 'http'
'user-agent', 'Go-http-client/1.1'
'content-length', '20'
'content-type', 'application/json'
'x-forwarded-proto', 'http'
'x-request-id', '0a1c1686-e1b4-4ef0-b9b0-6641843f0334'
'x-envoy-expected-rq-timeout-ms', '3000'

[2026-10-05 07:14:14.271][14][debug][pool] [source/common/conn_pool/conn_pool_base.cc:330] [Tags: "ConnectionId":"13"] using existing fully connected connection
[2026-10-05 07:14:14.271][14][debug][pool] [source/common/conn_pool/conn_pool_base.cc:247] [Tags: "ConnectionId":"13"] creating stream
[2026-10-05 07:14:14.271][14][debug][router] [source/common/router/upstream_request.cc:606] [Tags: "ConnectionId":"5527","StreamId":"10273926448243859639"] pool ready
[2026-10-05 07:14:14.271][14][debug][router] [source/common/router/router.cc:993] [Tags: "ConnectionId":"5527","StreamId":"10273926448243859639"] router decoding data: 20
[2026-10-05 07:14:14.271][14][debug][http] [source/common/http/conn_manager_impl.cc:1274] [Tags: "ConnectionId":"5527","StreamId":"10273926448243859639"] request end stream timestamp recorded
[2026-10-05 07:14:14.271][14][debug][router] [source/common/router/router.cc:993] [Tags: "ConnectionId":"5527","StreamId":"10273926448243859639"] router decoding data: 0
[2026-10-05 07:14:14.271][14][debug][client] [source/common/http/codec_client.cc:150] [Tags: "ConnectionId":"13"] encode complete
[2026-10-05 07:14:14.271][14][debug][http] [source/common/http/conn_manager_impl.cc:394] [Tags: "ConnectionId":"5525"] new stream
[2026-10-05 07:14:14.271][14][debug][http] [source/common/http/conn_manager_impl.cc:1291] [Tags: "ConnectionId":"5525","StreamId":"12414050265204908483"] request headers complete (end_stream=true):
':authority', 'envoy:10000'
':path', '/bookings/bk-98433'
':method', 'GET'
'user-agent', 'Go-http-client/1.1'

[2026-10-05 07:14:14.271][14][debug][http] [source/common/http/conn_manager_impl.cc:1274] [Tags: "ConnectionId":"5525","StreamId":"12414050265204908483"] request end stream timestamp recorded
[2026-10-05 07:14:14.271][14][debug][connection] [./source/common/network/connection_impl.h:101] [Tags: "ConnectionId":"5525"] current connecting state: false
[2026-10-05 07:14:14.271][14][info][lua] [source/extensions/filters/common/lua/lua.cc:26] script log: accepted GET /bookings/bk-98433
[2026-10-05 07:14:14.271][14][debug][lua] [source/extensions/filters/common/lua/lua.cc:67] coroutine finished
[2026-10-05 07:14:14.271][14][debug][router] [source/common/router/router.cc:537] [Tags: "ConnectionId":"5525","StreamId":"12414050265204908483"] cluster 'booking' match for URL '/bookings/bk-98433'
[2026-10-05 07:14:14.271][14][debug][router] [source/common/router/router.cc:812] [Tags: "ConnectionId":"5525","StreamId":"12414050265204908483"] router decoding headers:
':authority', 'envoy:10000'
':path', '/bookings/bk-98433'
':method', 'GET'
':scheme', 'http'
'user-agent', 'Go-http-client/1.1'
'x-forwarded-proto', 'http'
'x-request-id', '71c8f960-e431-4dbe-be2f-8a3425aebdf8'
'x-envoy-expected-rq-timeout-ms', '3000'

[2026-10-05 07:14:14.271][14][debug][pool] [source/common/conn_pool/conn_pool_base.cc:330] [Tags: "ConnectionId":"19"] using existing fully connected connection
[2026-10-05 07:14:14.271][14][debug][pool] [source/common/conn_pool/conn_pool_base.cc:247] [Tags: "ConnectionId":"19"] creating stream
[2026-10-05 07:14:14.271][14][debug][router] [source/common/router/upstream_request.cc:606] [Tags: "ConnectionId":"5525","StreamId":"12414050265204908483"] pool ready
[2026-10-05 07:14:14.271][14][debug][client] [source/common/http/codec_client.cc:150] [Tags: "ConnectionId":"19"] encode complete
[2026-10-05 07:14:14.271][14][debug][http] [source/common/http/conn_manager_impl.cc:394] [Tags: "ConnectionId":"5506"] new stream
[2026-10-05 07:14:14.271][14][debug][http] [source/common/http/conn_manager_impl.cc:1291] [Tags: "ConnectionId":"5506","StreamId":"4644369633746220538"] request headers complete (end_stream=true):
':authority', 'envoy:10000'
':path', '/users/usr-78070'
':method', 'GET'
'user-agent', 'Go-http-client/1.1'

[2026-10-05 07:14:14.271][14][debug][http] [source/common/http/conn_manager_impl.cc:1274] [Tags: "ConnectionId":"5506","StreamId":"4644369633746220538"] request end stream timestamp recorded
[2026-10-05 07:14:14.271][14][debug][connection] [./source/common/network/connection_impl.h:101] [Tags: "ConnectionId":"5506"] current connecting state: false
[2026-10-05 07:14:14.271][14][info][lua] [source/extensions/filters/common/lua/lua.cc:26] script log: accepted GET /users/usr-78070
[2026-10-05 07:14:14.271][14][debug][lua] [source/extensions/filters/common/lua/lua.cc:67] coroutine finished
[2026-10-05 07:14:14.271][14][debug][router] [source/common/router/router.cc:537] [Tags: "ConnectionId":"5506","StreamId":"4644369633746220538"] cluster 'users' match for URL '/users/usr-78070'
[2026-10-05 07:14:14.271][14][debug][router] [source/common/router/router.cc:812] [Tags: "ConnectionId":"5506","StreamId":"4644369633746220538"] router decoding headers:
':authority', 'envoy:10000'
':path', '/users/usr-78070'
':method', 'GET'
':scheme', 'http'
'user-agent', 'Go-http-client/1.1'
'x-forwarded-proto', 'http'
'x-request-id', '079c6333-bbd0-43cc-92ba-45698a8acaa5'
'x-envoy-expected-rq-timeout-ms', '3000'

[2026-10-05 07:14:14.271][14][debug][pool] [source/common/conn_pool/conn_pool_base.cc:330] [Tags: "ConnectionId":"8"] using existing fully connected connection
[2026-10-05 07:14:14.271][14][debug][pool] [source/common/conn_pool/conn_pool_base.cc:247] [Tags: "ConnectionId":"8"] creating stream
[2026-10-05 07:14:14.271][14][debug][router] [source/common/router/upstream_request.cc:606] [Tags: "ConnectionId":"5506","StreamId":"4644369633746220538"] pool ready
[2026-10-05 07:14:14.271][14][debug][client] [source/common/http/codec_client.cc:150] [Tags: "ConnectionId":"8"] encode complete
[2026-10-05 07:14:14.271][14][debug][http] [source/common/http/conn_manager_impl.cc:394] [Tags: "ConnectionId":"5507"] new stream
[2026-10-05 07:14:14.271][14][debug][http] [source/common/http/conn_manager_impl.cc:1291] [Tags: "ConnectionId":"5507","StreamId":"12754674768094259199"] request headers complete (end_stream=false):
':authority', 'envoy:10000'
':path', '/payments'
':method', 'POST'
'user-agent', 'Go-http-client/1.1'
'content-length', '57'
'content-type', 'application/json'

[2026-10-05 07:14:14.271][14][debug][connection] [./source/common/network/connection_impl.h:101] [Tags: "ConnectionId":"5507"] current connecting state: false
[2026-10-05 07:14:14.271][14][info][lua] [source/extensions/filters/common/lua/lua.cc:26] script log: accepted POST /payments
[2026-10-05 07:14:14.271][14][debug][lua] [source/extensions/filters/common/lua/lua.cc:67] coroutine finished
[2026-10-05 07:14:14.271][14][debug][router] [source/common/router/router.cc:537] [Tags: "ConnectionId":"5507","StreamId":"12754674768094259199"] cluster 'payments' match for URL '/payments'
[2026-10-05 07:14:14.271][14][debug][router] [source/common/router/router.cc:812] [Tags: "ConnectionId":"5507","StreamId":"12754674768094259199"] router decoding headers:
':authority', 'envoy:10000'
':path', '/payments'
':method', 'POST'
':scheme', 'http'
'user-agent', 'Go-http-client/1.1'
'content-length', '57'
'content-type', 'application/json'
'x-forwarded-proto', 'http'
'x-request-id', '989d79d4-5aac-4b4c-a3df-e5b1481313c5'
'x-envoy-expected-rq-timeout-ms', '3000'

[2026-10-05 07:14:14.271][14][debug][pool] [source/common/conn_pool/conn_pool_base.cc:330] [Tags: "ConnectionId":"21"] using existing fully connected connection
[2026-10-05 07:14:14.271][14][debug][pool] [source/common/conn_pool/conn_pool_base.cc:247] [Tags: "ConnectionId":"21"] creating stream
[2026-10-05 07:14:14.271][14][debug][router] [source/common/router/upstream_request.cc:606] [Tags: "ConnectionId":"5507","StreamId":"12754674768094259199"] pool ready
[2026-10-05 07:14:14.271][14][debug][router] [source/common/router/router.cc:993] [Tags: "ConnectionId":"5507","StreamId":"12754674768094259199"] router decoding data: 57
[2026-10-05 07:14:14.271][14][debug][http] [source/common/http/conn_manager_impl.cc:1274] [Tags: "ConnectionId":"5507","StreamId":"12754674768094259199"] request end stream timestamp recorded
[2026-10-05 07:14:14.271][14][debug][router] [source/common/router/router.cc:993] [Tags: "ConnectionId":"5507","StreamId":"12754674768094259199"] router decoding data: 0
[2026-10-05 07:14:14.271][14][debug][client] [source/common/http/codec_client.cc:150] [Tags: "ConnectionId":"21"] encode complete
[2026-10-05 07:14:14.271][14][debug][http] [source/common/http/conn_manager_impl.cc:394] [Tags: "ConnectionId":"5520"] new stream
[2026-10-05 07:14:14.271][14][debug][http] [source/common/http/conn_manager_impl.cc:1291] [Tags: "ConnectionId":"5520","StreamId":"13009507010882513179"] request headers complete (end_stream=true):
':authority', 'envoy:10000'
':path', '/bookings/bk-30325'
':method', 'GET'
'user-agent', 'Go-http-client/1.1'

[2026-10-05 07:14:14.271][14][debug][http] [source/common/http/conn_manager_impl.cc:1274] [Tags: "ConnectionId":"5520","StreamId":"13009507010882513179"] request end stream timestamp recorded
[2026-10-05 07:14:14.271][14][debug][connection] [./source/common/network/connection_impl.h:101] [Tags: "ConnectionId":"5520"] current connecting state: false
[2026-10-05 07:14:14.271][14][info][lua] [source/extensions/filters/common/lua/lua.cc:26] script log: accepted GET /bookings/bk-30325
[2026-10-05 07:14:14.271][14][debug][lua] [source/extensions/filters/common/lua/lua.cc:67] coroutine finished
[2026-10-05 07:14:14.271][14][debug][router] [source/common/router/router.cc:537] [Tags: "ConnectionId":"5520","StreamId":"13009507010882513179"] cluster 'booking' match for URL '/bookings/bk-30325'
[2026-10-05 07:14:14.271][14][debug][router] [source/common/router/router.cc:812] [Tags: "ConnectionId":"5520","StreamId":"13009507010882513179"] router decoding headers:
':authority', 'envoy:10000'
':path', '/bookings/bk-30325'
':method', 'GET'
':scheme', 'http'
'user-agent', 'Go-http-client/1.1'
'x-forwarded-proto', 'http'
'x-request-id', '294e175c-436f-4856-92e4-89f2b8d0e501'
'x-envoy-expected-rq-timeout-ms', '3000'

[2026-10-05 07:14:14.271][14][debug][pool] [source/common/conn_pool/conn_pool_base.cc:330] [Tags: "ConnectionId":"11"] using existing fully connected connection
[2026-10-05 07:14:14.271][14][debug][pool] [source/common/conn_pool/conn_pool_base.cc:247] [Tags: "ConnectionId":"11"] creating stream
[2026-10-05 07:14:14.271][14][debug][router] [source/common/router/upstream_request.cc:606] [Tags: "ConnectionId":"5520","StreamId":"13009507010882513179"] pool ready
[2026-10-05 07:14:14.271][14][debug][client] [source/common/http/codec_client.cc:150] [Tags: "ConnectionId":"11"] encode complete
[2026-10-05 07:14:14.271][14][debug][http] [source/common/http/conn_manager_impl.cc:394] [Tags: "ConnectionId":"5508"] new stream
[2026-10-05 07:14:14.271][14][debug][http] [source/common/http/conn_manager_impl.cc:1291] [Tags: "ConnectionId":"5508","StreamId":"14284964240173996425"] request headers complete (end_stream=true):
':authority', 'envoy:10000'
':path', '/payments/pay-74468'
':method', 'GET'
'user-agent', 'Go-http-client/1.1'

[2026-10-05 07:14:14.271][14][debug][http] [source/common/http/conn_manager_impl.cc:1274] [Tags: "ConnectionId":"5508","StreamId":"14284964240173996425"] request end stream timestamp recorded
[2026-10-05 07:14:14.271][14][debug][connection] [./source/common/network/connection_impl.h:101] [Tags: "ConnectionId":"5508"] current connecting state: false
[2026-10-05 07:14:14.271][14][info][lua] [source/extensions/filters/common/lua/lua.cc:26] script log: accepted GET /payments/pay-74468
[2026-10-05 07:14:14.271][14][debug][lua] [source/extensions/filters/common/lua/lua.cc:67] coroutine finished
[2026-10-05 07:14:14.271][14][debug][router] [source/common/router/router.cc:537] [Tags: "ConnectionId":"5508","StreamId":"14284964240173996425"] cluster 'payments' match for URL '/payments/pay-74468'
[2026-10-05 07:14:14.271][14][debug][router] [source/common/router/router.cc:812] [Tags: "ConnectionId":"5508","StreamId":"14284964240173996425"] router decoding headers:
':authority', 'envoy:10000'
':path', '/payments/pay-74468'
':method', 'GET'
':scheme', 'http'
'user-agent', 'Go-http-client/1.1'
'x-forwarded-proto', 'http'
'x-request-id', 'c7768322-81b8-4527-9922-6b4aa65e22d0'
'x-envoy-expected-rq-timeout-ms', '3000'

[2026-10-05 07:14:14.271][14][debug][pool] [source/common/conn_pool/conn_pool_base.cc:330] [Tags: "ConnectionId":"1"] using existing fully connected connection
[2026-10-05 07:14:14.271][14][debug][pool] [source/common/conn_pool/conn_pool_base.cc:247] [Tags: "ConnectionId":"1"] creating stream
[2026-10-05 07:14:14.271][14][debug][router] [source/common/router/upstream_request.cc:606] [Tags: "ConnectionId":"5508","StreamId":"14284964240173996425"] pool ready
[2026-10-05 07:14:14.271][14][debug][client] [source/common/http/codec_client.cc:150] [Tags: "ConnectionId":"1"] encode complete
[2026-10-05 07:14:14.271][14][debug][http] [source/common/http/conn_manager_impl.cc:394] [Tags: "ConnectionId":"5515"] new stream
[2026-10-05 07:14:14.271][14][debug][http] [source/common/http/conn_manager_impl.cc:1291] [Tags: "ConnectionId":"5515","StreamId":"999229773814913358"] request headers complete (end_stream=true):
':authority', 'envoy:10000'
':path', '/bookings'
':method', 'OPTIONS'
'user-agent', 'Go-http-client/1.1'

[2026-10-05 07:14:14.271][14][debug][http] [source/common/http/conn_manager_impl.cc:1274] [Tags: "ConnectionId":"5515","StreamId":"999229773814913358"] request end stream timestamp recorded
[2026-10-05 07:14:14.271][14][debug][connection] [./source/common/network/connection_impl.h:101] [Tags: "ConnectionId":"5515"] current connecting state: false
[2026-10-05 07:14:14.271][14][info][lua] [source/extensions/filters/common/lua/lua.cc:26] script log: accepted OPTIONS /bookings
[2026-10-05 07:14:14.271][14][debug][lua] [source/extensions/filters/common/lua/lua.cc:67] coroutine finished
[2026-10-05 07:14:14.271][14][debug][router] [source/common/router/router.cc:537] [Tags: "ConnectionId":"5515","StreamId":"999229773814913358"] cluster 'booking' match for URL '/bookings'
[2026-10-05 07:14:14.271][14][debug][router] [source/common/router/router.cc:812] [Tags: "ConnectionId":"5515","StreamId":"999229773814913358"] router decoding headers:
':authority', 'envoy:10000'
':path', '/bookings'
':method', 'OPTIONS'
':scheme', 'http'
'user-agent', 'Go-http-client/1.1'
'x-forwarded-proto', 'http'
'x-request-id', '3eac5ef5-0995-40bb-8e67-9f73ba6366b3'
'x-envoy-expected-rq-timeout-ms', '3000'

[2026-10-05 07:14:14.271][14][debug][pool] [source/common/conn_pool/conn_pool_base.cc:330] [Tags: "ConnectionId":"17"] using existing fully connected connection
[2026-10-05 07:14:14.271][14][debug][pool] [source/common/conn_pool/conn_pool_base.cc:247] [Tags: "ConnectionId":"17"] creating stream
[2026-10-05 07:14:14.271][14][debug][router] [source/common/router/upstream_request.cc:606] [Tags: "ConnectionId":"5515","StreamId":"999229773814913358"] pool ready
[2026-10-05 07:14:14.271][14][debug][client] [source/common/http/codec_client.cc:150] [Tags: "ConnectionId":"17"] encode complete
[2026-10-05 07:14:14.271][14][debug][http] [source/common/http/conn_manager_impl.cc:394] [Tags: "ConnectionId":"5529"] new stream
[2026-10-05 07:14:14.271][14][debug][http] [source/common/http/conn_manager_impl.cc:1291] [Tags: "ConnectionId":"5529","StreamId":"11759757825269505431"] request headers complete (end_stream=false):
':authority', 'envoy:10000'
':path', '/order/ord-97374'
':method', 'PUT'
'user-agent', 'Go-http-client/1.1'
'content-length', '22'
'content-type', 'application/json'

[2026-10-05 07:14:14.271][14][debug][connection] [./source/common/network/connection_impl.h:101] [Tags: "ConnectionId":"5529"] current connecting state: false
[2026-10-05 07:14:14.271][14][info][lua] [source/extensions/filters/common/lua/lua.cc:26] script log: accepted PUT /order/ord-97374
[2026-10-05 07:14:14.271][14][debug][lua] [source/extensions/filters/common/lua/lua.cc:67] coroutine finished
[2026-10-05 07:14:14.271][14][debug][router] [source/common/router/router.cc:537] [Tags: "ConnectionId":"5529","StreamId":"11759757825269505431"] cluster 'orders' match for URL '/order/ord-97374'
[2026-10-05 07:14:14.271][14][debug][router] [source/common/router/router.cc:812] [Tags: "ConnectionId":"5529","StreamId":"11759757825269505431"] router decoding headers:
':authority', 'envoy:10000'
':path', '/order/ord-97374'
':method', 'PUT'
':scheme', 'http'
'user-agent', 'Go-http-client/1.1'
'content-length', '22'
'content-type', 'application/json'
'x-forwarded-proto', 'http'
'x-request-id', '0ffcf50b-09b5-4e31-8e2d-4e4c66b280c6'
'x-envoy-expected-rq-timeout-ms', '3000'

[2026-10-05 07:14:14.271][14][debug][pool] [source/common/conn_pool/conn_pool_base.cc:330] [Tags: "ConnectionId":"1746"] using existing fully connected connection
[2026-10-05 07:14:14.271][14][debug][pool] [source/common/conn_pool/conn_pool_base.cc:247] [Tags: "ConnectionId":"1746"] creating stream
[2026-10-05 07:14:14.271][14][debug][router] [source/common/router/upstream_request.cc:606] [Tags: "ConnectionId":"5529","StreamId":"11759757825269505431"] pool ready
[2026-10-05 07:14:14.271][14][debug][router] [source/common/router/router.cc:993] [Tags: "ConnectionId":"5529","StreamId":"11759757825269505431"] router decoding data: 22
[2026-10-05 07:14:14.271][14][debug][http] [source/common/http/conn_manager_impl.cc:1274] [Tags: "ConnectionId":"5529","StreamId":"11759757825269505431"] request end stream timestamp recorded
[2026-10-05 07:14:14.271][14][debug][router] [source/common/router/router.cc:993] [Tags: "ConnectionId":"5529","StreamId":"11759757825269505431"] router decoding data: 0
[2026-10-05 07:14:14.271][14][debug][client] [source/common/http/codec_client.cc:150] [Tags: "ConnectionId":"1746"] encode complete
[2026-10-05 07:14:14.271][14][debug][http] [source/common/http/conn_manager_impl.cc:394] [Tags: "ConnectionId":"5528"] new stream
[2026-10-05 07:14:14.271][14][debug][http] [source/common/http/conn_manager_impl.cc:1291] [Tags: "ConnectionId":"5528","StreamId":"6348652011574412808"] request headers complete (end_stream=false):
':authority', 'envoy:10000'
':path', '/booking'
':method', 'POST'
'user-agent', 'Go-http-client/1.1'
'content-length', '58'
'content-type', 'application/json'

[2026-10-05 07:14:14.271][14][debug][connection] [./source/common/network/connection_impl.h:101] [Tags: "ConnectionId":"5528"] current connecting state: false
[2026-10-05 07:14:14.271][14][info][lua] [source/extensions/filters/common/lua/lua.cc:26] script log: accepted POST /booking
[2026-10-05 07:14:14.271][14][debug][lua] [source/extensions/filters/common/lua/lua.cc:67] coroutine finished
[2026-10-05 07:14:14.271][14][debug][router] [source/common/router/router.cc:537] [Tags: "ConnectionId":"5528","StreamId":"6348652011574412808"] cluster 'booking' match for URL '/booking'
[2026-10-05 07:14:14.271][14][debug][router] [source/common/router/router.cc:812] [Tags: "ConnectionId":"5528","StreamId":"6348652011574412808"] router decoding headers:
':authority', 'envoy:10000'
':path', '/booking'
':method', 'POST'
':scheme', 'http'
'user-agent', 'Go-http-client/1.1'
'content-length', '58'
'content-type', 'application/json'
'x-forwarded-proto', 'http'
'x-request-id', 'f2d474a1-8b24-40d2-b30d-1125001a2a88'
'x-envoy-expected-rq-timeout-ms', '3000'

[2026-10-05 07:14:14.271][14][debug][pool] [source/common/conn_pool/conn_pool_base.cc:330] [Tags: "ConnectionId":"1748"] using existing fully connected connection
[2026-10-05 07:14:14.271][14][debug][pool] [source/common/conn_pool/conn_pool_base.cc:247] [Tags: "ConnectionId":"1748"] creating stream
[2026-10-05 07:14:14.271][14][debug][router] [source/common/router/upstream_request.cc:606] [Tags: "ConnectionId":"5528","StreamId":"6348652011574412808"] pool ready
[2026-10-05 07:14:14.271][14][debug][router] [source/common/router/router.cc:993] [Tags: "ConnectionId":"5528","StreamId":"6348652011574412808"] router decoding data: 58
[2026-10-05 07:14:14.271][14][debug][http] [source/common/http/conn_manager_impl.cc:1274] [Tags: "ConnectionId":"5528","StreamId":"6348652011574412808"] request end stream timestamp recorded
[2026-10-05 07:14:14.271][14][debug][router] [source/common/router/router.cc:993] [Tags: "ConnectionId":"5528","StreamId":"6348652011574412808"] router decoding data: 0
[2026-10-05 07:14:14.271][14][debug][client] [source/common/http/codec_client.cc:150] [Tags: "ConnectionId":"1748"] encode complete
[2026-10-05 07:14:14.271][14][debug][http] [source/common/http/conn_manager_impl.cc:394] [Tags: "ConnectionId":"5530"] new stream
[2026-10-05 07:14:14.271][14][debug][http] [source/common/http/conn_manager_impl.cc:1291] [Tags: "ConnectionId":"5530","StreamId":"11194166508970456191"] request headers complete (end_stream=true):
':authority', 'envoy:10000'
':path', '/bookings'
':method', 'OPTIONS'
'user-agent', 'Go-http-client/1.1'

[2026-10-05 07:14:14.271][14][debug][http] [source/common/http/conn_manager_impl.cc:1274] [Tags: "ConnectionId":"5530","StreamId":"11194166508970456191"] request end stream timestamp recorded
[2026-10-05 07:14:14.271][14][debug][connection] [./source/common/network/connection_impl.h:101] [Tags: "ConnectionId":"5530"] current connecting state: false
[2026-10-05 07:14:14.271][14][info][lua] [source/extensions/filters/common/lua/lua.cc:26] script log: accepted OPTIONS /bookings
[2026-10-05 07:14:14.271][14][debug][lua] [source/extensions/filters/common/lua/lua.cc:67] coroutine finished
[2026-10-05 07:14:14.271][14][debug][router] [source/common/router/router.cc:537] [Tags: "ConnectionId":"5530","StreamId":"11194166508970456191"] cluster 'booking' match for URL '/bookings'
[2026-10-05 07:14:14.271][14][debug][router] [source/common/router/router.cc:812] [Tags: "ConnectionId":"5530","StreamId":"11194166508970456191"] router decoding headers:
':authority', 'envoy:10000'
':path', '/bookings'
':method', 'OPTIONS'
':scheme', 'http'
'user-agent', 'Go-http-client/1.1'
'x-forwarded-proto', 'http'
'x-request-id', 'e1e4c97b-a917-4359-98c1-fb9710dcf290'
'x-envoy-expected-rq-timeout-ms', '3000'

[2026-10-05 07:14:14.271][14][debug][pool] [source/common/conn_pool/conn_pool_base.cc:330] [Tags: "ConnectionId":"1752"] using existing fully connected connection
[2026-10-05 07:14:14.271][14][debug][pool] [source/common/conn_pool/conn_pool_base.cc:247] [Tags: "ConnectionId":"1752"] creating stream
[2026-10-05 07:14:14.271][14][debug][router] [source/common/router/upstream_request.cc:606] [Tags: "ConnectionId":"5530","StreamId":"11194166508970456191"] pool ready
[2026-10-05 07:14:14.271][14][debug][client] [source/common/http/codec_client.cc:150] [Tags: "ConnectionId":"1752"] encode complete
[2026-10-05 07:14:14.271][14][debug][http] [source/common/http/conn_manager_impl.cc:394] [Tags: "ConnectionId":"5521"] new stream
[2026-10-05 07:14:14.271][14][debug][http] [source/common/http/conn_manager_impl.cc:1291] [Tags: "ConnectionId":"5521","StreamId":"16538489929658569849"] request headers complete (end_stream=true):
':authority', 'envoy:10000'
':path', '/users/usr-62432'
':method', 'GET'
'user-agent', 'Go-http-client/1.1'

[2026-10-05 07:14:14.271][14][debug][http] [source/common/http/conn_manager_impl.cc:1274] [Tags: "ConnectionId":"5521","StreamId":"16538489929658569849"] request end stream timestamp recorded
[2026-10-05 07:14:14.271][14][debug][connection] [./source/common/network/connection_impl.h:101] [Tags: "ConnectionId":"5521"] current connecting state: false
[2026-10-05 07:14:14.271][14][info][lua] [source/extensions/filters/common/lua/lua.cc:26] script log: accepted GET /users/usr-62432
[2026-10-05 07:14:14.271][14][debug][lua] [source/extensions/filters/common/lua/lua.cc:67] coroutine finished
[2026-10-05 07:14:14.271][14][debug][router] [source/common/router/router.cc:537] [Tags: "ConnectionId":"5521","StreamId":"16538489929658569849"] cluster 'users' match for URL '/users/usr-62432'
[2026-10-05 07:14:14.271][14][debug][router] [source/common/router/router.cc:812] [Tags: "ConnectionId":"5521","StreamId":"16538489929658569849"] router decoding headers:
':authority', 'envoy:10000'
':path', '/users/usr-62432'
':method', 'GET'
':scheme', 'http'
'user-agent', 'Go-http-client/1.1'
'x-forwarded-proto', 'http'
'x-request-id', 'ea01ac3e-b4f8-443b-96fa-e274cc7c5289'
'x-envoy-expected-rq-timeout-ms', '3000'

[2026-10-05 07:14:14.271][14][debug][pool] [source/common/conn_pool/conn_pool_base.cc:330] [Tags: "ConnectionId":"23"] using existing fully connected connection
[2026-10-05 07:14:14.271][14][debug][pool] [source/common/conn_pool/conn_pool_base.cc:247] [Tags: "ConnectionId":"23"] creating stream
[2026-10-05 07:14:14.271][14][debug][router] [source/common/router/upstream_request.cc:606] [Tags: "ConnectionId":"5521","StreamId":"16538489929658569849"] pool ready
[2026-10-05 07:14:14.271][14][debug][client] [source/common/http/codec_client.cc:150] [Tags: "ConnectionId":"23"] encode complete
[2026-10-05 07:14:14.271][14][debug][http] [source/common/http/conn_manager_impl.cc:394] [Tags: "ConnectionId":"5531"] new stream
[2026-10-05 07:14:14.271][14][debug][http] [source/common/http/conn_manager_impl.cc:1291] [Tags: "ConnectionId":"5531","StreamId":"17402253593876940475"] request headers complete (end_stream=false):
':authority', 'envoy:10000'
':path', '/foods/data'
':method', 'POST'
'user-agent', 'Go-http-client/1.1'
'content-length', '26'
'content-type', 'application/json'

[2026-10-05 07:14:14.271][14][debug][connection] [./source/common/network/connection_impl.h:101] [Tags: "ConnectionId":"5531"] current connecting state: false
[2026-10-05 07:14:14.271][14][info][lua] [source/extensions/filters/common/lua/lua.cc:26] script log: accepted POST /foods/data
[2026-10-05 07:14:14.271][14][debug][lua] [source/extensions/filters/common/lua/lua.cc:67] coroutine finished
[2026-10-05 07:14:14.271][14][debug][router] [source/common/router/router.cc:537] [Tags: "ConnectionId":"5531","StreamId":"17402253593876940475"] cluster 'foods' match for URL '/foods/data'
[2026-10-05 07:14:14.271][14][debug][router] [source/common/router/router.cc:812] [Tags: "ConnectionId":"5531","StreamId":"17402253593876940475"] router decoding headers:
':authority', 'envoy:10000'
':path', '/foods/data'
':method', 'POST'
':scheme', 'http'
'user-agent', 'Go-http-client/1.1'
'content-length', '26'
'content-type', 'application/json'
'x-forwarded-proto', 'http'
'x-request-id', 'de1598ff-ba87-4087-a7b2-44649003a2df'
'x-envoy-expected-rq-timeout-ms', '3000'

[2026-10-05 07:14:14.271][14][debug][pool] [source/common/conn_pool/conn_pool_base.cc:330] [Tags: "ConnectionId":"1750"] using existing fully connected connection
[2026-10-05 07:14:14.271][14][debug][pool] [source/common/conn_pool/conn_pool_base.cc:247] [Tags: "ConnectionId":"1750"] creating stream
[2026-10-05 07:14:14.271][14][debug][router] [source/common/router/upstream_request.cc:606] [Tags: "ConnectionId":"5531","StreamId":"17402253593876940475"] pool ready
[2026-10-05 07:14:14.271][14][debug][router] [source/common/router/router.cc:993] [Tags: "ConnectionId":"5531","StreamId":"17402253593876940475"] router decoding data: 26
[2026-10-05 07:14:14.271][14][debug][http] [source/common/http/conn_manager_impl.cc:1274] [Tags: "ConnectionId":"5531","StreamId":"17402253593876940475"] request end stream timestamp recorded
[2026-10-05 07:14:14.271][14][debug][router] [source/common/router/router.cc:993] [Tags: "ConnectionId":"5531","StreamId":"17402253593876940475"] router decoding data: 0
[2026-10-05 07:14:14.271][14][debug][client] [source/common/http/codec_client.cc:150] [Tags: "ConnectionId":"1750"] encode complete
[2026-10-05 07:14:14.271][14][debug][http] [source/common/http/conn_manager_impl.cc:394] [Tags: "ConnectionId":"5470"] new stream
[2026-10-05 07:14:14.271][14][debug][http] [source/common/http/conn_manager_impl.cc:1291] [Tags: "ConnectionId":"5470","StreamId":"18324361707580116947"] request headers complete (end_stream=true):
':authority', 'envoy:10000'
':path', '/payments/pay-42862'
':method', 'GET'
'user-agent', 'Go-http-client/1.1'

[2026-10-05 07:14:14.271][14][debug][http] [source/common/http/conn_manager_impl.cc:1274] [Tags: "ConnectionId":"5470","StreamId":"18324361707580116947"] request end stream timestamp recorded
[2026-10-05 07:14:14.271][14][debug][connection] [./source/common/network/connection_impl.h:101] [Tags: "ConnectionId":"5470"] current connecting state: false
[2026-10-05 07:14:14.271][14][info][lua] [source/extensions/filters/common/lua/lua.cc:26] script log: accepted GET /payments/pay-42862
[2026-10-05 07:14:14.271][14][debug][lua] [source/extensions/filters/common/lua/lua.cc:67] coroutine finished
[2026-10-05 07:14:14.271][14][debug][router] [source/common/router/router.cc:537] [Tags: "ConnectionId":"5470","StreamId":"18324361707580116947"] cluster 'payments' match for URL '/payments/pay-42862'
[2026-10-05 07:14:14.271][14][debug][router] [source/common/router/router.cc:812] [Tags: "ConnectionId":"5470","StreamId":"18324361707580116947"] router decoding headers:
':authority', 'envoy:10000'
':path', '/payments/pay-42862'
':method', 'GET'
':scheme', 'http'
'user-agent', 'Go-http-client/1.1'
'x-forwarded-proto', 'http'
'x-request-id', 'aa13ae00-c72a-4ecf-94e1-d8323bdce61e'
'x-envoy-expected-rq-timeout-ms', '3000'

[2026-10-05 07:14:14.271][14][debug][pool] [source/common/conn_pool/conn_pool_base.cc:330] [Tags: "ConnectionId":"1749"] using existing fully connected connection
[2026-10-05 07:14:14.271][14][debug][pool] [source/common/conn_pool/conn_pool_base.cc:247] [Tags: "ConnectionId":"1749"] creating stream
[2026-10-05 07:14:14.271][14][debug][router] [source/common/router/upstream_request.cc:606] [Tags: "ConnectionId":"5470","StreamId":"18324361707580116947"] pool ready
[2026-10-05 07:14:14.271][14][debug][client] [source/common/http/codec_client.cc:150] [Tags: "ConnectionId":"1749"] encode complete
[2026-10-05 07:14:14.272][14][debug][router] [source/common/router/router.cc:1700] [Tags: "ConnectionId":"5527","StreamId":"10273926448243859639"] upstream headers complete: end_stream=false
[2026-10-05 07:14:14.272][14][debug][lua] [source/extensions/filters/common/lua/lua.cc:23] script log: completed PUT /order/ord-68379 status=200
[2026-10-05 07:14:14.272][14][debug][lua] [source/extensions/filters/common/lua/lua.cc:67] coroutine finished
[2026-10-05 07:14:14.272][14][debug][http] [source/common/http/conn_manager_impl.cc:1948] [Tags: "ConnectionId":"5527","StreamId":"10273926448243859639"] encoding headers via codec (end_stream=false):
':status', '200'
'content-type', 'application/json'
'date', 'Mon, 05 Oct 2026 07:14:14 GMT'
'content-length', '37'
'x-envoy-upstream-service-time', '0'
'server', 'envoy'

[2026-10-05 07:14:14.272][14][debug][client] [source/common/http/codec_client.cc:137] [Tags: "ConnectionId":"13"] response complete
[2026-10-05 07:14:14.272][14][debug][router] [source/common/router/router.cc:1153] Executing cleanup(): resetting retry_state_ and disabling timers
[2026-10-05 07:14:14.272][14][debug][http] [source/common/http/conn_manager_impl.cc:2063] [Tags: "ConnectionId":"5527","StreamId":"10273926448243859639"] Codec completed encoding stream.
[2026-10-05 07:14:14.272][14][debug][router] [source/common/router/router.cc:1153] Executing cleanup(): resetting retry_state_ and disabling timers
[2026-10-05 07:14:14.272][14][debug][pool] [source/common/http/http1/conn_pool.cc:61] [Tags: "ConnectionId":"13"] response complete
[2026-10-05 07:14:14.272][14][debug][pool] [source/common/conn_pool/conn_pool_base.cc:282] [Tags: "ConnectionId":"13"] destroying stream: 0 active remaining, readyForStream false, currentUnusedCapacity 1
[2026-10-05 07:14:14.272][14][debug][router] [source/common/router/router.cc:1700] [Tags: "ConnectionId":"5531","StreamId":"17402253593876940475"] upstream headers complete: end_stream=false
[2026-10-05 07:14:14.272][14][debug][lua] [source/extensions/filters/common/lua/lua.cc:23] script log: completed POST /foods/data status=200
[2026-10-05 07:14:14.272][14][debug][lua] [source/extensions/filters/common/lua/lua.cc:67] coroutine finished
[2026-10-05 07:14:14.272][14][debug][http] [source/common/http/conn_manager_impl.cc:1948] [Tags: "ConnectionId":"5531","StreamId":"17402253593876940475"] encoding headers via codec (end_stream=false):
':status', '200'
'content-type', 'application/json'
'date', 'Mon, 05 Oct 2026 07:14:14 GMT'
'content-length', '15'
'x-envoy-upstream-service-time', '0'
'server', 'envoy'

[2026-10-05 07:14:14.272][14][debug][client] [source/common/http/codec_client.cc:137] [Tags: "ConnectionId":"1750"] response complete
[2026-10-05 07:14:14.272][14][debug][router] [source/common/router/router.cc:1153] Executing cleanup(): resetting retry_state_ and disabling timers
[2026-10-05 07:14:14.272][14][debug][http] [source/common/http/conn_manager_impl.cc:2063] [Tags: "ConnectionId":"5531","StreamId":"17402253593876940475"] Codec completed encoding stream.
[2026-10-05 07:14:14.272][14][debug][router] [source/common/router/router.cc:1153] Executing cleanup(): resetting retry_state_ and disabling timers
[2026-10-05 07:14:14.272][14][debug][pool] [source/common/http/http1/conn_pool.cc:61] [Tags: "ConnectionId":"1750"] response complete
[2026-10-05 07:14:14.272][14][debug][pool] [source/common/conn_pool/conn_pool_base.cc:282] [Tags: "ConnectionId":"1750"] destroying stream: 0 active remaining, readyForStream false, currentUnusedCapacity 1
[2026-10-05 07:14:14.272][14][debug][router] [source/common/router/router.cc:1700] [Tags: "ConnectionId":"5529","StreamId":"11759757825269505431"] upstream headers complete: end_stream=false
[2026-10-05 07:14:14.272][14][debug][lua] [source/extensions/filters/common/lua/lua.cc:23] script log: completed PUT /order/ord-97374 status=200
[2026-10-05 07:14:14.272][14][debug][lua] [source/extensions/filters/common/lua/lua.cc:67] coroutine finished
[2026-10-05 07:14:14.272][14][debug][http] [source/common/http/conn_manager_impl.cc:1948] [Tags: "ConnectionId":"5529","StreamId":"11759757825269505431"] encoding headers via codec (end_stream=false):
':status', '200'
'content-type', 'application/json'
'date', 'Mon, 05 Oct 2026 07:14:14 GMT'
'content-length', '37'
'x-envoy-upstream-service-time', '0'
'server', 'envoy'

[2026-10-05 07:14:14.272][14][debug][client] [source/common/http/codec_client.cc:137] [Tags: "ConnectionId":"1746"] response complete
[2026-10-05 07:14:14.272][14][debug][router] [source/common/router/router.cc:1153] Executing cleanup(): resetting retry_state_ and disabling timers
[2026-10-05 07:14:14.272][14][debug][http] [source/common/http/conn_manager_impl.cc:2063] [Tags: "ConnectionId":"5529","StreamId":"11759757825269505431"] Codec completed encoding stream.
[2026-10-05 07:14:14.272][14][debug][router] [source/common/router/router.cc:1153] Executing cleanup(): resetting retry_state_ and disabling timers
[2026-10-05 07:14:14.272][14][debug][pool] [source/common/http/http1/conn_pool.cc:61] [Tags: "ConnectionId":"1746"] response complete
[2026-10-05 07:14:14.272][14][debug][pool] [source/common/conn_pool/conn_pool_base.cc:282] [Tags: "ConnectionId":"1746"] destroying stream: 0 active remaining, readyForStream false, currentUnusedCapacity 1
[2026-10-05 07:14:14.272][14][debug][router] [source/common/router/router.cc:1700] [Tags: "ConnectionId":"5506","StreamId":"4644369633746220538"] upstream headers complete: end_stream=false
[2026-10-05 07:14:14.272][14][debug][lua] [source/extensions/filters/common/lua/lua.cc:23] script log: completed GET /users/usr-78070 status=200
[2026-10-05 07:14:14.272][14][debug][lua] [source/extensions/filters/common/lua/lua.cc:67] coroutine finished
[2026-10-05 07:14:14.272][14][debug][http] [source/common/http/conn_manager_impl.cc:1948] [Tags: "ConnectionId":"5506","StreamId":"4644369633746220538"] encoding headers via codec (end_stream=false):
':status', '200'
'content-type', 'application/json'
'date', 'Mon, 05 Oct 2026 07:14:14 GMT'
'content-length', '32'
'x-envoy-upstream-service-time', '0'
'server', 'envoy'

[2026-10-05 07:14:14.272][14][debug][client] [source/common/http/codec_client.cc:137] [Tags: "ConnectionId":"8"] response complete
[2026-10-05 07:14:14.272][14][debug][router] [source/common/router/router.cc:1153] Executing cleanup(): resetting retry_state_ and disabling timers
[2026-10-05 07:14:14.272][14][debug][http] [source/common/http/conn_manager_impl.cc:2063] [Tags: "ConnectionId":"5506","StreamId":"4644369633746220538"] Codec completed encoding stream.
[2026-10-05 07:14:14.272][14][debug][router] [source/common/router/router.cc:1153] Executing cleanup(): resetting retry_state_ and disabling timers
[2026-10-05 07:14:14.272][14][debug][pool] [source/common/http/http1/conn_pool.cc:61] [Tags: "ConnectionId":"8"] response complete
[2026-10-05 07:14:14.272][14][debug][pool] [source/common/conn_pool/conn_pool_base.cc:282] [Tags: "ConnectionId":"8"] destroying stream: 0 active remaining, readyForStream false, currentUnusedCapacity 1
[2026-10-05 07:14:14.272][14][debug][client] [source/common/http/codec_client.cc:137] [Tags: "ConnectionId":"1752"] response complete
[2026-10-05 07:14:14.272][14][debug][router] [source/common/router/router.cc:1700] [Tags: "ConnectionId":"5530","StreamId":"11194166508970456191"] upstream headers complete: end_stream=true
[2026-10-05 07:14:14.272][14][debug][router] [source/common/router/router.cc:1153] Executing cleanup(): resetting retry_state_ and disabling timers
[2026-10-05 07:14:14.272][14][debug][lua] [source/extensions/filters/common/lua/lua.cc:23] script log: completed OPTIONS /bookings status=204
[2026-10-05 07:14:14.272][14][debug][lua] [source/extensions/filters/common/lua/lua.cc:67] coroutine finished
[2026-10-05 07:14:14.272][14][debug][http] [source/common/http/conn_manager_impl.cc:1948] [Tags: "ConnectionId":"5530","StreamId":"11194166508970456191"] encoding headers via codec (end_stream=true):
':status', '204'
'access-control-allow-methods', 'GET, OPTIONS'
'allow', 'GET, OPTIONS'
'date', 'Mon, 05 Oct 2026 07:14:14 GMT'
'x-envoy-upstream-service-time', '0'
'server', 'envoy'

[2026-10-05 07:14:14.272][14][debug][http] [source/common/http/conn_manager_impl.cc:2063] [Tags: "ConnectionId":"5530","StreamId":"11194166508970456191"] Codec completed encoding stream.
[2026-10-05 07:14:14.272][14][debug][router] [source/common/router/router.cc:1153] Executing cleanup(): resetting retry_state_ and disabling timers
[2026-10-05 07:14:14.272][14][debug][pool] [source/common/http/http1/conn_pool.cc:61] [Tags: "ConnectionId":"1752"] response complete
[2026-10-05 07:14:14.272][14][debug][pool] [source/common/conn_pool/conn_pool_base.cc:282] [Tags: "ConnectionId":"1752"] destroying stream: 0 active remaining, readyForStream false, currentUnusedCapacity 1
[2026-10-05 07:14:14.272][14][debug][router] [source/common/router/router.cc:1700] [Tags: "ConnectionId":"5523","StreamId":"4575756762139559570"] upstream headers complete: end_stream=false
[2026-10-05 07:14:14.272][14][debug][lua] [source/extensions/filters/common/lua/lua.cc:23] script log: completed POST /foods/data status=200
[2026-10-05 07:14:14.272][14][debug][lua] [source/extensions/filters/common/lua/lua.cc:67] coroutine finished
[2026-10-05 07:14:14.272][14][debug][http] [source/common/http/conn_manager_impl.cc:1948] [Tags: "ConnectionId":"5523","StreamId":"4575756762139559570"] encoding headers via codec (end_stream=false):
':status', '200'
'content-type', 'application/json'
'date', 'Mon, 05 Oct 2026 07:14:14 GMT'
'content-length', '15'
'x-envoy-upstream-service-time', '0'
'server', 'envoy'

[2026-10-05 07:14:14.272][14][debug][client] [source/common/http/codec_client.cc:137] [Tags: "ConnectionId":"1751"] response complete
[2026-10-05 07:14:14.272][14][debug][router] [source/common/router/router.cc:1153] Executing cleanup(): resetting retry_state_ and disabling timers
[2026-10-05 07:14:14.272][14][debug][http] [source/common/http/conn_manager_impl.cc:2063] [Tags: "ConnectionId":"5523","StreamId":"4575756762139559570"] Codec completed encoding stream.
[2026-10-05 07:14:14.272][14][debug][router] [source/common/router/router.cc:1153] Executing cleanup(): resetting retry_state_ and disabling timers
[2026-10-05 07:14:14.272][14][debug][pool] [source/common/http/http1/conn_pool.cc:61] [Tags: "ConnectionId":"1751"] response complete
[2026-10-05 07:14:14.272][14][debug][pool] [source/common/conn_pool/conn_pool_base.cc:282] [Tags: "ConnectionId":"1751"] destroying stream: 0 active remaining, readyForStream false, currentUnusedCapacity 1
[2026-10-05 07:14:14.272][14][debug][router] [source/common/router/router.cc:1700] [Tags: "ConnectionId":"5521","StreamId":"16538489929658569849"] upstream headers complete: end_stream=false
[2026-10-05 07:14:14.272][14][debug][lua] [source/extensions/filters/common/lua/lua.cc:23] script log: completed GET /users/usr-62432 status=200
[2026-10-05 07:14:14.272][14][debug][lua] [source/extensions/filters/common/lua/lua.cc:67] coroutine finished
[2026-10-05 07:14:14.272][14][debug][http] [source/common/http/conn_manager_impl.cc:1948] [Tags: "ConnectionId":"5521","StreamId":"16538489929658569849"] encoding headers via codec (end_stream=false):
':status', '200'
'content-type', 'application/json'
'date', 'Mon, 05 Oct 2026 07:14:14 GMT'
'content-length', '32'
'x-envoy-upstream-service-time', '0'
'server', 'envoy'

[2026-10-05 07:14:14.272][14][debug][client] [source/common/http/codec_client.cc:137] [Tags: "ConnectionId":"23"] response complete
[2026-10-05 07:14:14.272][14][debug][router] [source/common/router/router.cc:1153] Executing cleanup(): resetting retry_state_ and disabling timers
[2026-10-05 07:14:14.272][14][debug][http] [source/common/http/conn_manager_impl.cc:2063] [Tags: "ConnectionId":"5521","StreamId":"16538489929658569849"] Codec completed encoding stream.
[2026-10-05 07:14:14.272][14][debug][router] [source/common/router/router.cc:1153] Executing cleanup(): resetting retry_state_ and disabling timers
[2026-10-05 07:14:14.272][14][debug][pool] [source/common/http/http1/conn_pool.cc:61] [Tags: "ConnectionId":"23"] response complete
[2026-10-05 07:14:14.272][14][debug][pool] [source/common/conn_pool/conn_pool_base.cc:282] [Tags: "ConnectionId":"23"] destroying stream: 0 active remaining, readyForStream false, currentUnusedCapacity 1
[2026-10-05 07:14:14.272][14][debug][router] [source/common/router/router.cc:1700] [Tags: "ConnectionId":"5470","StreamId":"18324361707580116947"] upstream headers complete: end_stream=false
[2026-10-05 07:14:14.272][14][debug][lua] [source/extensions/filters/http/lua/lua_filter.cc:569] yielding for full body
[2026-10-05 07:14:14.272][14][debug][lua] [source/extensions/filters/common/lua/lua.cc:70] coroutine yielded
[2026-10-05 07:14:14.272][14][debug][client] [source/common/http/codec_client.cc:137] [Tags: "ConnectionId":"1749"] response complete
[2026-10-05 07:14:14.272][14][debug][router] [source/common/router/router.cc:1153] Executing cleanup(): resetting retry_state_ and disabling timers
[2026-10-05 07:14:14.272][14][debug][lua] [source/extensions/filters/http/lua/lua_filter.cc:280] resuming body due to end stream
[2026-10-05 07:14:14.272][14][error][lua] [source/extensions/filters/common/lua/lua.cc:32] script log: GET /payments/pay-42862 status=500 reason=upstream returned 503
reason: upstream returned 503
goroutine 19423 [running]:
runtime/debug.Stack()
	runtime/debug/stack.go:26 +0x64
main.(*handler).fail(0x5b2543e140c0, {0x2e9060, 0x5b2544032b40}, {0x5b254400d5e0, 0x3}, {0x5b254400d5e4, 0x13})
	envoy-log-generator/cmd/backend/main.go:169 +0x4c
main.(*handler).ServeHTTP(0x5b2543e140c0, {0x2e9060, 0x5b2544032b40}, 0x5b2544036780)
	envoy-log-generator/cmd/backend/main.go:111 +0x690
net/http.serverHandler.ServeHTTP({0x5b2543e14340?}, {0x2e9060?, 0x5b2544032b40?}, 0x1?)
	net/http/server.go:3311 +0xb0
net/http.(*conn).serve(0x5b2543f48f30, {0x2e96d0, 0x5b2543e1c240})
	net/http/server.go:2067 +0x55c
created by net/http.(*Server).Serve in goroutine 1
	net/http/server.go:3464 +0x37c
[2026-10-05 07:14:14.272][14][debug][lua] [source/extensions/filters/common/lua/lua.cc:67] coroutine finished
[2026-10-05 07:14:14.272][14][debug][http] [source/common/http/conn_manager_impl.cc:1948] [Tags: "ConnectionId":"5470","StreamId":"18324361707580116947"] encoding headers via codec (end_stream=false):
':status', '500'
'content-type', 'text/plain; charset=utf-8'
'date', 'Mon, 05 Oct 2026 07:14:14 GMT'
'content-length', '713'
'x-envoy-upstream-service-time', '0'
'server', 'envoy'

[2026-10-05 07:14:14.272][14][debug][http] [source/common/http/conn_manager_impl.cc:2063] [Tags: "ConnectionId":"5470","StreamId":"18324361707580116947"] Codec completed encoding stream.
[2026-10-05 07:14:14.272][14][debug][router] [source/common/router/router.cc:1153] Executing cleanup(): resetting retry_state_ and disabling timers
[2026-10-05 07:14:14.272][14][debug][pool] [source/common/http/http1/conn_pool.cc:61] [Tags: "ConnectionId":"1749"] response complete
[2026-10-05 07:14:14.272][14][debug][pool] [source/common/conn_pool/conn_pool_base.cc:282] [Tags: "ConnectionId":"1749"] destroying stream: 0 active remaining, readyForStream false, currentUnusedCapacity 1
[2026-10-05 07:14:14.272][14][debug][client] [source/common/http/codec_client.cc:137] [Tags: "ConnectionId":"17"] response complete
[2026-10-05 07:14:14.272][14][debug][router] [source/common/router/router.cc:1700] [Tags: "ConnectionId":"5515","StreamId":"999229773814913358"] upstream headers complete: end_stream=true
[2026-10-05 07:14:14.272][14][debug][router] [source/common/router/router.cc:1153] Executing cleanup(): resetting retry_state_ and disabling timers
[2026-10-05 07:14:14.272][14][debug][lua] [source/extensions/filters/common/lua/lua.cc:23] script log: completed OPTIONS /bookings status=204
[2026-10-05 07:14:14.272][14][debug][lua] [source/extensions/filters/common/lua/lua.cc:67] coroutine finished
[2026-10-05 07:14:14.272][14][debug][http] [source/common/http/conn_manager_impl.cc:1948] [Tags: "ConnectionId":"5515","StreamId":"999229773814913358"] encoding headers via codec (end_stream=true):
':status', '204'
'access-control-allow-methods', 'GET, OPTIONS'
'allow', 'GET, OPTIONS'
'date', 'Mon, 05 Oct 2026 07:14:14 GMT'
'x-envoy-upstream-service-time', '0'
'server', 'envoy'

[2026-10-05 07:14:14.272][14][debug][http] [source/common/http/conn_manager_impl.cc:2063] [Tags: "ConnectionId":"5515","StreamId":"999229773814913358"] Codec completed encoding stream.
[2026-10-05 07:14:14.272][14][debug][router] [source/common/router/router.cc:1153] Executing cleanup(): resetting retry_state_ and disabling timers
[2026-10-05 07:14:14.272][14][debug][pool] [source/common/http/http1/conn_pool.cc:61] [Tags: "ConnectionId":"17"] response complete
[2026-10-05 07:14:14.272][14][debug][pool] [source/common/conn_pool/conn_pool_base.cc:282] [Tags: "ConnectionId":"17"] destroying stream: 0 active remaining, readyForStream false, currentUnusedCapacity 1
[2026-10-05 07:14:14.272][14][debug][router] [source/common/router/router.cc:1700] [Tags: "ConnectionId":"5496","StreamId":"3885339549391798218"] upstream headers complete: end_stream=false
[2026-10-05 07:14:14.272][14][debug][lua] [source/extensions/filters/common/lua/lua.cc:23] script log: completed POST /payments status=200
[2026-10-05 07:14:14.272][14][debug][lua] [source/extensions/filters/common/lua/lua.cc:67] coroutine finished
[2026-10-05 07:14:14.272][14][debug][http] [source/common/http/conn_manager_impl.cc:1948] [Tags: "ConnectionId":"5496","StreamId":"3885339549391798218"] encoding headers via codec (end_stream=false):
':status', '200'
'content-type', 'application/json'
'date', 'Mon, 05 Oct 2026 07:14:14 GMT'
'content-length', '15'
'x-envoy-upstream-service-time', '0'
'server', 'envoy'

[2026-10-05 07:14:14.272][14][debug][client] [source/common/http/codec_client.cc:137] [Tags: "ConnectionId":"6"] response complete
[2026-10-05 07:14:14.272][14][debug][router] [source/common/router/router.cc:1153] Executing cleanup(): resetting retry_state_ and disabling timers
[2026-10-05 07:14:14.272][14][debug][http] [source/common/http/conn_manager_impl.cc:2063] [Tags: "ConnectionId":"5496","StreamId":"3885339549391798218"] Codec completed encoding stream.
[2026-10-05 07:14:14.272][14][debug][router] [source/common/router/router.cc:1153] Executing cleanup(): resetting retry_state_ and disabling timers
[2026-10-05 07:14:14.272][14][debug][pool] [source/common/http/http1/conn_pool.cc:61] [Tags: "ConnectionId":"6"] response complete
[2026-10-05 07:14:14.272][14][debug][pool] [source/common/conn_pool/conn_pool_base.cc:282] [Tags: "ConnectionId":"6"] destroying stream: 0 active remaining, readyForStream false, currentUnusedCapacity 1
[2026-10-05 07:14:14.272][14][debug][router] [source/common/router/router.cc:1700] [Tags: "ConnectionId":"5508","StreamId":"14284964240173996425"] upstream headers complete: end_stream=false
[2026-10-05 07:14:14.272][14][debug][lua] [source/extensions/filters/common/lua/lua.cc:23] script log: completed GET /payments/pay-74468 status=200
[2026-10-05 07:14:14.272][14][debug][lua] [source/extensions/filters/common/lua/lua.cc:67] coroutine finished
[2026-10-05 07:14:14.272][14][debug][http] [source/common/http/conn_manager_impl.cc:1948] [Tags: "ConnectionId":"5508","StreamId":"14284964240173996425"] encoding headers via codec (end_stream=false):
':status', '200'
'content-type', 'application/json'
'date', 'Mon, 05 Oct 2026 07:14:14 GMT'
'content-length', '32'
'x-envoy-upstream-service-time', '0'
'server', 'envoy'

[2026-10-05 07:14:14.272][14][debug][client] [source/common/http/codec_client.cc:137] [Tags: "ConnectionId":"1"] response complete
[2026-10-05 07:14:14.272][14][debug][router] [source/common/router/router.cc:1153] Executing cleanup(): resetting retry_state_ and disabling timers
[2026-10-05 07:14:14.272][14][debug][http] [source/common/http/conn_manager_impl.cc:2063] [Tags: "ConnectionId":"5508","StreamId":"14284964240173996425"] Codec completed encoding stream.
[2026-10-05 07:14:14.272][14][debug][router] [source/common/router/router.cc:1153] Executing cleanup(): resetting retry_state_ and disabling timers
[2026-10-05 07:14:14.272][14][debug][pool] [source/common/http/http1/conn_pool.cc:61] [Tags: "ConnectionId":"1"] response complete
[2026-10-05 07:14:14.272][14][debug][pool] [source/common/conn_pool/conn_pool_base.cc:282] [Tags: "ConnectionId":"1"] destroying stream: 0 active remaining, readyForStream false, currentUnusedCapacity 1
[2026-10-05 07:14:14.273][14][debug][router] [source/common/router/router.cc:1700] [Tags: "ConnectionId":"5528","StreamId":"6348652011574412808"] upstream headers complete: end_stream=false
[2026-10-05 07:14:14.273][14][debug][lua] [source/extensions/filters/http/lua/lua_filter.cc:569] yielding for full body
[2026-10-05 07:14:14.273][14][debug][lua] [source/extensions/filters/common/lua/lua.cc:70] coroutine yielded
[2026-10-05 07:14:14.273][14][debug][client] [source/common/http/codec_client.cc:137] [Tags: "ConnectionId":"1748"] response complete
[2026-10-05 07:14:14.273][14][debug][router] [source/common/router/router.cc:1153] Executing cleanup(): resetting retry_state_ and disabling timers
[2026-10-05 07:14:14.273][14][debug][lua] [source/extensions/filters/http/lua/lua_filter.cc:280] resuming body due to end stream
[2026-10-05 07:14:14.273][14][error][lua] [source/extensions/filters/common/lua/lua.cc:32] script log: POST /booking status=500 reason=booking upstream timed out
reason: booking upstream timed out
goroutine 29134 [running]:
runtime/debug.Stack()
	runtime/debug/stack.go:26 +0x64
main.(*handler).fail(0x717f2fa262c0, {0x2e9060, 0x717f2faf6b40}, {0x717f2fa436e0, 0x4}, {0x717f2fa436e5, 0x8})
	envoy-log-generator/cmd/backend/main.go:169 +0x4c
main.(*handler).ServeHTTP(0x717f2fa262c0, {0x2e9060, 0x717f2faf6b40}, 0x717f2faef7c0)
	envoy-log-generator/cmd/backend/main.go:111 +0x690
net/http.serverHandler.ServeHTTP({0x2e7ed0?}, {0x2e9060?, 0x717f2faf6b40?}, 0x1?)
	net/http/server.go:3311 +0xb0
net/http.(*conn).serve(0x717f2fbc0d80, {0x2e96d0, 0x717f2fa13ad0})
	net/http/server.go:2067 +0x55c
created by net/http.(*Server).Serve in goroutine 1
	net/http/server.go:3464 +0x37c
[2026-10-05 07:14:14.273][14][debug][lua] [source/extensions/filters/common/lua/lua.cc:67] coroutine finished
[2026-10-05 07:14:14.273][14][debug][http] [source/common/http/conn_manager_impl.cc:1948] [Tags: "ConnectionId":"5528","StreamId":"6348652011574412808"] encoding headers via codec (end_stream=false):
':status', '500'
'content-type', 'text/plain; charset=utf-8'
'date', 'Mon, 05 Oct 2026 07:14:14 GMT'
'content-length', '711'
'x-envoy-upstream-service-time', '1'
'server', 'envoy'

[2026-10-05 07:14:14.273][14][debug][http] [source/common/http/conn_manager_impl.cc:2063] [Tags: "ConnectionId":"5528","StreamId":"6348652011574412808"] Codec completed encoding stream.
[2026-10-05 07:14:14.273][14][debug][router] [source/common/router/router.cc:1153] Executing cleanup(): resetting retry_state_ and disabling timers
[2026-10-05 07:14:14.273][14][debug][pool] [source/common/http/http1/conn_pool.cc:61] [Tags: "ConnectionId":"1748"] response complete
[2026-10-05 07:14:14.273][14][debug][pool] [source/common/conn_pool/conn_pool_base.cc:282] [Tags: "ConnectionId":"1748"] destroying stream: 0 active remaining, readyForStream false, currentUnusedCapacity 1
[2026-10-05 07:14:14.273][14][debug][router] [source/common/router/router.cc:1700] [Tags: "ConnectionId":"5507","StreamId":"12754674768094259199"] upstream headers complete: end_stream=false
[2026-10-05 07:14:14.273][14][debug][lua] [source/extensions/filters/common/lua/lua.cc:23] script log: completed POST /payments status=200
[2026-10-05 07:14:14.273][14][debug][lua] [source/extensions/filters/common/lua/lua.cc:67] coroutine finished
[2026-10-05 07:14:14.273][14][debug][http] [source/common/http/conn_manager_impl.cc:1948] [Tags: "ConnectionId":"5507","StreamId":"12754674768094259199"] encoding headers via codec (end_stream=false):
':status', '200'
'content-type', 'application/json'
'date', 'Mon, 05 Oct 2026 07:14:14 GMT'
'content-length', '15'
'x-envoy-upstream-service-time', '1'
'server', 'envoy'

[2026-10-05 07:14:14.273][14][debug][client] [source/common/http/codec_client.cc:137] [Tags: "ConnectionId":"21"] response complete
[2026-10-05 07:14:14.273][14][debug][router] [source/common/router/router.cc:1153] Executing cleanup(): resetting retry_state_ and disabling timers
[2026-10-05 07:14:14.273][14][debug][http] [source/common/http/conn_manager_impl.cc:2063] [Tags: "ConnectionId":"5507","StreamId":"12754674768094259199"] Codec completed encoding stream.
[2026-10-05 07:14:14.273][14][debug][router] [source/common/router/router.cc:1153] Executing cleanup(): resetting retry_state_ and disabling timers
[2026-10-05 07:14:14.273][14][debug][pool] [source/common/http/http1/conn_pool.cc:61] [Tags: "ConnectionId":"21"] response complete
[2026-10-05 07:14:14.273][14][debug][pool] [source/common/conn_pool/conn_pool_base.cc:282] [Tags: "ConnectionId":"21"] destroying stream: 0 active remaining, readyForStream false, currentUnusedCapacity 1
[2026-10-05 07:14:14.273][14][debug][router] [source/common/router/router.cc:1700] [Tags: "ConnectionId":"5520","StreamId":"13009507010882513179"] upstream headers complete: end_stream=false
[2026-10-05 07:14:14.273][14][debug][lua] [source/extensions/filters/common/lua/lua.cc:23] script log: completed GET /bookings/bk-30325 status=200
[2026-10-05 07:14:14.273][14][debug][lua] [source/extensions/filters/common/lua/lua.cc:67] coroutine finished
[2026-10-05 07:14:14.273][14][debug][http] [source/common/http/conn_manager_impl.cc:1948] [Tags: "ConnectionId":"5520","StreamId":"13009507010882513179"] encoding headers via codec (end_stream=false):
':status', '200'
'content-type', 'application/json'
'date', 'Mon, 05 Oct 2026 07:14:14 GMT'
'content-length', '31'
'x-envoy-upstream-service-time', '1'
'server', 'envoy'

[2026-10-05 07:14:14.273][14][debug][client] [source/common/http/codec_client.cc:137] [Tags: "ConnectionId":"11"] response complete
[2026-10-05 07:14:14.273][14][debug][router] [source/common/router/router.cc:1153] Executing cleanup(): resetting retry_state_ and disabling timers
[2026-10-05 07:14:14.273][14][debug][http] [source/common/http/conn_manager_impl.cc:2063] [Tags: "ConnectionId":"5520","StreamId":"13009507010882513179"] Codec completed encoding stream.
[2026-10-05 07:14:14.273][14][debug][router] [source/common/router/router.cc:1153] Executing cleanup(): resetting retry_state_ and disabling timers
[2026-10-05 07:14:14.273][14][debug][pool] [source/common/http/http1/conn_pool.cc:61] [Tags: "ConnectionId":"11"] response complete
[2026-10-05 07:14:14.273][14][debug][pool] [source/common/conn_pool/conn_pool_base.cc:282] [Tags: "ConnectionId":"11"] destroying stream: 0 active remaining, readyForStream false, currentUnusedCapacity 1
[2026-10-05 07:14:14.273][14][debug][router] [source/common/router/router.cc:1700] [Tags: "ConnectionId":"5526","StreamId":"5669173006758397750"] upstream headers complete: end_stream=false
[2026-10-05 07:14:14.273][14][debug][lua] [source/extensions/filters/common/lua/lua.cc:23] script log: completed POST /booking status=200
[2026-10-05 07:14:14.273][14][debug][lua] [source/extensions/filters/common/lua/lua.cc:67] coroutine finished
[2026-10-05 07:14:14.273][14][debug][http] [source/common/http/conn_manager_impl.cc:1948] [Tags: "ConnectionId":"5526","StreamId":"5669173006758397750"] encoding headers via codec (end_stream=false):
':status', '200'
'content-type', 'application/json'
'date', 'Mon, 05 Oct 2026 07:14:14 GMT'
'content-length', '15'
'x-envoy-upstream-service-time', '1'
'server', 'envoy'

[2026-10-05 07:14:14.273][14][debug][client] [source/common/http/codec_client.cc:137] [Tags: "ConnectionId":"2"] response complete
[2026-10-05 07:14:14.273][14][debug][router] [source/common/router/router.cc:1153] Executing cleanup(): resetting retry_state_ and disabling timers
[2026-10-05 07:14:14.273][14][debug][http] [source/common/http/conn_manager_impl.cc:2063] [Tags: "ConnectionId":"5526","StreamId":"5669173006758397750"] Codec completed encoding stream.
[2026-10-05 07:14:14.273][14][debug][router] [source/common/router/router.cc:1153] Executing cleanup(): resetting retry_state_ and disabling timers
[2026-10-05 07:14:14.273][14][debug][pool] [source/common/http/http1/conn_pool.cc:61] [Tags: "ConnectionId":"2"] response complete
[2026-10-05 07:14:14.273][14][debug][pool] [source/common/conn_pool/conn_pool_base.cc:282] [Tags: "ConnectionId":"2"] destroying stream: 0 active remaining, readyForStream false, currentUnusedCapacity 1
[2026-10-05 07:14:14.273][14][debug][router] [source/common/router/router.cc:1700] [Tags: "ConnectionId":"5525","StreamId":"12414050265204908483"] upstream headers complete: end_stream=false
[2026-10-05 07:14:14.273][14][debug][lua] [source/extensions/filters/common/lua/lua.cc:23] script log: completed GET /bookings/bk-98433 status=200
[2026-10-05 07:14:14.273][14][debug][lua] [source/extensions/filters/common/lua/lua.cc:67] coroutine finished
[2026-10-05 07:14:14.273][14][debug][http] [source/common/http/conn_manager_impl.cc:1948] [Tags: "ConnectionId":"5525","StreamId":"12414050265204908483"] encoding headers via codec (end_stream=false):
':status', '200'
'content-type', 'application/json'
'date', 'Mon, 05 Oct 2026 07:14:14 GMT'
'content-length', '31'
'x-envoy-upstream-service-time', '1'
'server', 'envoy'

[2026-10-05 07:14:14.273][14][debug][client] [source/common/http/codec_client.cc:137] [Tags: "ConnectionId":"19"] response complete
[2026-10-05 07:14:14.273][14][debug][router] [source/common/router/router.cc:1153] Executing cleanup(): resetting retry_state_ and disabling timers
[2026-10-05 07:14:14.273][14][debug][http] [source/common/http/conn_manager_impl.cc:2063] [Tags: "ConnectionId":"5525","StreamId":"12414050265204908483"] Codec completed encoding stream.
[2026-10-05 07:14:14.273][14][debug][router] [source/common/router/router.cc:1153] Executing cleanup(): resetting retry_state_ and disabling timers
[2026-10-05 07:14:14.273][14][debug][pool] [source/common/http/http1/conn_pool.cc:61] [Tags: "ConnectionId":"19"] response complete
[2026-10-05 07:14:14.273][14][debug][pool] [source/common/conn_pool/conn_pool_base.cc:282] [Tags: "ConnectionId":"19"] destroying stream: 0 active remaining, readyForStream false, currentUnusedCapacity 1
[2026-10-05 07:14:14.288][14][debug][http] [source/common/http/conn_manager_impl.cc:394] [Tags: "ConnectionId":"5526"] new stream
[2026-10-05 07:14:14.288][14][debug][http] [source/common/http/conn_manager_impl.cc:1291] [Tags: "ConnectionId":"5526","StreamId":"9338110433222314344"] request headers complete (end_stream=true):
':authority', 'envoy:10000'
':path', '/payments/pay-28753'
':method', 'GET'
'user-agent', 'Go-http-client/1.1'

[2026-10-05 07:14:14.288][14][debug][http] [source/common/http/conn_manager_impl.cc:1274] [Tags: "ConnectionId":"5526","StreamId":"9338110433222314344"] request end stream timestamp recorded
[2026-10-05 07:14:14.288][14][debug][connection] [./source/common/network/connection_impl.h:101] [Tags: "ConnectionId":"5526"] current connecting state: false
[2026-10-05 07:14:14.288][14][info][lua] [source/extensions/filters/common/lua/lua.cc:26] script log: accepted GET /payments/pay-28753
[2026-10-05 07:14:14.288][14][debug][lua] [source/extensions/filters/common/lua/lua.cc:67] coroutine finished
[2026-10-05 07:14:14.288][14][debug][router] [source/common/router/router.cc:537] [Tags: "ConnectionId":"5526","StreamId":"9338110433222314344"] cluster 'payments' match for URL '/payments/pay-28753'
[2026-10-05 07:14:14.288][14][debug][router] [source/common/router/router.cc:812] [Tags: "ConnectionId":"5526","StreamId":"9338110433222314344"] router decoding headers:
':authority', 'envoy:10000'
':path', '/payments/pay-28753'
':method', 'GET'
':scheme', 'http'
'user-agent', 'Go-http-client/1.1'
'x-forwarded-proto', 'http'
'x-request-id', 'bbd2fe18-1bbb-4c7b-a3b1-1f67f17f0c07'
'x-envoy-expected-rq-timeout-ms', '3000'

[2026-10-05 07:14:14.288][14][debug][pool] [source/common/conn_pool/conn_pool_base.cc:330] [Tags: "ConnectionId":"21"] using existing fully connected connection
[2026-10-05 07:14:14.288][14][debug][pool] [source/common/conn_pool/conn_pool_base.cc:247] [Tags: "ConnectionId":"21"] creating stream
[2026-10-05 07:14:14.288][14][debug][router] [source/common/router/upstream_request.cc:606] [Tags: "ConnectionId":"5526","StreamId":"9338110433222314344"] pool ready
[2026-10-05 07:14:14.288][14][debug][client] [source/common/http/codec_client.cc:150] [Tags: "ConnectionId":"21"] encode complete
[2026-10-05 07:14:14.288][14][debug][http] [source/common/http/conn_manager_impl.cc:394] [Tags: "ConnectionId":"5525"] new stream
[2026-10-05 07:14:14.288][14][debug][http] [source/common/http/conn_manager_impl.cc:1291] [Tags: "ConnectionId":"5525","StreamId":"15402035454897664112"] request headers complete (end_stream=false):
':authority', 'envoy:10000'
':path', '/booking'
':method', 'POST'
'user-agent', 'Go-http-client/1.1'
'content-length', '58'
'content-type', 'application/json'

[2026-10-05 07:14:14.288][14][debug][connection] [./source/common/network/connection_impl.h:101] [Tags: "ConnectionId":"5525"] current connecting state: false
[2026-10-05 07:14:14.288][14][info][lua] [source/extensions/filters/common/lua/lua.cc:26] script log: accepted POST /booking
[2026-10-05 07:14:14.288][14][debug][lua] [source/extensions/filters/common/lua/lua.cc:67] coroutine finished
[2026-10-05 07:14:14.288][14][debug][router] [source/common/router/router.cc:537] [Tags: "ConnectionId":"5525","StreamId":"15402035454897664112"] cluster 'booking' match for URL '/booking'
[2026-10-05 07:14:14.288][14][debug][router] [source/common/router/router.cc:812] [Tags: "ConnectionId":"5525","StreamId":"15402035454897664112"] router decoding headers:
':authority', 'envoy:10000'
':path', '/booking'
':method', 'POST'
':scheme', 'http'
'user-agent', 'Go-http-client/1.1'
'content-length', '58'
'content-type', 'application/json'
'x-forwarded-proto', 'http'
'x-request-id', '111926e6-359d-4d26-8db9-25054c122aa3'
'x-envoy-expected-rq-timeout-ms', '3000'

[2026-10-05 07:14:14.288][14][debug][pool] [source/common/conn_pool/conn_pool_base.cc:330] [Tags: "ConnectionId":"19"] using existing fully connected connection
[2026-10-05 07:14:14.288][14][debug][pool] [source/common/conn_pool/conn_pool_base.cc:247] [Tags: "ConnectionId":"19"] creating stream
[2026-10-05 07:14:14.288][14][debug][router] [source/common/router/upstream_request.cc:606] [Tags: "ConnectionId":"5525","StreamId":"15402035454897664112"] pool ready
[2026-10-05 07:14:14.288][14][debug][router] [source/common/router/router.cc:993] [Tags: "ConnectionId":"5525","StreamId":"15402035454897664112"] router decoding data: 58
[2026-10-05 07:14:14.288][14][debug][http] [source/common/http/conn_manager_impl.cc:1274] [Tags: "ConnectionId":"5525","StreamId":"15402035454897664112"] request end stream timestamp recorded
[2026-10-05 07:14:14.288][14][debug][router] [source/common/router/router.cc:993] [Tags: "ConnectionId":"5525","StreamId":"15402035454897664112"] router decoding data: 0
[2026-10-05 07:14:14.288][14][debug][client] [source/common/http/codec_client.cc:150] [Tags: "ConnectionId":"19"] encode complete
[2026-10-05 07:14:14.288][14][debug][http] [source/common/http/conn_manager_impl.cc:394] [Tags: "ConnectionId":"5528"] new stream
[2026-10-05 07:14:14.288][14][debug][http] [source/common/http/conn_manager_impl.cc:1291] [Tags: "ConnectionId":"5528","StreamId":"5009155958534922610"] request headers complete (end_stream=true):
':authority', 'envoy:10000'
':path', '/bookings'
':method', 'OPTIONS'
'user-agent', 'Go-http-client/1.1'

[2026-10-05 07:14:14.288][14][debug][http] [source/common/http/conn_manager_impl.cc:1274] [Tags: "ConnectionId":"5528","StreamId":"5009155958534922610"] request end stream timestamp recorded
[2026-10-05 07:14:14.288][14][debug][connection] [./source/common/network/connection_impl.h:101] [Tags: "ConnectionId":"5528"] current connecting state: false
[2026-10-05 07:14:14.288][14][info][lua] [source/extensions/filters/common/lua/lua.cc:26] script log: accepted OPTIONS /bookings
[2026-10-05 07:14:14.288][14][debug][lua] [source/extensions/filters/common/lua/lua.cc:67] coroutine finished
[2026-10-05 07:14:14.288][14][debug][router] [source/common/router/router.cc:537] [Tags: "ConnectionId":"5528","StreamId":"5009155958534922610"] cluster 'booking' match for URL '/bookings'
[2026-10-05 07:14:14.288][14][debug][router] [source/common/router/router.cc:812] [Tags: "ConnectionId":"5528","StreamId":"5009155958534922610"] router decoding headers:
':authority', 'envoy:10000'
':path', '/bookings'
':method', 'OPTIONS'
':scheme', 'http'
'user-agent', 'Go-http-client/1.1'
'x-forwarded-proto', 'http'
'x-request-id', '70340e4b-2e8b-42ad-bd4a-df0a3f84e4dc'
'x-envoy-expected-rq-timeout-ms', '3000'

[2026-10-05 07:14:14.288][14][debug][pool] [source/common/conn_pool/conn_pool_base.cc:330] [Tags: "ConnectionId":"2"] using existing fully connected connection
[2026-10-05 07:14:14.288][14][debug][pool] [source/common/conn_pool/conn_pool_base.cc:247] [Tags: "ConnectionId":"2"] creating stream
[2026-10-05 07:14:14.288][14][debug][router] [source/common/router/upstream_request.cc:606] [Tags: "ConnectionId":"5528","StreamId":"5009155958534922610"] pool ready
[2026-10-05 07:14:14.288][14][debug][client] [source/common/http/codec_client.cc:150] [Tags: "ConnectionId":"2"] encode complete
[2026-10-05 07:14:14.288][14][debug][http] [source/common/http/conn_manager_impl.cc:394] [Tags: "ConnectionId":"5507"] new stream
[2026-10-05 07:14:14.288][14][debug][http] [source/common/http/conn_manager_impl.cc:1291] [Tags: "ConnectionId":"5507","StreamId":"10156988638865015625"] request headers complete (end_stream=true):
':authority', 'envoy:10000'
':path', '/bookings/bk-83143'
':method', 'GET'
'user-agent', 'Go-http-client/1.1'

[2026-10-05 07:14:14.288][14][debug][http] [source/common/http/conn_manager_impl.cc:1274] [Tags: "ConnectionId":"5507","StreamId":"10156988638865015625"] request end stream timestamp recorded
[2026-10-05 07:14:14.288][14][debug][connection] [./source/common/network/connection_impl.h:101] [Tags: "ConnectionId":"5507"] current connecting state: false
[2026-10-05 07:14:14.288][14][info][lua] [source/extensions/filters/common/lua/lua.cc:26] script log: accepted GET /bookings/bk-83143
[2026-10-05 07:14:14.288][14][debug][lua] [source/extensions/filters/common/lua/lua.cc:67] coroutine finished
[2026-10-05 07:14:14.288][14][debug][router] [source/common/router/router.cc:537] [Tags: "ConnectionId":"5507","StreamId":"10156988638865015625"] cluster 'booking' match for URL '/bookings/bk-83143'
[2026-10-05 07:14:14.288][14][debug][router] [source/common/router/router.cc:812] [Tags: "ConnectionId":"5507","StreamId":"10156988638865015625"] router decoding headers:
':authority', 'envoy:10000'
':path', '/bookings/bk-83143'
':method', 'GET'
':scheme', 'http'
'user-agent', 'Go-http-client/1.1'
'x-forwarded-proto', 'http'
'x-request-id', '9a8de021-7e35-4d40-9792-6098edf37515'
'x-envoy-expected-rq-timeout-ms', '3000'

[2026-10-05 07:14:14.288][14][debug][pool] [source/common/conn_pool/conn_pool_base.cc:330] [Tags: "ConnectionId":"11"] using existing fully connected connection
[2026-10-05 07:14:14.288][14][debug][pool] [source/common/conn_pool/conn_pool_base.cc:247] [Tags: "ConnectionId":"11"] creating stream
[2026-10-05 07:14:14.288][14][debug][router] [source/common/router/upstream_request.cc:606] [Tags: "ConnectionId":"5507","StreamId":"10156988638865015625"] pool ready
[2026-10-05 07:14:14.288][14][debug][client] [source/common/http/codec_client.cc:150] [Tags: "ConnectionId":"11"] encode complete
[2026-10-05 07:14:14.288][14][debug][http] [source/common/http/conn_manager_impl.cc:394] [Tags: "ConnectionId":"5496"] new stream
[2026-10-05 07:14:14.288][14][debug][http] [source/common/http/conn_manager_impl.cc:1291] [Tags: "ConnectionId":"5496","StreamId":"6932314191561328872"] request headers complete (end_stream=false):
':authority', 'envoy:10000'
':path', '/order/ord-87900'
':method', 'PUT'
'user-agent', 'Go-http-client/1.1'
'content-length', '22'
'content-type', 'application/json'

[2026-10-05 07:14:14.288][14][debug][connection] [./source/common/network/connection_impl.h:101] [Tags: "ConnectionId":"5496"] current connecting state: false
[2026-10-05 07:14:14.288][14][info][lua] [source/extensions/filters/common/lua/lua.cc:26] script log: accepted PUT /order/ord-87900
[2026-10-05 07:14:14.288][14][debug][lua] [source/extensions/filters/common/lua/lua.cc:67] coroutine finished
[2026-10-05 07:14:14.288][14][debug][router] [source/common/router/router.cc:537] [Tags: "ConnectionId":"5496","StreamId":"6932314191561328872"] cluster 'orders' match for URL '/order/ord-87900'
[2026-10-05 07:14:14.288][14][debug][router] [source/common/router/router.cc:812] [Tags: "ConnectionId":"5496","StreamId":"6932314191561328872"] router decoding headers:
':authority', 'envoy:10000'
':path', '/order/ord-87900'
':method', 'PUT'
':scheme', 'http'
'user-agent', 'Go-http-client/1.1'
'content-length', '22'
'content-type', 'application/json'
'x-forwarded-proto', 'http'
'x-request-id', 'e71164e5-b2df-487b-bea6-48481537d313'
'x-envoy-expected-rq-timeout-ms', '3000'

[2026-10-05 07:14:14.288][14][debug][pool] [source/common/conn_pool/conn_pool_base.cc:330] [Tags: "ConnectionId":"1746"] using existing fully connected connection
[2026-10-05 07:14:14.288][14][debug][pool] [source/common/conn_pool/conn_pool_base.cc:247] [Tags: "ConnectionId":"1746"] creating stream
[2026-10-05 07:14:14.288][14][debug][router] [source/common/router/upstream_request.cc:606] [Tags: "ConnectionId":"5496","StreamId":"6932314191561328872"] pool ready
[2026-10-05 07:14:14.288][14][debug][router] [source/common/router/router.cc:993] [Tags: "ConnectionId":"5496","StreamId":"6932314191561328872"] router decoding data: 22
[2026-10-05 07:14:14.288][14][debug][http] [source/common/http/conn_manager_impl.cc:1274] [Tags: "ConnectionId":"5496","StreamId":"6932314191561328872"] request end stream timestamp recorded
[2026-10-05 07:14:14.288][14][debug][router] [source/common/router/router.cc:993] [Tags: "ConnectionId":"5496","StreamId":"6932314191561328872"] router decoding data: 0
[2026-10-05 07:14:14.288][14][debug][client] [source/common/http/codec_client.cc:150] [Tags: "ConnectionId":"1746"] encode complete
[2026-10-05 07:14:14.288][14][debug][http] [source/common/http/conn_manager_impl.cc:394] [Tags: "ConnectionId":"5530"] new stream
[2026-10-05 07:14:14.288][14][debug][http] [source/common/http/conn_manager_impl.cc:1291] [Tags: "ConnectionId":"5530","StreamId":"5797806069828010257"] request headers complete (end_stream=false):
':authority', 'envoy:10000'
':path', '/payments'
':method', 'POST'
'user-agent', 'Go-http-client/1.1'
'content-length', '56'
'content-type', 'application/json'

[2026-10-05 07:14:14.288][14][debug][connection] [./source/common/network/connection_impl.h:101] [Tags: "ConnectionId":"5530"] current connecting state: false
[2026-10-05 07:14:14.288][14][info][lua] [source/extensions/filters/common/lua/lua.cc:26] script log: accepted POST /payments
[2026-10-05 07:14:14.288][14][debug][lua] [source/extensions/filters/common/lua/lua.cc:67] coroutine finished
[2026-10-05 07:14:14.288][14][debug][router] [source/common/router/router.cc:537] [Tags: "ConnectionId":"5530","StreamId":"5797806069828010257"] cluster 'payments' match for URL '/payments'
[2026-10-05 07:14:14.288][14][debug][router] [source/common/router/router.cc:812] [Tags: "ConnectionId":"5530","StreamId":"5797806069828010257"] router decoding headers:
':authority', 'envoy:10000'
':path', '/payments'
':method', 'POST'
':scheme', 'http'
'user-agent', 'Go-http-client/1.1'
'content-length', '56'
'content-type', 'application/json'
'x-forwarded-proto', 'http'
'x-request-id', '7b6ab0d6-1e15-4111-ae20-6625b9d1ba34'
'x-envoy-expected-rq-timeout-ms', '3000'

[2026-10-05 07:14:14.288][14][debug][pool] [source/common/conn_pool/conn_pool_base.cc:330] [Tags: "ConnectionId":"1"] using existing fully connected connection
[2026-10-05 07:14:14.288][14][debug][pool] [source/common/conn_pool/conn_pool_base.cc:247] [Tags: "ConnectionId":"1"] creating stream
[2026-10-05 07:14:14.288][14][debug][router] [source/common/router/upstream_request.cc:606] [Tags: "ConnectionId":"5530","StreamId":"5797806069828010257"] pool ready
[2026-10-05 07:14:14.288][14][debug][router] [source/common/router/router.cc:993] [Tags: "ConnectionId":"5530","StreamId":"5797806069828010257"] router decoding data: 56
[2026-10-05 07:14:14.288][14][debug][http] [source/common/http/conn_manager_impl.cc:1274] [Tags: "ConnectionId":"5530","StreamId":"5797806069828010257"] request end stream timestamp recorded
[2026-10-05 07:14:14.288][14][debug][router] [source/common/router/router.cc:993] [Tags: "ConnectionId":"5530","StreamId":"5797806069828010257"] router decoding data: 0
[2026-10-05 07:14:14.288][14][debug][client] [source/common/http/codec_client.cc:150] [Tags: "ConnectionId":"1"] encode complete
[2026-10-05 07:14:14.288][14][debug][http] [source/common/http/conn_manager_impl.cc:394] [Tags: "ConnectionId":"5515"] new stream
[2026-10-05 07:14:14.288][14][debug][http] [source/common/http/conn_manager_impl.cc:1291] [Tags: "ConnectionId":"5515","StreamId":"748551585782191362"] request headers complete (end_stream=true):
':authority', 'envoy:10000'
':path', '/users/usr-49862'
':method', 'GET'
'user-agent', 'Go-http-client/1.1'

[2026-10-05 07:14:14.288][14][debug][http] [source/common/http/conn_manager_impl.cc:1274] [Tags: "ConnectionId":"5515","StreamId":"748551585782191362"] request end stream timestamp recorded
[2026-10-05 07:14:14.288][14][debug][connection] [./source/common/network/connection_impl.h:101] [Tags: "ConnectionId":"5515"] current connecting state: false
[2026-10-05 07:14:14.288][14][info][lua] [source/extensions/filters/common/lua/lua.cc:26] script log: accepted GET /users/usr-49862
[2026-10-05 07:14:14.288][14][debug][lua] [source/extensions/filters/common/lua/lua.cc:67] coroutine finished
[2026-10-05 07:14:14.288][14][debug][router] [source/common/router/router.cc:537] [Tags: "ConnectionId":"5515","StreamId":"748551585782191362"] cluster 'users' match for URL '/users/usr-49862'
[2026-10-05 07:14:14.288][14][debug][router] [source/common/router/router.cc:812] [Tags: "ConnectionId":"5515","StreamId":"748551585782191362"] router decoding headers:
':authority', 'envoy:10000'
':path', '/users/usr-49862'
':method', 'GET'
':scheme', 'http'
'user-agent', 'Go-http-client/1.1'
'x-forwarded-proto', 'http'
'x-request-id', 'a8f1ee1d-0c9e-4d3a-a3ab-1320a24d97d6'
'x-envoy-expected-rq-timeout-ms', '3000'

[2026-10-05 07:14:14.288][14][debug][pool] [source/common/conn_pool/conn_pool_base.cc:330] [Tags: "ConnectionId":"23"] using existing fully connected connection
[2026-10-05 07:14:14.288][14][debug][pool] [source/common/conn_pool/conn_pool_base.cc:247] [Tags: "ConnectionId":"23"] creating stream
[2026-10-05 07:14:14.288][14][debug][router] [source/common/router/upstream_request.cc:606] [Tags: "ConnectionId":"5515","StreamId":"748551585782191362"] pool ready
[2026-10-05 07:14:14.288][14][debug][client] [source/common/http/codec_client.cc:150] [Tags: "ConnectionId":"23"] encode complete
[2026-10-05 07:14:14.288][14][debug][http] [source/common/http/conn_manager_impl.cc:394] [Tags: "ConnectionId":"5520"] new stream
[2026-10-05 07:14:14.288][14][debug][http] [source/common/http/conn_manager_impl.cc:1291] [Tags: "ConnectionId":"5520","StreamId":"17172206689908345196"] request headers complete (end_stream=true):
':authority', 'envoy:10000'
':path', '/bookings/bk-92531'
':method', 'GET'
'user-agent', 'Go-http-client/1.1'

[2026-10-05 07:14:14.288][14][debug][http] [source/common/http/conn_manager_impl.cc:1274] [Tags: "ConnectionId":"5520","StreamId":"17172206689908345196"] request end stream timestamp recorded
[2026-10-05 07:14:14.288][14][debug][connection] [./source/common/network/connection_impl.h:101] [Tags: "ConnectionId":"5520"] current connecting state: false
[2026-10-05 07:14:14.288][14][info][lua] [source/extensions/filters/common/lua/lua.cc:26] script log: accepted GET /bookings/bk-92531
[2026-10-05 07:14:14.288][14][debug][lua] [source/extensions/filters/common/lua/lua.cc:67] coroutine finished
[2026-10-05 07:14:14.288][14][debug][router] [source/common/router/router.cc:537] [Tags: "ConnectionId":"5520","StreamId":"17172206689908345196"] cluster 'booking' match for URL '/bookings/bk-92531'
[2026-10-05 07:14:14.288][14][debug][router] [source/common/router/router.cc:812] [Tags: "ConnectionId":"5520","StreamId":"17172206689908345196"] router decoding headers:
':authority', 'envoy:10000'
':path', '/bookings/bk-92531'
':method', 'GET'
':scheme', 'http'
'user-agent', 'Go-http-client/1.1'
'x-forwarded-proto', 'http'
'x-request-id', '0a9d5e37-ff3e-499d-84c3-c69711b7db7a'
'x-envoy-expected-rq-timeout-ms', '3000'

[2026-10-05 07:14:14.288][14][debug][pool] [source/common/conn_pool/conn_pool_base.cc:330] [Tags: "ConnectionId":"1748"] using existing fully connected connection
[2026-10-05 07:14:14.288][14][debug][pool] [source/common/conn_pool/conn_pool_base.cc:247] [Tags: "ConnectionId":"1748"] creating stream
[2026-10-05 07:14:14.288][14][debug][router] [source/common/router/upstream_request.cc:606] [Tags: "ConnectionId":"5520","StreamId":"17172206689908345196"] pool ready
[2026-10-05 07:14:14.288][14][debug][client] [source/common/http/codec_client.cc:150] [Tags: "ConnectionId":"1748"] encode complete
[2026-10-05 07:14:14.288][14][debug][http] [source/common/http/conn_manager_impl.cc:394] [Tags: "ConnectionId":"5470"] new stream
[2026-10-05 07:14:14.288][14][debug][http] [source/common/http/conn_manager_impl.cc:1291] [Tags: "ConnectionId":"5470","StreamId":"16296555593726623747"] request headers complete (end_stream=true):
':authority', 'envoy:10000'
':path', '/payments/pay-70849'
':method', 'GET'
'user-agent', 'Go-http-client/1.1'

[2026-10-05 07:14:14.288][14][debug][http] [source/common/http/conn_manager_impl.cc:1274] [Tags: "ConnectionId":"5470","StreamId":"16296555593726623747"] request end stream timestamp recorded
[2026-10-05 07:14:14.288][14][debug][connection] [./source/common/network/connection_impl.h:101] [Tags: "ConnectionId":"5470"] current connecting state: false
[2026-10-05 07:14:14.288][14][info][lua] [source/extensions/filters/common/lua/lua.cc:26] script log: accepted GET /payments/pay-70849
[2026-10-05 07:14:14.288][14][debug][lua] [source/extensions/filters/common/lua/lua.cc:67] coroutine finished
[2026-10-05 07:14:14.288][14][debug][router] [source/common/router/router.cc:537] [Tags: "ConnectionId":"5470","StreamId":"16296555593726623747"] cluster 'payments' match for URL '/payments/pay-70849'
[2026-10-05 07:14:14.288][14][debug][router] [source/common/router/router.cc:812] [Tags: "ConnectionId":"5470","StreamId":"16296555593726623747"] router decoding headers:
':authority', 'envoy:10000'
':path', '/payments/pay-70849'
':method', 'GET'
':scheme', 'http'
'user-agent', 'Go-http-client/1.1'
'x-forwarded-proto', 'http'
'x-request-id', 'dfc032c2-4114-4a6d-81a9-84740ba35c29'
'x-envoy-expected-rq-timeout-ms', '3000'

[2026-10-05 07:14:14.288][14][debug][pool] [source/common/conn_pool/conn_pool_base.cc:330] [Tags: "ConnectionId":"6"] using existing fully connected connection
[2026-10-05 07:14:14.288][14][debug][pool] [source/common/conn_pool/conn_pool_base.cc:247] [Tags: "ConnectionId":"6"] creating stream
[2026-10-05 07:14:14.288][14][debug][router] [source/common/router/upstream_request.cc:606] [Tags: "ConnectionId":"5470","StreamId":"16296555593726623747"] pool ready
[2026-10-05 07:14:14.288][14][debug][client] [source/common/http/codec_client.cc:150] [Tags: "ConnectionId":"6"] encode complete
[2026-10-05 07:14:14.288][14][debug][client] [source/common/http/codec_client.cc:137] [Tags: "ConnectionId":"2"] response complete
[2026-10-05 07:14:14.288][14][debug][router] [source/common/router/router.cc:1700] [Tags: "ConnectionId":"5528","StreamId":"5009155958534922610"] upstream headers complete: end_stream=true
[2026-10-05 07:14:14.288][14][debug][router] [source/common/router/router.cc:1153] Executing cleanup(): resetting retry_state_ and disabling timers
[2026-10-05 07:14:14.288][14][debug][lua] [source/extensions/filters/common/lua/lua.cc:23] script log: completed OPTIONS /bookings status=204
[2026-10-05 07:14:14.288][14][debug][lua] [source/extensions/filters/common/lua/lua.cc:67] coroutine finished
[2026-10-05 07:14:14.288][14][debug][http] [source/common/http/conn_manager_impl.cc:1948] [Tags: "ConnectionId":"5528","StreamId":"5009155958534922610"] encoding headers via codec (end_stream=true):
':status', '204'
'access-control-allow-methods', 'GET, OPTIONS'
'allow', 'GET, OPTIONS'
'date', 'Mon, 05 Oct 2026 07:14:14 GMT'
'x-envoy-upstream-service-time', '0'
'server', 'envoy'

[2026-10-05 07:14:14.288][14][debug][http] [source/common/http/conn_manager_impl.cc:2063] [Tags: "ConnectionId":"5528","StreamId":"5009155958534922610"] Codec completed encoding stream.
[2026-10-05 07:14:14.288][14][debug][router] [source/common/router/router.cc:1153] Executing cleanup(): resetting retry_state_ and disabling timers
[2026-10-05 07:14:14.288][14][debug][pool] [source/common/http/http1/conn_pool.cc:61] [Tags: "ConnectionId":"2"] response complete
[2026-10-05 07:14:14.288][14][debug][pool] [source/common/conn_pool/conn_pool_base.cc:282] [Tags: "ConnectionId":"2"] destroying stream: 0 active remaining, readyForStream false, currentUnusedCapacity 1
[2026-10-05 07:14:14.288][14][debug][router] [source/common/router/router.cc:1700] [Tags: "ConnectionId":"5515","StreamId":"748551585782191362"] upstream headers complete: end_stream=false
[2026-10-05 07:14:14.288][14][debug][lua] [source/extensions/filters/common/lua/lua.cc:23] script log: completed GET /users/usr-49862 status=200
[2026-10-05 07:14:14.288][14][debug][lua] [source/extensions/filters/common/lua/lua.cc:67] coroutine finished
[2026-10-05 07:14:14.288][14][debug][http] [source/common/http/conn_manager_impl.cc:1948] [Tags: "ConnectionId":"5515","StreamId":"748551585782191362"] encoding headers via codec (end_stream=false):
':status', '200'
'content-type', 'application/json'
'date', 'Mon, 05 Oct 2026 07:14:14 GMT'
'content-length', '32'
'x-envoy-upstream-service-time', '0'
'server', 'envoy'

[2026-10-05 07:14:14.288][14][debug][client] [source/common/http/codec_client.cc:137] [Tags: "ConnectionId":"23"] response complete
[2026-10-05 07:14:14.288][14][debug][router] [source/common/router/router.cc:1153] Executing cleanup(): resetting retry_state_ and disabling timers
[2026-10-05 07:14:14.288][14][debug][http] [source/common/http/conn_manager_impl.cc:2063] [Tags: "ConnectionId":"5515","StreamId":"748551585782191362"] Codec completed encoding stream.
[2026-10-05 07:14:14.288][14][debug][router] [source/common/router/router.cc:1153] Executing cleanup(): resetting retry_state_ and disabling timers
[2026-10-05 07:14:14.288][14][debug][pool] [source/common/http/http1/conn_pool.cc:61] [Tags: "ConnectionId":"23"] response complete
[2026-10-05 07:14:14.288][14][debug][pool] [source/common/conn_pool/conn_pool_base.cc:282] [Tags: "ConnectionId":"23"] destroying stream: 0 active remaining, readyForStream false, currentUnusedCapacity 1
[2026-10-05 07:14:14.288][14][debug][router] [source/common/router/router.cc:1700] [Tags: "ConnectionId":"5526","StreamId":"9338110433222314344"] upstream headers complete: end_stream=false
[2026-10-05 07:14:14.288][14][debug][lua] [source/extensions/filters/common/lua/lua.cc:23] script log: completed GET /payments/pay-28753 status=200
[2026-10-05 07:14:14.288][14][debug][lua] [source/extensions/filters/common/lua/lua.cc:67] coroutine finished
[2026-10-05 07:14:14.288][14][debug][http] [source/common/http/conn_manager_impl.cc:1948] [Tags: "ConnectionId":"5526","StreamId":"9338110433222314344"] encoding headers via codec (end_stream=false):
':status', '200'
'content-type', 'application/json'
'date', 'Mon, 05 Oct 2026 07:14:14 GMT'
'content-length', '32'
'x-envoy-upstream-service-time', '0'
'server', 'envoy'

[2026-10-05 07:14:14.288][14][debug][client] [source/common/http/codec_client.cc:137] [Tags: "ConnectionId":"21"] response complete
[2026-10-05 07:14:14.288][14][debug][router] [source/common/router/router.cc:1153] Executing cleanup(): resetting retry_state_ and disabling timers
[2026-10-05 07:14:14.288][14][debug][http] [source/common/http/conn_manager_impl.cc:2063] [Tags: "ConnectionId":"5526","StreamId":"9338110433222314344"] Codec completed encoding stream.
[2026-10-05 07:14:14.288][14][debug][router] [source/common/router/router.cc:1153] Executing cleanup(): resetting retry_state_ and disabling timers
[2026-10-05 07:14:14.288][14][debug][pool] [source/common/http/http1/conn_pool.cc:61] [Tags: "ConnectionId":"21"] response complete
[2026-10-05 07:14:14.288][14][debug][pool] [source/common/conn_pool/conn_pool_base.cc:282] [Tags: "ConnectionId":"21"] destroying stream: 0 active remaining, readyForStream false, currentUnusedCapacity 1
[2026-10-05 07:14:14.288][14][debug][router] [source/common/router/router.cc:1700] [Tags: "ConnectionId":"5496","StreamId":"6932314191561328872"] upstream headers complete: end_stream=false
[2026-10-05 07:14:14.288][14][debug][lua] [source/extensions/filters/http/lua/lua_filter.cc:569] yielding for full body
[2026-10-05 07:14:14.288][14][debug][lua] [source/extensions/filters/common/lua/lua.cc:70] coroutine yielded
[2026-10-05 07:14:14.288][14][debug][client] [source/common/http/codec_client.cc:137] [Tags: "ConnectionId":"1746"] response complete
[2026-10-05 07:14:14.288][14][debug][router] [source/common/router/router.cc:1153] Executing cleanup(): resetting retry_state_ and disabling timers
[2026-10-05 07:14:14.288][14][debug][lua] [source/extensions/filters/http/lua/lua_filter.cc:280] resuming body due to end stream
[2026-10-05 07:14:14.288][14][error][lua] [source/extensions/filters/common/lua/lua.cc:32] script log: PUT /order/ord-87900 status=500 reason=order upstream timed out
reason: order upstream timed out
goroutine 9715 [running]:
runtime/debug.Stack()
	runtime/debug/stack.go:26 +0x64
main.(*handler).fail(0x95065d262c0, {0x2e9060, 0x95065de2c30}, {0x95065f4d8e0, 0x3}, {0x95065f4d8e4, 0x10})
	envoy-log-generator/cmd/backend/main.go:169 +0x4c
main.(*handler).ServeHTTP(0x95065d262c0, {0x2e9060, 0x95065de2c30}, 0x95065de4dc0)
	envoy-log-generator/cmd/backend/main.go:111 +0x690
net/http.serverHandler.ServeHTTP({0x2e7ed0?}, {0x2e9060?, 0x95065de2c30?}, 0x1?)
	net/http/server.go:3311 +0xb0
net/http.(*conn).serve(0x95065f50900, {0x2e96d0, 0x95065d15ad0})
	net/http/server.go:2067 +0x55c
created by net/http.(*Server).Serve in goroutine 1
	net/http/server.go:3464 +0x37c
[2026-10-05 07:14:14.288][14][debug][lua] [source/extensions/filters/common/lua/lua.cc:67] coroutine finished
[2026-10-05 07:14:14.288][14][debug][http] [source/common/http/conn_manager_impl.cc:1948] [Tags: "ConnectionId":"5496","StreamId":"6932314191561328872"] encoding headers via codec (end_stream=false):
':status', '500'
'content-type', 'text/plain; charset=utf-8'
'date', 'Mon, 05 Oct 2026 07:14:14 GMT'
'content-length', '699'
'x-envoy-upstream-service-time', '0'
'server', 'envoy'

[2026-10-05 07:14:14.288][14][debug][http] [source/common/http/conn_manager_impl.cc:2063] [Tags: "ConnectionId":"5496","StreamId":"6932314191561328872"] Codec completed encoding stream.
[2026-10-05 07:14:14.288][14][debug][router] [source/common/router/router.cc:1153] Executing cleanup(): resetting retry_state_ and disabling timers
[2026-10-05 07:14:14.288][14][debug][pool] [source/common/http/http1/conn_pool.cc:61] [Tags: "ConnectionId":"1746"] response complete
[2026-10-05 07:14:14.288][14][debug][pool] [source/common/conn_pool/conn_pool_base.cc:282] [Tags: "ConnectionId":"1746"] destroying stream: 0 active remaining, readyForStream false, currentUnusedCapacity 1
[2026-10-05 07:14:14.288][14][debug][router] [source/common/router/router.cc:1700] [Tags: "ConnectionId":"5525","StreamId":"15402035454897664112"] upstream headers complete: end_stream=false
[2026-10-05 07:14:14.288][14][debug][lua] [source/extensions/filters/common/lua/lua.cc:23] script log: completed POST /booking status=200
[2026-10-05 07:14:14.288][14][debug][lua] [source/extensions/filters/common/lua/lua.cc:67] coroutine finished
[2026-10-05 07:14:14.288][14][debug][http] [source/common/http/conn_manager_impl.cc:1948] [Tags: "ConnectionId":"5525","StreamId":"15402035454897664112"] encoding headers via codec (end_stream=false):
':status', '200'
'content-type', 'application/json'
'date', 'Mon, 05 Oct 2026 07:14:14 GMT'
'content-length', '15'
'x-envoy-upstream-service-time', '0'
'server', 'envoy'

[2026-10-05 07:14:14.288][14][debug][client] [source/common/http/codec_client.cc:137] [Tags: "ConnectionId":"19"] response complete
[2026-10-05 07:14:14.288][14][debug][router] [source/common/router/router.cc:1153] Executing cleanup(): resetting retry_state_ and disabling timers
[2026-10-05 07:14:14.288][14][debug][http] [source/common/http/conn_manager_impl.cc:2063] [Tags: "ConnectionId":"5525","StreamId":"15402035454897664112"] Codec completed encoding stream.
[2026-10-05 07:14:14.288][14][debug][router] [source/common/router/router.cc:1153] Executing cleanup(): resetting retry_state_ and disabling timers
[2026-10-05 07:14:14.288][14][debug][pool] [source/common/http/http1/conn_pool.cc:61] [Tags: "ConnectionId":"19"] response complete
[2026-10-05 07:14:14.288][14][debug][pool] [source/common/conn_pool/conn_pool_base.cc:282] [Tags: "ConnectionId":"19"] destroying stream: 0 active remaining, readyForStream false, currentUnusedCapacity 1
[2026-10-05 07:14:14.288][14][debug][router] [source/common/router/router.cc:1700] [Tags: "ConnectionId":"5530","StreamId":"5797806069828010257"] upstream headers complete: end_stream=false
[2026-10-05 07:14:14.288][14][debug][lua] [source/extensions/filters/common/lua/lua.cc:23] script log: completed POST /payments status=200
[2026-10-05 07:14:14.288][14][debug][lua] [source/extensions/filters/common/lua/lua.cc:67] coroutine finished
[2026-10-05 07:14:14.288][14][debug][http] [source/common/http/conn_manager_impl.cc:1948] [Tags: "ConnectionId":"5530","StreamId":"5797806069828010257"] encoding headers via codec (end_stream=false):
':status', '200'
'content-type', 'application/json'
'date', 'Mon, 05 Oct 2026 07:14:14 GMT'
'content-length', '15'
'x-envoy-upstream-service-time', '0'
'server', 'envoy'

[2026-10-05 07:14:14.288][14][debug][client] [source/common/http/codec_client.cc:137] [Tags: "ConnectionId":"1"] response complete
[2026-10-05 07:14:14.288][14][debug][router] [source/common/router/router.cc:1153] Executing cleanup(): resetting retry_state_ and disabling timers
[2026-10-05 07:14:14.288][14][debug][http] [source/common/http/conn_manager_impl.cc:2063] [Tags: "ConnectionId":"5530","StreamId":"5797806069828010257"] Codec completed encoding stream.
[2026-10-05 07:14:14.288][14][debug][router] [source/common/router/router.cc:1153] Executing cleanup(): resetting retry_state_ and disabling timers
[2026-10-05 07:14:14.288][14][debug][pool] [source/common/http/http1/conn_pool.cc:61] [Tags: "ConnectionId":"1"] response complete
[2026-10-05 07:14:14.288][14][debug][pool] [source/common/conn_pool/conn_pool_base.cc:282] [Tags: "ConnectionId":"1"] destroying stream: 0 active remaining, readyForStream false, currentUnusedCapacity 1
[2026-10-05 07:14:14.288][14][debug][router] [source/common/router/router.cc:1700] [Tags: "ConnectionId":"5520","StreamId":"17172206689908345196"] upstream headers complete: end_stream=false
[2026-10-05 07:14:14.288][14][debug][lua] [source/extensions/filters/common/lua/lua.cc:23] script log: completed GET /bookings/bk-92531 status=200
[2026-10-05 07:14:14.288][14][debug][lua] [source/extensions/filters/common/lua/lua.cc:67] coroutine finished
[2026-10-05 07:14:14.288][14][debug][http] [source/common/http/conn_manager_impl.cc:1948] [Tags: "ConnectionId":"5520","StreamId":"17172206689908345196"] encoding headers via codec (end_stream=false):
':status', '200'
'content-type', 'application/json'
'date', 'Mon, 05 Oct 2026 07:14:14 GMT'
'content-length', '31'
'x-envoy-upstream-service-time', '0'
'server', 'envoy'

[2026-10-05 07:14:14.288][14][debug][client] [source/common/http/codec_client.cc:137] [Tags: "ConnectionId":"1748"] response complete
[2026-10-05 07:14:14.288][14][debug][router] [source/common/router/router.cc:1153] Executing cleanup(): resetting retry_state_ and disabling timers
[2026-10-05 07:14:14.288][14][debug][http] [source/common/http/conn_manager_impl.cc:2063] [Tags: "ConnectionId":"5520","StreamId":"17172206689908345196"] Codec completed encoding stream.
[2026-10-05 07:14:14.288][14][debug][router] [source/common/router/router.cc:1153] Executing cleanup(): resetting retry_state_ and disabling timers
[2026-10-05 07:14:14.288][14][debug][pool] [source/common/http/http1/conn_pool.cc:61] [Tags: "ConnectionId":"1748"] response complete
[2026-10-05 07:14:14.288][14][debug][pool] [source/common/conn_pool/conn_pool_base.cc:282] [Tags: "ConnectionId":"1748"] destroying stream: 0 active remaining, readyForStream false, currentUnusedCapacity 1
[2026-10-05 07:14:14.288][14][debug][router] [source/common/router/router.cc:1700] [Tags: "ConnectionId":"5507","StreamId":"10156988638865015625"] upstream headers complete: end_stream=false
[2026-10-05 07:14:14.288][14][debug][lua] [source/extensions/filters/common/lua/lua.cc:23] script log: completed GET /bookings/bk-83143 status=200
[2026-10-05 07:14:14.288][14][debug][lua] [source/extensions/filters/common/lua/lua.cc:67] coroutine finished
[2026-10-05 07:14:14.288][14][debug][http] [source/common/http/conn_manager_impl.cc:1948] [Tags: "ConnectionId":"5507","StreamId":"10156988638865015625"] encoding headers via codec (end_stream=false):
':status', '200'
'content-type', 'application/json'
'date', 'Mon, 05 Oct 2026 07:14:14 GMT'
'content-length', '31'
'x-envoy-upstream-service-time', '0'
'server', 'envoy'

[2026-10-05 07:14:14.288][14][debug][client] [source/common/http/codec_client.cc:137] [Tags: "ConnectionId":"11"] response complete
[2026-10-05 07:14:14.288][14][debug][router] [source/common/router/router.cc:1153] Executing cleanup(): resetting retry_state_ and disabling timers
[2026-10-05 07:14:14.288][14][debug][http] [source/common/http/conn_manager_impl.cc:2063] [Tags: "ConnectionId":"5507","StreamId":"10156988638865015625"] Codec completed encoding stream.
[2026-10-05 07:14:14.288][14][debug][router] [source/common/router/router.cc:1153] Executing cleanup(): resetting retry_state_ and disabling timers
[2026-10-05 07:14:14.288][14][debug][pool] [source/common/http/http1/conn_pool.cc:61] [Tags: "ConnectionId":"11"] response complete
[2026-10-05 07:14:14.288][14][debug][pool] [source/common/conn_pool/conn_pool_base.cc:282] [Tags: "ConnectionId":"11"] destroying stream: 0 active remaining, readyForStream false, currentUnusedCapacity 1
[2026-10-05 07:14:14.289][14][debug][http] [source/common/http/conn_manager_impl.cc:394] [Tags: "ConnectionId":"5527"] new stream
[2026-10-05 07:14:14.289][14][debug][http] [source/common/http/conn_manager_impl.cc:1291] [Tags: "ConnectionId":"5527","StreamId":"989041584337262667"] request headers complete (end_stream=false):
':authority', 'envoy:10000'
':path', '/booking'
':method', 'POST'
'user-agent', 'Go-http-client/1.1'
'content-length', '58'
'content-type', 'application/json'

[2026-10-05 07:14:14.289][14][debug][connection] [./source/common/network/connection_impl.h:101] [Tags: "ConnectionId":"5527"] current connecting state: false
[2026-10-05 07:14:14.289][14][info][lua] [source/extensions/filters/common/lua/lua.cc:26] script log: accepted POST /booking
[2026-10-05 07:14:14.289][14][debug][lua] [source/extensions/filters/common/lua/lua.cc:67] coroutine finished
[2026-10-05 07:14:14.289][14][debug][router] [source/common/router/router.cc:537] [Tags: "ConnectionId":"5527","StreamId":"989041584337262667"] cluster 'booking' match for URL '/booking'
[2026-10-05 07:14:14.289][14][debug][router] [source/common/router/router.cc:812] [Tags: "ConnectionId":"5527","StreamId":"989041584337262667"] router decoding headers:
':authority', 'envoy:10000'
':path', '/booking'
':method', 'POST'
':scheme', 'http'
'user-agent', 'Go-http-client/1.1'
'content-length', '58'
'content-type', 'application/json'
'x-forwarded-proto', 'http'
'x-request-id', '09f8cd79-227a-4a03-a227-ac7a9c3e805c'
'x-envoy-expected-rq-timeout-ms', '3000'

[2026-10-05 07:14:14.289][14][debug][pool] [source/common/conn_pool/conn_pool_base.cc:330] [Tags: "ConnectionId":"11"] using existing fully connected connection
[2026-10-05 07:14:14.289][14][debug][pool] [source/common/conn_pool/conn_pool_base.cc:247] [Tags: "ConnectionId":"11"] creating stream
[2026-10-05 07:14:14.289][14][debug][router] [source/common/router/upstream_request.cc:606] [Tags: "ConnectionId":"5527","StreamId":"989041584337262667"] pool ready
[2026-10-05 07:14:14.289][14][debug][router] [source/common/router/router.cc:993] [Tags: "ConnectionId":"5527","StreamId":"989041584337262667"] router decoding data: 58
[2026-10-05 07:14:14.289][14][debug][http] [source/common/http/conn_manager_impl.cc:1274] [Tags: "ConnectionId":"5527","StreamId":"989041584337262667"] request end stream timestamp recorded
[2026-10-05 07:14:14.289][14][debug][router] [source/common/router/router.cc:993] [Tags: "ConnectionId":"5527","StreamId":"989041584337262667"] router decoding data: 0
[2026-10-05 07:14:14.289][14][debug][client] [source/common/http/codec_client.cc:150] [Tags: "ConnectionId":"11"] encode complete
[2026-10-05 07:14:14.289][14][debug][router] [source/common/router/router.cc:1700] [Tags: "ConnectionId":"5470","StreamId":"16296555593726623747"] upstream headers complete: end_stream=false
[2026-10-05 07:14:14.289][14][debug][lua] [source/extensions/filters/common/lua/lua.cc:23] script log: completed GET /payments/pay-70849 status=200
[2026-10-05 07:14:14.289][14][debug][lua] [source/extensions/filters/common/lua/lua.cc:67] coroutine finished
[2026-10-05 07:14:14.289][14][debug][http] [source/common/http/conn_manager_impl.cc:1948] [Tags: "ConnectionId":"5470","StreamId":"16296555593726623747"] encoding headers via codec (end_stream=false):
':status', '200'
'content-type', 'application/json'
'date', 'Mon, 05 Oct 2026 07:14:14 GMT'
'content-length', '32'
'x-envoy-upstream-service-time', '0'
'server', 'envoy'

[2026-10-05 07:14:14.289][14][debug][client] [source/common/http/codec_client.cc:137] [Tags: "ConnectionId":"6"] response complete
[2026-10-05 07:14:14.289][14][debug][router] [source/common/router/router.cc:1153] Executing cleanup(): resetting retry_state_ and disabling timers
[2026-10-05 07:14:14.289][14][debug][http] [source/common/http/conn_manager_impl.cc:2063] [Tags: "ConnectionId":"5470","StreamId":"16296555593726623747"] Codec completed encoding stream.
[2026-10-05 07:14:14.289][14][debug][router] [source/common/router/router.cc:1153] Executing cleanup(): resetting retry_state_ and disabling timers
[2026-10-05 07:14:14.289][14][debug][pool] [source/common/http/http1/conn_pool.cc:61] [Tags: "ConnectionId":"6"] response complete
[2026-10-05 07:14:14.289][14][debug][pool] [source/common/conn_pool/conn_pool_base.cc:282] [Tags: "ConnectionId":"6"] destroying stream: 0 active remaining, readyForStream false, currentUnusedCapacity 1
[2026-10-05 07:14:14.289][14][debug][router] [source/common/router/router.cc:1700] [Tags: "ConnectionId":"5527","StreamId":"989041584337262667"] upstream headers complete: end_stream=false
[2026-10-05 07:14:14.289][14][debug][lua] [source/extensions/filters/http/lua/lua_filter.cc:569] yielding for full body
[2026-10-05 07:14:14.289][14][debug][lua] [source/extensions/filters/common/lua/lua.cc:70] coroutine yielded
[2026-10-05 07:14:14.289][14][debug][client] [source/common/http/codec_client.cc:137] [Tags: "ConnectionId":"11"] response complete
[2026-10-05 07:14:14.289][14][debug][router] [source/common/router/router.cc:1153] Executing cleanup(): resetting retry_state_ and disabling timers
[2026-10-05 07:14:14.289][14][debug][lua] [source/extensions/filters/http/lua/lua_filter.cc:280] resuming body due to end stream
[2026-10-05 07:14:14.289][14][error][lua] [source/extensions/filters/common/lua/lua.cc:32] script log: POST /booking status=500 reason=booking upstream timed out
reason: booking upstream timed out
goroutine 21 [running]:
runtime/debug.Stack()
	runtime/debug/stack.go:26 +0x64
main.(*handler).fail(0x717f2fa262c0, {0x2e9060, 0x717f2faf6f00}, {0x717f2fa437e8, 0x4}, {0x717f2fa437ed, 0x8})
	envoy-log-generator/cmd/backend/main.go:169 +0x4c
main.(*handler).ServeHTTP(0x717f2fa262c0, {0x2e9060, 0x717f2faf6f00}, 0x717f2faefcc0)
	envoy-log-generator/cmd/backend/main.go:111 +0x690
net/http.serverHandler.ServeHTTP({0x2e7ed0?}, {0x2e9060?, 0x717f2faf6f00?}, 0x1?)
	net/http/server.go:3311 +0xb0
net/http.(*conn).serve(0x717f2fa54240, {0x2e96d0, 0x717f2fa13ad0})
	net/http/server.go:2067 +0x55c
created by net/http.(*Server).Serve in goroutine 1
	net/http/server.go:3464 +0x37c
[2026-10-05 07:14:14.289][14][debug][lua] [source/extensions/filters/common/lua/lua.cc:67] coroutine finished
[2026-10-05 07:14:14.289][14][debug][http] [source/common/http/conn_manager_impl.cc:1948] [Tags: "ConnectionId":"5527","StreamId":"989041584337262667"] encoding headers via codec (end_stream=false):
':status', '500'
'content-type', 'text/plain; charset=utf-8'
'date', 'Mon, 05 Oct 2026 07:14:14 GMT'
'content-length', '708'
'x-envoy-upstream-service-time', '0'
'server', 'envoy'

[2026-10-05 07:14:14.289][14][debug][http] [source/common/http/conn_manager_impl.cc:2063] [Tags: "ConnectionId":"5527","StreamId":"989041584337262667"] Codec completed encoding stream.
[2026-10-05 07:14:14.289][14][debug][router] [source/common/router/router.cc:1153] Executing cleanup(): resetting retry_state_ and disabling timers
[2026-10-05 07:14:14.289][14][debug][pool] [source/common/http/http1/conn_pool.cc:61] [Tags: "ConnectionId":"11"] response complete
[2026-10-05 07:14:14.289][14][debug][pool] [source/common/conn_pool/conn_pool_base.cc:282] [Tags: "ConnectionId":"11"] destroying stream: 0 active remaining, readyForStream false, currentUnusedCapacity 1
[2026-10-05 07:14:14.289][14][debug][http] [source/common/http/conn_manager_impl.cc:394] [Tags: "ConnectionId":"5470"] new stream
[2026-10-05 07:14:14.289][14][debug][http] [source/common/http/conn_manager_impl.cc:1291] [Tags: "ConnectionId":"5470","StreamId":"2758415278512646121"] request headers complete (end_stream=false):
':authority', 'envoy:10000'
':path', '/foods/data'
':method', 'POST'
'user-agent', 'Go-http-client/1.1'
'content-length', '26'
'content-type', 'application/json'

[2026-10-05 07:14:14.289][14][debug][connection] [./source/common/network/connection_impl.h:101] [Tags: "ConnectionId":"5470"] current connecting state: false
[2026-10-05 07:14:14.289][14][info][lua] [source/extensions/filters/common/lua/lua.cc:26] script log: accepted POST /foods/data
[2026-10-05 07:14:14.289][14][debug][lua] [source/extensions/filters/common/lua/lua.cc:67] coroutine finished
[2026-10-05 07:14:14.289][14][debug][router] [source/common/router/router.cc:537] [Tags: "ConnectionId":"5470","StreamId":"2758415278512646121"] cluster 'foods' match for URL '/foods/data'
[2026-10-05 07:14:14.289][14][debug][router] [source/common/router/router.cc:812] [Tags: "ConnectionId":"5470","StreamId":"2758415278512646121"] router decoding headers:
':authority', 'envoy:10000'
':path', '/foods/data'
':method', 'POST'
':scheme', 'http'
'user-agent', 'Go-http-client/1.1'
'content-length', '26'
'content-type', 'application/json'
'x-forwarded-proto', 'http'
'x-request-id', '2b4fdc06-eafc-443c-a83d-03b715c04a71'
'x-envoy-expected-rq-timeout-ms', '3000'

[2026-10-05 07:14:14.289][14][debug][pool] [source/common/conn_pool/conn_pool_base.cc:330] [Tags: "ConnectionId":"1751"] using existing fully connected connection
[2026-10-05 07:14:14.289][14][debug][pool] [source/common/conn_pool/conn_pool_base.cc:247] [Tags: "ConnectionId":"1751"] creating stream
[2026-10-05 07:14:14.289][14][debug][router] [source/common/router/upstream_request.cc:606] [Tags: "ConnectionId":"5470","StreamId":"2758415278512646121"] pool ready
[2026-10-05 07:14:14.289][14][debug][router] [source/common/router/router.cc:993] [Tags: "ConnectionId":"5470","StreamId":"2758415278512646121"] router decoding data: 26
[2026-10-05 07:14:14.289][14][debug][http] [source/common/http/conn_manager_impl.cc:1274] [Tags: "ConnectionId":"5470","StreamId":"2758415278512646121"] request end stream timestamp recorded
[2026-10-05 07:14:14.289][14][debug][router] [source/common/router/router.cc:993] [Tags: "ConnectionId":"5470","StreamId":"2758415278512646121"] router decoding data: 0
[2026-10-05 07:14:14.289][14][debug][client] [source/common/http/codec_client.cc:150] [Tags: "ConnectionId":"1751"] encode complete
[2026-10-05 07:14:14.289][14][debug][http] [source/common/http/conn_manager_impl.cc:394] [Tags: "ConnectionId":"5526"] new stream
[2026-10-05 07:14:14.289][14][debug][http] [source/common/http/conn_manager_impl.cc:1291] [Tags: "ConnectionId":"5526","StreamId":"17775264155186028183"] request headers complete (end_stream=false):
':authority', 'envoy:10000'
':path', '/foods/data'
':method', 'POST'
'user-agent', 'Go-http-client/1.1'
'content-length', '22'
'content-type', 'application/json'

[2026-10-05 07:14:14.289][14][debug][connection] [./source/common/network/connection_impl.h:101] [Tags: "ConnectionId":"5526"] current connecting state: false
[2026-10-05 07:14:14.289][14][info][lua] [source/extensions/filters/common/lua/lua.cc:26] script log: accepted POST /foods/data
[2026-10-05 07:14:14.289][14][debug][lua] [source/extensions/filters/common/lua/lua.cc:67] coroutine finished
[2026-10-05 07:14:14.289][14][debug][router] [source/common/router/router.cc:537] [Tags: "ConnectionId":"5526","StreamId":"17775264155186028183"] cluster 'foods' match for URL '/foods/data'
[2026-10-05 07:14:14.289][14][debug][router] [source/common/router/router.cc:812] [Tags: "ConnectionId":"5526","StreamId":"17775264155186028183"] router decoding headers:
':authority', 'envoy:10000'
':path', '/foods/data'
':method', 'POST'
':scheme', 'http'
'user-agent', 'Go-http-client/1.1'
'content-length', '22'
'content-type', 'application/json'
'x-forwarded-proto', 'http'
'x-request-id', '7e5cc418-46f8-4fba-ad01-d2488f9f023a'
'x-envoy-expected-rq-timeout-ms', '3000'

[2026-10-05 07:14:14.289][14][debug][pool] [source/common/conn_pool/conn_pool_base.cc:330] [Tags: "ConnectionId":"1750"] using existing fully connected connection
[2026-10-05 07:14:14.289][14][debug][pool] [source/common/conn_pool/conn_pool_base.cc:247] [Tags: "ConnectionId":"1750"] creating stream
[2026-10-05 07:14:14.289][14][debug][router] [source/common/router/upstream_request.cc:606] [Tags: "ConnectionId":"5526","StreamId":"17775264155186028183"] pool ready
[2026-10-05 07:14:14.289][14][debug][router] [source/common/router/router.cc:993] [Tags: "ConnectionId":"5526","StreamId":"17775264155186028183"] router decoding data: 22
[2026-10-05 07:14:14.289][14][debug][http] [source/common/http/conn_manager_impl.cc:1274] [Tags: "ConnectionId":"5526","StreamId":"17775264155186028183"] request end stream timestamp recorded
[2026-10-05 07:14:14.289][14][debug][router] [source/common/router/router.cc:993] [Tags: "ConnectionId":"5526","StreamId":"17775264155186028183"] router decoding data: 0
[2026-10-05 07:14:14.289][14][debug][client] [source/common/http/codec_client.cc:150] [Tags: "ConnectionId":"1750"] encode complete
[2026-10-05 07:14:14.289][14][debug][http] [source/common/http/conn_manager_impl.cc:394] [Tags: "ConnectionId":"5525"] new stream
[2026-10-05 07:14:14.289][14][debug][http] [source/common/http/conn_manager_impl.cc:1291] [Tags: "ConnectionId":"5525","StreamId":"16722857515395616966"] request headers complete (end_stream=false):
':authority', 'envoy:10000'
':path', '/order/ord-27816'
':method', 'PUT'
'user-agent', 'Go-http-client/1.1'
'content-length', '20'
'content-type', 'application/json'

[2026-10-05 07:14:14.289][14][debug][connection] [./source/common/network/connection_impl.h:101] [Tags: "ConnectionId":"5525"] current connecting state: false
[2026-10-05 07:14:14.289][14][info][lua] [source/extensions/filters/common/lua/lua.cc:26] script log: accepted PUT /order/ord-27816
[2026-10-05 07:14:14.289][14][debug][lua] [source/extensions/filters/common/lua/lua.cc:67] coroutine finished
[2026-10-05 07:14:14.289][14][debug][router] [source/common/router/router.cc:537] [Tags: "ConnectionId":"5525","StreamId":"16722857515395616966"] cluster 'orders' match for URL '/order/ord-27816'
[2026-10-05 07:14:14.289][14][debug][router] [source/common/router/router.cc:812] [Tags: "ConnectionId":"5525","StreamId":"16722857515395616966"] router decoding headers:
':authority', 'envoy:10000'
':path', '/order/ord-27816'
':method', 'PUT'
':scheme', 'http'
'user-agent', 'Go-http-client/1.1'
'content-length', '20'
'content-type', 'application/json'
'x-forwarded-proto', 'http'
'x-request-id', 'e008186e-f16b-424e-870c-339e276b76d4'
'x-envoy-expected-rq-timeout-ms', '3000'

[2026-10-05 07:14:14.289][14][debug][pool] [source/common/conn_pool/conn_pool_base.cc:330] [Tags: "ConnectionId":"1746"] using existing fully connected connection
[2026-10-05 07:14:14.289][14][debug][pool] [source/common/conn_pool/conn_pool_base.cc:247] [Tags: "ConnectionId":"1746"] creating stream
[2026-10-05 07:14:14.289][14][debug][router] [source/common/router/upstream_request.cc:606] [Tags: "ConnectionId":"5525","StreamId":"16722857515395616966"] pool ready
[2026-10-05 07:14:14.289][14][debug][router] [source/common/router/router.cc:993] [Tags: "ConnectionId":"5525","StreamId":"16722857515395616966"] router decoding data: 20
[2026-10-05 07:14:14.289][14][debug][http] [source/common/http/conn_manager_impl.cc:1274] [Tags: "ConnectionId":"5525","StreamId":"16722857515395616966"] request end stream timestamp recorded
[2026-10-05 07:14:14.289][14][debug][router] [source/common/router/router.cc:993] [Tags: "ConnectionId":"5525","StreamId":"16722857515395616966"] router decoding data: 0
[2026-10-05 07:14:14.289][14][debug][client] [source/common/http/codec_client.cc:150] [Tags: "ConnectionId":"1746"] encode complete
[2026-10-05 07:14:14.289][14][debug][http] [source/common/http/conn_manager_impl.cc:394] [Tags: "ConnectionId":"5507"] new stream
[2026-10-05 07:14:14.289][14][debug][http] [source/common/http/conn_manager_impl.cc:1291] [Tags: "ConnectionId":"5507","StreamId":"6037580681018256031"] request headers complete (end_stream=true):
':authority', 'envoy:10000'
':path', '/bookings'
':method', 'OPTIONS'
'user-agent', 'Go-http-client/1.1'

[2026-10-05 07:14:14.289][14][debug][http] [source/common/http/conn_manager_impl.cc:1274] [Tags: "ConnectionId":"5507","StreamId":"6037580681018256031"] request end stream timestamp recorded
[2026-10-05 07:14:14.289][14][debug][connection] [./source/common/network/connection_impl.h:101] [Tags: "ConnectionId":"5507"] current connecting state: false
[2026-10-05 07:14:14.289][14][info][lua] [source/extensions/filters/common/lua/lua.cc:26] script log: accepted OPTIONS /bookings
[2026-10-05 07:14:14.289][14][debug][lua] [source/extensions/filters/common/lua/lua.cc:67] coroutine finished
[2026-10-05 07:14:14.289][14][debug][router] [source/common/router/router.cc:537] [Tags: "ConnectionId":"5507","StreamId":"6037580681018256031"] cluster 'booking' match for URL '/bookings'
[2026-10-05 07:14:14.289][14][debug][router] [source/common/router/router.cc:812] [Tags: "ConnectionId":"5507","StreamId":"6037580681018256031"] router decoding headers:
':authority', 'envoy:10000'
':path', '/bookings'
':method', 'OPTIONS'
':scheme', 'http'
'user-agent', 'Go-http-client/1.1'
'x-forwarded-proto', 'http'
'x-request-id', 'a3a718ce-2b3e-4b04-8dd3-f99b828dc25d'
'x-envoy-expected-rq-timeout-ms', '3000'

[2026-10-05 07:14:14.289][14][debug][pool] [source/common/conn_pool/conn_pool_base.cc:330] [Tags: "ConnectionId":"11"] using existing fully connected connection
[2026-10-05 07:14:14.289][14][debug][pool] [source/common/conn_pool/conn_pool_base.cc:247] [Tags: "ConnectionId":"11"] creating stream
[2026-10-05 07:14:14.289][14][debug][router] [source/common/router/upstream_request.cc:606] [Tags: "ConnectionId":"5507","StreamId":"6037580681018256031"] pool ready
[2026-10-05 07:14:14.289][14][debug][client] [source/common/http/codec_client.cc:150] [Tags: "ConnectionId":"11"] encode complete
[2026-10-05 07:14:14.289][14][debug][http] [source/common/http/conn_manager_impl.cc:394] [Tags: "ConnectionId":"5496"] new stream
[2026-10-05 07:14:14.289][14][debug][http] [source/common/http/conn_manager_impl.cc:1291] [Tags: "ConnectionId":"5496","StreamId":"4368425564986627786"] request headers complete (end_stream=false):
':authority', 'envoy:10000'
':path', '/payments'
':method', 'POST'
'user-agent', 'Go-http-client/1.1'
'content-length', '56'
'content-type', 'application/json'

[2026-10-05 07:14:14.289][14][debug][connection] [./source/common/network/connection_impl.h:101] [Tags: "ConnectionId":"5496"] current connecting state: false
[2026-10-05 07:14:14.289][14][info][lua] [source/extensions/filters/common/lua/lua.cc:26] script log: accepted POST /payments
[2026-10-05 07:14:14.289][14][debug][lua] [source/extensions/filters/common/lua/lua.cc:67] coroutine finished
[2026-10-05 07:14:14.289][14][debug][router] [source/common/router/router.cc:537] [Tags: "ConnectionId":"5496","StreamId":"4368425564986627786"] cluster 'payments' match for URL '/payments'
[2026-10-05 07:14:14.289][14][debug][router] [source/common/router/router.cc:812] [Tags: "ConnectionId":"5496","StreamId":"4368425564986627786"] router decoding headers:
':authority', 'envoy:10000'
':path', '/payments'
':method', 'POST'
':scheme', 'http'
'user-agent', 'Go-http-client/1.1'
'content-length', '56'
'content-type', 'application/json'
'x-forwarded-proto', 'http'
'x-request-id', '5bceaa7c-5d9e-438d-9ca0-ee6900d68e82'
'x-envoy-expected-rq-timeout-ms', '3000'

[2026-10-05 07:14:14.289][14][debug][pool] [source/common/conn_pool/conn_pool_base.cc:330] [Tags: "ConnectionId":"6"] using existing fully connected connection
[2026-10-05 07:14:14.289][14][debug][pool] [source/common/conn_pool/conn_pool_base.cc:247] [Tags: "ConnectionId":"6"] creating stream
[2026-10-05 07:14:14.289][14][debug][router] [source/common/router/upstream_request.cc:606] [Tags: "ConnectionId":"5496","StreamId":"4368425564986627786"] pool ready
[2026-10-05 07:14:14.289][14][debug][router] [source/common/router/router.cc:993] [Tags: "ConnectionId":"5496","StreamId":"4368425564986627786"] router decoding data: 56
[2026-10-05 07:14:14.289][14][debug][http] [source/common/http/conn_manager_impl.cc:1274] [Tags: "ConnectionId":"5496","StreamId":"4368425564986627786"] request end stream timestamp recorded
[2026-10-05 07:14:14.289][14][debug][router] [source/common/router/router.cc:993] [Tags: "ConnectionId":"5496","StreamId":"4368425564986627786"] router decoding data: 0
[2026-10-05 07:14:14.289][14][debug][client] [source/common/http/codec_client.cc:150] [Tags: "ConnectionId":"6"] encode complete
[2026-10-05 07:14:14.290][14][debug][http] [source/common/http/conn_manager_impl.cc:394] [Tags: "ConnectionId":"5530"] new stream
[2026-10-05 07:14:14.290][14][debug][http] [source/common/http/conn_manager_impl.cc:1291] [Tags: "ConnectionId":"5530","StreamId":"10507994771974696772"] request headers complete (end_stream=true):
':authority', 'envoy:10000'
':path', '/users/usr-86902'
':method', 'GET'
'user-agent', 'Go-http-client/1.1'

[2026-10-05 07:14:14.290][14][debug][http] [source/common/http/conn_manager_impl.cc:1274] [Tags: "ConnectionId":"5530","StreamId":"10507994771974696772"] request end stream timestamp recorded
[2026-10-05 07:14:14.290][14][debug][connection] [./source/common/network/connection_impl.h:101] [Tags: "ConnectionId":"5530"] current connecting state: false
[2026-10-05 07:14:14.290][14][info][lua] [source/extensions/filters/common/lua/lua.cc:26] script log: accepted GET /users/usr-86902
[2026-10-05 07:14:14.290][14][debug][lua] [source/extensions/filters/common/lua/lua.cc:67] coroutine finished
[2026-10-05 07:14:14.290][14][debug][router] [source/common/router/router.cc:537] [Tags: "ConnectionId":"5530","StreamId":"10507994771974696772"] cluster 'users' match for URL '/users/usr-86902'
[2026-10-05 07:14:14.290][14][debug][router] [source/common/router/router.cc:812] [Tags: "ConnectionId":"5530","StreamId":"10507994771974696772"] router decoding headers:
':authority', 'envoy:10000'
':path', '/users/usr-86902'
':method', 'GET'
':scheme', 'http'
'user-agent', 'Go-http-client/1.1'
'x-forwarded-proto', 'http'
'x-request-id', 'b7167f59-9f21-4783-81e6-1ede98e5590f'
'x-envoy-expected-rq-timeout-ms', '3000'

[2026-10-05 07:14:14.290][14][debug][pool] [source/common/conn_pool/conn_pool_base.cc:330] [Tags: "ConnectionId":"23"] using existing fully connected connection
[2026-10-05 07:14:14.290][14][debug][pool] [source/common/conn_pool/conn_pool_base.cc:247] [Tags: "ConnectionId":"23"] creating stream
[2026-10-05 07:14:14.290][14][debug][router] [source/common/router/upstream_request.cc:606] [Tags: "ConnectionId":"5530","StreamId":"10507994771974696772"] pool ready
[2026-10-05 07:14:14.290][14][debug][client] [source/common/http/codec_client.cc:150] [Tags: "ConnectionId":"23"] encode complete
[2026-10-05 07:14:14.290][14][debug][router] [source/common/router/router.cc:1700] [Tags: "ConnectionId":"5470","StreamId":"2758415278512646121"] upstream headers complete: end_stream=false
[2026-10-05 07:14:14.290][14][debug][lua] [source/extensions/filters/common/lua/lua.cc:23] script log: completed POST /foods/data status=200
[2026-10-05 07:14:14.290][14][debug][lua] [source/extensions/filters/common/lua/lua.cc:67] coroutine finished
[2026-10-05 07:14:14.290][14][debug][http] [source/common/http/conn_manager_impl.cc:1948] [Tags: "ConnectionId":"5470","StreamId":"2758415278512646121"] encoding headers via codec (end_stream=false):
':status', '200'
'content-type', 'application/json'
'date', 'Mon, 05 Oct 2026 07:14:14 GMT'
'content-length', '15'
'x-envoy-upstream-service-time', '0'
'server', 'envoy'

[2026-10-05 07:14:14.290][14][debug][client] [source/common/http/codec_client.cc:137] [Tags: "ConnectionId":"1751"] response complete
[2026-10-05 07:14:14.290][14][debug][router] [source/common/router/router.cc:1153] Executing cleanup(): resetting retry_state_ and disabling timers
[2026-10-05 07:14:14.290][14][debug][http] [source/common/http/conn_manager_impl.cc:2063] [Tags: "ConnectionId":"5470","StreamId":"2758415278512646121"] Codec completed encoding stream.
[2026-10-05 07:14:14.290][14][debug][router] [source/common/router/router.cc:1153] Executing cleanup(): resetting retry_state_ and disabling timers
[2026-10-05 07:14:14.290][14][debug][pool] [source/common/http/http1/conn_pool.cc:61] [Tags: "ConnectionId":"1751"] response complete
[2026-10-05 07:14:14.290][14][debug][pool] [source/common/conn_pool/conn_pool_base.cc:282] [Tags: "ConnectionId":"1751"] destroying stream: 0 active remaining, readyForStream false, currentUnusedCapacity 1
[2026-10-05 07:14:14.290][14][debug][router] [source/common/router/router.cc:1700] [Tags: "ConnectionId":"5525","StreamId":"16722857515395616966"] upstream headers complete: end_stream=false
[2026-10-05 07:14:14.290][14][debug][lua] [source/extensions/filters/common/lua/lua.cc:23] script log: completed PUT /order/ord-27816 status=200
[2026-10-05 07:14:14.290][14][debug][lua] [source/extensions/filters/common/lua/lua.cc:67] coroutine finished
[2026-10-05 07:14:14.290][14][debug][http] [source/common/http/conn_manager_impl.cc:1948] [Tags: "ConnectionId":"5525","StreamId":"16722857515395616966"] encoding headers via codec (end_stream=false):
':status', '200'
'content-type', 'application/json'
'date', 'Mon, 05 Oct 2026 07:14:14 GMT'
'content-length', '37'
'x-envoy-upstream-service-time', '0'
'server', 'envoy'

[2026-10-05 07:14:14.290][14][debug][client] [source/common/http/codec_client.cc:137] [Tags: "ConnectionId":"1746"] response complete
[2026-10-05 07:14:14.290][14][debug][router] [source/common/router/router.cc:1153] Executing cleanup(): resetting retry_state_ and disabling timers
[2026-10-05 07:14:14.290][14][debug][http] [source/common/http/conn_manager_impl.cc:2063] [Tags: "ConnectionId":"5525","StreamId":"16722857515395616966"] Codec completed encoding stream.
[2026-10-05 07:14:14.290][14][debug][router] [source/common/router/router.cc:1153] Executing cleanup(): resetting retry_state_ and disabling timers
[2026-10-05 07:14:14.290][14][debug][pool] [source/common/http/http1/conn_pool.cc:61] [Tags: "ConnectionId":"1746"] response complete
[2026-10-05 07:14:14.290][14][debug][pool] [source/common/conn_pool/conn_pool_base.cc:282] [Tags: "ConnectionId":"1746"] destroying stream: 0 active remaining, readyForStream false, currentUnusedCapacity 1
[2026-10-05 07:14:14.290][14][debug][router] [source/common/router/router.cc:1700] [Tags: "ConnectionId":"5526","StreamId":"17775264155186028183"] upstream headers complete: end_stream=false
[2026-10-05 07:14:14.290][14][debug][lua] [source/extensions/filters/common/lua/lua.cc:23] script log: completed POST /foods/data status=200
[2026-10-05 07:14:14.290][14][debug][lua] [source/extensions/filters/common/lua/lua.cc:67] coroutine finished
[2026-10-05 07:14:14.290][14][debug][http] [source/common/http/conn_manager_impl.cc:1948] [Tags: "ConnectionId":"5526","StreamId":"17775264155186028183"] encoding headers via codec (end_stream=false):
':status', '200'
'content-type', 'application/json'
'date', 'Mon, 05 Oct 2026 07:14:14 GMT'
'content-length', '15'
'x-envoy-upstream-service-time', '0'
'server', 'envoy'

[2026-10-05 07:14:14.290][14][debug][client] [source/common/http/codec_client.cc:137] [Tags: "ConnectionId":"1750"] response complete
[2026-10-05 07:14:14.290][14][debug][router] [source/common/router/router.cc:1153] Executing cleanup(): resetting retry_state_ and disabling timers
[2026-10-05 07:14:14.290][14][debug][http] [source/common/http/conn_manager_impl.cc:2063] [Tags: "ConnectionId":"5526","StreamId":"17775264155186028183"] Codec completed encoding stream.
[2026-10-05 07:14:14.290][14][debug][router] [source/common/router/router.cc:1153] Executing cleanup(): resetting retry_state_ and disabling timers
[2026-10-05 07:14:14.290][14][debug][pool] [source/common/http/http1/conn_pool.cc:61] [Tags: "ConnectionId":"1750"] response complete
[2026-10-05 07:14:14.290][14][debug][pool] [source/common/conn_pool/conn_pool_base.cc:282] [Tags: "ConnectionId":"1750"] destroying stream: 0 active remaining, readyForStream false, currentUnusedCapacity 1
[2026-10-05 07:14:14.290][14][debug][client] [source/common/http/codec_client.cc:137] [Tags: "ConnectionId":"11"] response complete
[2026-10-05 07:14:14.290][14][debug][router] [source/common/router/router.cc:1700] [Tags: "ConnectionId":"5507","StreamId":"6037580681018256031"] upstream headers complete: end_stream=true
[2026-10-05 07:14:14.290][14][debug][router] [source/common/router/router.cc:1153] Executing cleanup(): resetting retry_state_ and disabling timers
[2026-10-05 07:14:14.290][14][debug][lua] [source/extensions/filters/common/lua/lua.cc:23] script log: completed OPTIONS /bookings status=204
[2026-10-05 07:14:14.290][14][debug][lua] [source/extensions/filters/common/lua/lua.cc:67] coroutine finished
[2026-10-05 07:14:14.290][14][debug][http] [source/common/http/conn_manager_impl.cc:1948] [Tags: "ConnectionId":"5507","StreamId":"6037580681018256031"] encoding headers via codec (end_stream=true):
':status', '204'
'access-control-allow-methods', 'GET, OPTIONS'
'allow', 'GET, OPTIONS'
'date', 'Mon, 05 Oct 2026 07:14:14 GMT'
'x-envoy-upstream-service-time', '0'
'server', 'envoy'

[2026-10-05 07:14:14.290][14][debug][http] [source/common/http/conn_manager_impl.cc:2063] [Tags: "ConnectionId":"5507","StreamId":"6037580681018256031"] Codec completed encoding stream.
[2026-10-05 07:14:14.290][14][debug][router] [source/common/router/router.cc:1153] Executing cleanup(): resetting retry_state_ and disabling timers
[2026-10-05 07:14:14.290][14][debug][pool] [source/common/http/http1/conn_pool.cc:61] [Tags: "ConnectionId":"11"] response complete
[2026-10-05 07:14:14.290][14][debug][pool] [source/common/conn_pool/conn_pool_base.cc:282] [Tags: "ConnectionId":"11"] destroying stream: 0 active remaining, readyForStream false, currentUnusedCapacity 1
[2026-10-05 07:14:14.290][14][debug][router] [source/common/router/router.cc:1700] [Tags: "ConnectionId":"5496","StreamId":"4368425564986627786"] upstream headers complete: end_stream=false
[2026-10-05 07:14:14.290][14][debug][lua] [source/extensions/filters/common/lua/lua.cc:23] script log: completed POST /payments status=200
[2026-10-05 07:14:14.290][14][debug][lua] [source/extensions/filters/common/lua/lua.cc:67] coroutine finished
[2026-10-05 07:14:14.290][14][debug][http] [source/common/http/conn_manager_impl.cc:1948] [Tags: "ConnectionId":"5496","StreamId":"4368425564986627786"] encoding headers via codec (end_stream=false):
':status', '200'
'content-type', 'application/json'
'date', 'Mon, 05 Oct 2026 07:14:14 GMT'
'content-length', '15'
'x-envoy-upstream-service-time', '0'
'server', 'envoy'

[2026-10-05 07:14:14.290][14][debug][client] [source/common/http/codec_client.cc:137] [Tags: "ConnectionId":"6"] response complete
[2026-10-05 07:14:14.290][14][debug][router] [source/common/router/router.cc:1153] Executing cleanup(): resetting retry_state_ and disabling timers
[2026-10-05 07:14:14.290][14][debug][http] [source/common/http/conn_manager_impl.cc:2063] [Tags: "ConnectionId":"5496","StreamId":"4368425564986627786"] Codec completed encoding stream.
[2026-10-05 07:14:14.290][14][debug][router] [source/common/router/router.cc:1153] Executing cleanup(): resetting retry_state_ and disabling timers
[2026-10-05 07:14:14.290][14][debug][pool] [source/common/http/http1/conn_pool.cc:61] [Tags: "ConnectionId":"6"] response complete
[2026-10-05 07:14:14.290][14][debug][pool] [source/common/conn_pool/conn_pool_base.cc:282] [Tags: "ConnectionId":"6"] destroying stream: 0 active remaining, readyForStream false, currentUnusedCapacity 1
[2026-10-05 07:14:14.290][14][debug][router] [source/common/router/router.cc:1700] [Tags: "ConnectionId":"5530","StreamId":"10507994771974696772"] upstream headers complete: end_stream=false
[2026-10-05 07:14:14.290][14][debug][lua] [source/extensions/filters/common/lua/lua.cc:23] script log: completed GET /users/usr-86902 status=200
[2026-10-05 07:14:14.290][14][debug][lua] [source/extensions/filters/common/lua/lua.cc:67] coroutine finished
[2026-10-05 07:14:14.290][14][debug][http] [source/common/http/conn_manager_impl.cc:1948] [Tags: "ConnectionId":"5530","StreamId":"10507994771974696772"] encoding headers via codec (end_stream=false):
':status', '200'
'content-type', 'application/json'
'date', 'Mon, 05 Oct 2026 07:14:14 GMT'
'content-length', '32'
'x-envoy-upstream-service-time', '0'
'server', 'envoy'

[2026-10-05 07:14:14.290][14][debug][client] [source/common/http/codec_client.cc:137] [Tags: "ConnectionId":"23"] response complete
[2026-10-05 07:14:14.290][14][debug][router] [source/common/router/router.cc:1153] Executing cleanup(): resetting retry_state_ and disabling timers
[2026-10-05 07:14:14.290][14][debug][http] [source/common/http/conn_manager_impl.cc:2063] [Tags: "ConnectionId":"5530","StreamId":"10507994771974696772"] Codec completed encoding stream.
[2026-10-05 07:14:14.290][14][debug][router] [source/common/router/router.cc:1153] Executing cleanup(): resetting retry_state_ and disabling timers
[2026-10-05 07:14:14.290][14][debug][pool] [source/common/http/http1/conn_pool.cc:61] [Tags: "ConnectionId":"23"] response complete
[2026-10-05 07:14:14.290][14][debug][pool] [source/common/conn_pool/conn_pool_base.cc:282] [Tags: "ConnectionId":"23"] destroying stream: 0 active remaining, readyForStream false, currentUnusedCapacity 1
[2026-10-05 07:14:14.307][14][debug][http] [source/common/http/conn_manager_impl.cc:394] [Tags: "ConnectionId":"5470"] new stream
[2026-10-05 07:14:14.307][14][debug][http] [source/common/http/conn_manager_impl.cc:1291] [Tags: "ConnectionId":"5470","StreamId":"12165612445761213531"] request headers complete (end_stream=false):
':authority', 'envoy:10000'
':path', '/booking'
':method', 'POST'
'user-agent', 'Go-http-client/1.1'
'content-length', '58'
'content-type', 'application/json'

[2026-10-05 07:14:14.307][14][debug][connection] [./source/common/network/connection_impl.h:101] [Tags: "ConnectionId":"5470"] current connecting state: false
[2026-10-05 07:14:14.307][14][info][lua] [source/extensions/filters/common/lua/lua.cc:26] script log: accepted POST /booking
[2026-10-05 07:14:14.307][14][debug][lua] [source/extensions/filters/common/lua/lua.cc:67] coroutine finished
[2026-10-05 07:14:14.307][14][debug][router] [source/common/router/router.cc:537] [Tags: "ConnectionId":"5470","StreamId":"12165612445761213531"] cluster 'booking' match for URL '/booking'
[2026-10-05 07:14:14.307][14][debug][router] [source/common/router/router.cc:812] [Tags: "ConnectionId":"5470","StreamId":"12165612445761213531"] router decoding headers:
':authority', 'envoy:10000'
':path', '/booking'
':method', 'POST'
':scheme', 'http'
'user-agent', 'Go-http-client/1.1'
'content-length', '58'
'content-type', 'application/json'
'x-forwarded-proto', 'http'
'x-request-id', '52db0982-6c41-4b96-a499-27fd5e3077ab'
'x-envoy-expected-rq-timeout-ms', '3000'

[2026-10-05 07:14:14.307][14][debug][pool] [source/common/conn_pool/conn_pool_base.cc:330] [Tags: "ConnectionId":"11"] using existing fully connected connection
[2026-10-05 07:14:14.307][14][debug][pool] [source/common/conn_pool/conn_pool_base.cc:247] [Tags: "ConnectionId":"11"] creating stream
[2026-10-05 07:14:14.307][14][debug][router] [source/common/router/upstream_request.cc:606] [Tags: "ConnectionId":"5470","StreamId":"12165612445761213531"] pool ready
[2026-10-05 07:14:14.307][14][debug][router] [source/common/router/router.cc:993] [Tags: "ConnectionId":"5470","StreamId":"12165612445761213531"] router decoding data: 58
[2026-10-05 07:14:14.307][14][debug][http] [source/common/http/conn_manager_impl.cc:1274] [Tags: "ConnectionId":"5470","StreamId":"12165612445761213531"] request end stream timestamp recorded
[2026-10-05 07:14:14.307][14][debug][router] [source/common/router/router.cc:993] [Tags: "ConnectionId":"5470","StreamId":"12165612445761213531"] router decoding data: 0
[2026-10-05 07:14:14.307][14][debug][client] [source/common/http/codec_client.cc:150] [Tags: "ConnectionId":"11"] encode complete
[2026-10-05 07:14:14.307][14][debug][http] [source/common/http/conn_manager_impl.cc:394] [Tags: "ConnectionId":"5496"] new stream
[2026-10-05 07:14:14.307][14][debug][http] [source/common/http/conn_manager_impl.cc:1291] [Tags: "ConnectionId":"5496","StreamId":"8019125206024938683"] request headers complete (end_stream=false):
':authority', 'envoy:10000'
':path', '/order/ord-54606'
':method', 'PUT'
'user-agent', 'Go-http-client/1.1'
'content-length', '20'
'content-type', 'application/json'

[2026-10-05 07:14:14.307][14][debug][connection] [./source/common/network/connection_impl.h:101] [Tags: "ConnectionId":"5496"] current connecting state: false
[2026-10-05 07:14:14.307][14][info][lua] [source/extensions/filters/common/lua/lua.cc:26] script log: accepted PUT /order/ord-54606
[2026-10-05 07:14:14.307][14][debug][lua] [source/extensions/filters/common/lua/lua.cc:67] coroutine finished
[2026-10-05 07:14:14.307][14][debug][router] [source/common/router/router.cc:537] [Tags: "ConnectionId":"5496","StreamId":"8019125206024938683"] cluster 'orders' match for URL '/order/ord-54606'
[2026-10-05 07:14:14.307][14][debug][router] [source/common/router/router.cc:812] [Tags: "ConnectionId":"5496","StreamId":"8019125206024938683"] router decoding headers:
':authority', 'envoy:10000'
':path', '/order/ord-54606'
':method', 'PUT'
':scheme', 'http'
'user-agent', 'Go-http-client/1.1'
'content-length', '20'
'content-type', 'application/json'
'x-forwarded-proto', 'http'
'x-request-id', '8055f445-4bc6-4da9-956c-de2c1fa59ddf'
'x-envoy-expected-rq-timeout-ms', '3000'

[2026-10-05 07:14:14.307][14][debug][pool] [source/common/conn_pool/conn_pool_base.cc:330] [Tags: "ConnectionId":"1746"] using existing fully connected connection
[2026-10-05 07:14:14.307][14][debug][pool] [source/common/conn_pool/conn_pool_base.cc:247] [Tags: "ConnectionId":"1746"] creating stream
[2026-10-05 07:14:14.307][14][debug][router] [source/common/router/upstream_request.cc:606] [Tags: "ConnectionId":"5496","StreamId":"8019125206024938683"] pool ready
[2026-10-05 07:14:14.307][14][debug][router] [source/common/router/router.cc:993] [Tags: "ConnectionId":"5496","StreamId":"8019125206024938683"] router decoding data: 20
[2026-10-05 07:14:14.307][14][debug][http] [source/common/http/conn_manager_impl.cc:1274] [Tags: "ConnectionId":"5496","StreamId":"8019125206024938683"] request end stream timestamp recorded
[2026-10-05 07:14:14.307][14][debug][router] [source/common/router/router.cc:993] [Tags: "ConnectionId":"5496","StreamId":"8019125206024938683"] router decoding data: 0
[2026-10-05 07:14:14.307][14][debug][client] [source/common/http/codec_client.cc:150] [Tags: "ConnectionId":"1746"] encode complete
[2026-10-05 07:14:14.307][14][debug][http] [source/common/http/conn_manager_impl.cc:394] [Tags: "ConnectionId":"5527"] new stream
[2026-10-05 07:14:14.307][14][debug][http] [source/common/http/conn_manager_impl.cc:1291] [Tags: "ConnectionId":"5527","StreamId":"14213021048553912044"] request headers complete (end_stream=true):
':authority', 'envoy:10000'
':path', '/bookings/bk-89130'
':method', 'GET'
'user-agent', 'Go-http-client/1.1'

[2026-10-05 07:14:14.307][14][debug][http] [source/common/http/conn_manager_impl.cc:1274] [Tags: "ConnectionId":"5527","StreamId":"14213021048553912044"] request end stream timestamp recorded
[2026-10-05 07:14:14.307][14][debug][connection] [./source/common/network/connection_impl.h:101] [Tags: "ConnectionId":"5527"] current connecting state: false
[2026-10-05 07:14:14.307][14][info][lua] [source/extensions/filters/common/lua/lua.cc:26] script log: accepted GET /bookings/bk-89130
[2026-10-05 07:14:14.307][14][debug][lua] [source/extensions/filters/common/lua/lua.cc:67] coroutine finished
[2026-10-05 07:14:14.307][14][debug][router] [source/common/router/router.cc:537] [Tags: "ConnectionId":"5527","StreamId":"14213021048553912044"] cluster 'booking' match for URL '/bookings/bk-89130'
[2026-10-05 07:14:14.307][14][debug][router] [source/common/router/router.cc:812] [Tags: "ConnectionId":"5527","StreamId":"14213021048553912044"] router decoding headers:
':authority', 'envoy:10000'
':path', '/bookings/bk-89130'
':method', 'GET'
':scheme', 'http'
'user-agent', 'Go-http-client/1.1'
'x-forwarded-proto', 'http'
'x-request-id', '3d672abf-1ee0-4064-b36d-b0e06bae3a11'
'x-envoy-expected-rq-timeout-ms', '3000'

[2026-10-05 07:14:14.307][14][debug][pool] [source/common/conn_pool/conn_pool_base.cc:330] [Tags: "ConnectionId":"1748"] using existing fully connected connection
[2026-10-05 07:14:14.307][14][debug][pool] [source/common/conn_pool/conn_pool_base.cc:247] [Tags: "ConnectionId":"1748"] creating stream
[2026-10-05 07:14:14.307][14][debug][router] [source/common/router/upstream_request.cc:606] [Tags: "ConnectionId":"5527","StreamId":"14213021048553912044"] pool ready
[2026-10-05 07:14:14.307][14][debug][client] [source/common/http/codec_client.cc:150] [Tags: "ConnectionId":"1748"] encode complete
[2026-10-05 07:14:14.307][14][debug][http] [source/common/http/conn_manager_impl.cc:394] [Tags: "ConnectionId":"5520"] new stream
[2026-10-05 07:14:14.307][14][debug][http] [source/common/http/conn_manager_impl.cc:1291] [Tags: "ConnectionId":"5520","StreamId":"4614671332288668209"] request headers complete (end_stream=true):
':authority', 'envoy:10000'
':path', '/users/usr-56909'
':method', 'GET'
'user-agent', 'Go-http-client/1.1'

[2026-10-05 07:14:14.307][14][debug][http] [source/common/http/conn_manager_impl.cc:1274] [Tags: "ConnectionId":"5520","StreamId":"4614671332288668209"] request end stream timestamp recorded
[2026-10-05 07:14:14.307][14][debug][connection] [./source/common/network/connection_impl.h:101] [Tags: "ConnectionId":"5520"] current connecting state: false
[2026-10-05 07:14:14.307][14][info][lua] [source/extensions/filters/common/lua/lua.cc:26] script log: accepted GET /users/usr-56909
[2026-10-05 07:14:14.307][14][debug][lua] [source/extensions/filters/common/lua/lua.cc:67] coroutine finished
[2026-10-05 07:14:14.307][14][debug][router] [source/common/router/router.cc:537] [Tags: "ConnectionId":"5520","StreamId":"4614671332288668209"] cluster 'users' match for URL '/users/usr-56909'
[2026-10-05 07:14:14.307][14][debug][router] [source/common/router/router.cc:812] [Tags: "ConnectionId":"5520","StreamId":"4614671332288668209"] router decoding headers:
':authority', 'envoy:10000'
':path', '/users/usr-56909'
':method', 'GET'
':scheme', 'http'
'user-agent', 'Go-http-client/1.1'
'x-forwarded-proto', 'http'
'x-request-id', 'c96fbff5-445c-488d-803a-5bc7d8b9469a'
'x-envoy-expected-rq-timeout-ms', '3000'

[2026-10-05 07:14:14.307][14][debug][pool] [source/common/conn_pool/conn_pool_base.cc:330] [Tags: "ConnectionId":"23"] using existing fully connected connection
[2026-10-05 07:14:14.307][14][debug][pool] [source/common/conn_pool/conn_pool_base.cc:247] [Tags: "ConnectionId":"23"] creating stream
[2026-10-05 07:14:14.307][14][debug][router] [source/common/router/upstream_request.cc:606] [Tags: "ConnectionId":"5520","StreamId":"4614671332288668209"] pool ready
[2026-10-05 07:14:14.307][14][debug][client] [source/common/http/codec_client.cc:150] [Tags: "ConnectionId":"23"] encode complete
[2026-10-05 07:14:14.307][14][debug][http] [source/common/http/conn_manager_impl.cc:394] [Tags: "ConnectionId":"5528"] new stream
[2026-10-05 07:14:14.307][14][debug][http] [source/common/http/conn_manager_impl.cc:1291] [Tags: "ConnectionId":"5528","StreamId":"12879962566542602990"] request headers complete (end_stream=true):
':authority', 'envoy:10000'
':path', '/bookings'
':method', 'OPTIONS'
'user-agent', 'Go-http-client/1.1'

[2026-10-05 07:14:14.307][14][debug][http] [source/common/http/conn_manager_impl.cc:1274] [Tags: "ConnectionId":"5528","StreamId":"12879962566542602990"] request end stream timestamp recorded
[2026-10-05 07:14:14.307][14][debug][connection] [./source/common/network/connection_impl.h:101] [Tags: "ConnectionId":"5528"] current connecting state: false
[2026-10-05 07:14:14.307][14][info][lua] [source/extensions/filters/common/lua/lua.cc:26] script log: accepted OPTIONS /bookings
[2026-10-05 07:14:14.307][14][debug][lua] [source/extensions/filters/common/lua/lua.cc:67] coroutine finished
[2026-10-05 07:14:14.307][14][debug][router] [source/common/router/router.cc:537] [Tags: "ConnectionId":"5528","StreamId":"12879962566542602990"] cluster 'booking' match for URL '/bookings'
[2026-10-05 07:14:14.307][14][debug][router] [source/common/router/router.cc:812] [Tags: "ConnectionId":"5528","StreamId":"12879962566542602990"] router decoding headers:
':authority', 'envoy:10000'
':path', '/bookings'
':method', 'OPTIONS'
':scheme', 'http'
'user-agent', 'Go-http-client/1.1'
'x-forwarded-proto', 'http'
'x-request-id', 'bd67d2d8-2060-4676-a82c-04a192a500ac'
'x-envoy-expected-rq-timeout-ms', '3000'

[2026-10-05 07:14:14.307][14][debug][pool] [source/common/conn_pool/conn_pool_base.cc:330] [Tags: "ConnectionId":"19"] using existing fully connected connection
[2026-10-05 07:14:14.307][14][debug][pool] [source/common/conn_pool/conn_pool_base.cc:247] [Tags: "ConnectionId":"19"] creating stream
[2026-10-05 07:14:14.307][14][debug][router] [source/common/router/upstream_request.cc:606] [Tags: "ConnectionId":"5528","StreamId":"12879962566542602990"] pool ready
[2026-10-05 07:14:14.307][14][debug][client] [source/common/http/codec_client.cc:150] [Tags: "ConnectionId":"19"] encode complete
[2026-10-05 07:14:14.307][14][debug][http] [source/common/http/conn_manager_impl.cc:394] [Tags: "ConnectionId":"5515"] new stream
[2026-10-05 07:14:14.307][14][debug][http] [source/common/http/conn_manager_impl.cc:1291] [Tags: "ConnectionId":"5515","StreamId":"4758279211099119321"] request headers complete (end_stream=true):
':authority', 'envoy:10000'
':path', '/payments/pay-83206'
':method', 'GET'
'user-agent', 'Go-http-client/1.1'

[2026-10-05 07:14:14.307][14][debug][http] [source/common/http/conn_manager_impl.cc:1274] [Tags: "ConnectionId":"5515","StreamId":"4758279211099119321"] request end stream timestamp recorded
[2026-10-05 07:14:14.307][14][debug][connection] [./source/common/network/connection_impl.h:101] [Tags: "ConnectionId":"5515"] current connecting state: false
[2026-10-05 07:14:14.307][14][info][lua] [source/extensions/filters/common/lua/lua.cc:26] script log: accepted GET /payments/pay-83206
[2026-10-05 07:14:14.307][14][debug][lua] [source/extensions/filters/common/lua/lua.cc:67] coroutine finished
[2026-10-05 07:14:14.307][14][debug][router] [source/common/router/router.cc:537] [Tags: "ConnectionId":"5515","StreamId":"4758279211099119321"] cluster 'payments' match for URL '/payments/pay-83206'
[2026-10-05 07:14:14.307][14][debug][router] [source/common/router/router.cc:812] [Tags: "ConnectionId":"5515","StreamId":"4758279211099119321"] router decoding headers:
':authority', 'envoy:10000'
':path', '/payments/pay-83206'
':method', 'GET'
':scheme', 'http'
'user-agent', 'Go-http-client/1.1'
'x-forwarded-proto', 'http'
'x-request-id', '5e8e4575-9d9e-4e2c-9c8c-4706087fd106'
'x-envoy-expected-rq-timeout-ms', '3000'

[2026-10-05 07:14:14.307][14][debug][pool] [source/common/conn_pool/conn_pool_base.cc:330] [Tags: "ConnectionId":"6"] using existing fully connected connection
[2026-10-05 07:14:14.308][14][debug][pool] [source/common/conn_pool/conn_pool_base.cc:247] [Tags: "ConnectionId":"6"] creating stream
[2026-10-05 07:14:14.308][14][debug][router] [source/common/router/upstream_request.cc:606] [Tags: "ConnectionId":"5515","StreamId":"4758279211099119321"] pool ready
[2026-10-05 07:14:14.308][14][debug][client] [source/common/http/codec_client.cc:150] [Tags: "ConnectionId":"6"] encode complete
[2026-10-05 07:14:14.308][14][debug][http] [source/common/http/conn_manager_impl.cc:394] [Tags: "ConnectionId":"5530"] new stream
[2026-10-05 07:14:14.308][14][debug][http] [source/common/http/conn_manager_impl.cc:1291] [Tags: "ConnectionId":"5530","StreamId":"14691502624449578471"] request headers complete (end_stream=false):
':authority', 'envoy:10000'
':path', '/booking'
':method', 'POST'
'user-agent', 'Go-http-client/1.1'
'content-length', '58'
'content-type', 'application/json'

[2026-10-05 07:14:14.308][14][debug][connection] [./source/common/network/connection_impl.h:101] [Tags: "ConnectionId":"5530"] current connecting state: false
[2026-10-05 07:14:14.308][14][info][lua] [source/extensions/filters/common/lua/lua.cc:26] script log: accepted POST /booking
[2026-10-05 07:14:14.308][14][debug][lua] [source/extensions/filters/common/lua/lua.cc:67] coroutine finished
[2026-10-05 07:14:14.308][14][debug][router] [source/common/router/router.cc:537] [Tags: "ConnectionId":"5530","StreamId":"14691502624449578471"] cluster 'booking' match for URL '/booking'
[2026-10-05 07:14:14.308][14][debug][router] [source/common/router/router.cc:812] [Tags: "ConnectionId":"5530","StreamId":"14691502624449578471"] router decoding headers:
':authority', 'envoy:10000'
':path', '/booking'
':method', 'POST'
':scheme', 'http'
'user-agent', 'Go-http-client/1.1'
'content-length', '58'
'content-type', 'application/json'
'x-forwarded-proto', 'http'
'x-request-id', 'a4dcb299-994c-448f-bde6-738015c1153b'
'x-envoy-expected-rq-timeout-ms', '3000'

[2026-10-05 07:14:14.308][14][debug][pool] [source/common/conn_pool/conn_pool_base.cc:330] [Tags: "ConnectionId":"2"] using existing fully connected connection
[2026-10-05 07:14:14.308][14][debug][pool] [source/common/conn_pool/conn_pool_base.cc:247] [Tags: "ConnectionId":"2"] creating stream
[2026-10-05 07:14:14.308][14][debug][router] [source/common/router/upstream_request.cc:606] [Tags: "ConnectionId":"5530","StreamId":"14691502624449578471"] pool ready
[2026-10-05 07:14:14.308][14][debug][router] [source/common/router/router.cc:993] [Tags: "ConnectionId":"5530","StreamId":"14691502624449578471"] router decoding data: 58
[2026-10-05 07:14:14.308][14][debug][http] [source/common/http/conn_manager_impl.cc:1274] [Tags: "ConnectionId":"5530","StreamId":"14691502624449578471"] request end stream timestamp recorded
[2026-10-05 07:14:14.308][14][debug][router] [source/common/router/router.cc:993] [Tags: "ConnectionId":"5530","StreamId":"14691502624449578471"] router decoding data: 0
[2026-10-05 07:14:14.308][14][debug][client] [source/common/http/codec_client.cc:150] [Tags: "ConnectionId":"2"] encode complete
[2026-10-05 07:14:14.308][14][debug][http] [source/common/http/conn_manager_impl.cc:394] [Tags: "ConnectionId":"5526"] new stream
[2026-10-05 07:14:14.308][14][debug][http] [source/common/http/conn_manager_impl.cc:1291] [Tags: "ConnectionId":"5526","StreamId":"12655064220953464400"] request headers complete (end_stream=true):
':authority', 'envoy:10000'
':path', '/bookings/bk-70845'
':method', 'GET'
'user-agent', 'Go-http-client/1.1'

[2026-10-05 07:14:14.308][14][debug][http] [source/common/http/conn_manager_impl.cc:1274] [Tags: "ConnectionId":"5526","StreamId":"12655064220953464400"] request end stream timestamp recorded
[2026-10-05 07:14:14.308][14][debug][connection] [./source/common/network/connection_impl.h:101] [Tags: "ConnectionId":"5526"] current connecting state: false
[2026-10-05 07:14:14.308][14][info][lua] [source/extensions/filters/common/lua/lua.cc:26] script log: accepted GET /bookings/bk-70845
[2026-10-05 07:14:14.308][14][debug][lua] [source/extensions/filters/common/lua/lua.cc:67] coroutine finished
[2026-10-05 07:14:14.308][14][debug][router] [source/common/router/router.cc:537] [Tags: "ConnectionId":"5526","StreamId":"12655064220953464400"] cluster 'booking' match for URL '/bookings/bk-70845'
[2026-10-05 07:14:14.308][14][debug][router] [source/common/router/router.cc:812] [Tags: "ConnectionId":"5526","StreamId":"12655064220953464400"] router decoding headers:
':authority', 'envoy:10000'
':path', '/bookings/bk-70845'
':method', 'GET'
':scheme', 'http'
'user-agent', 'Go-http-client/1.1'
'x-forwarded-proto', 'http'
'x-request-id', 'd1d086ae-0483-4859-9b46-b3f6ec8c389d'
'x-envoy-expected-rq-timeout-ms', '3000'

[2026-10-05 07:14:14.308][14][debug][pool] [source/common/conn_pool/conn_pool_base.cc:330] [Tags: "ConnectionId":"17"] using existing fully connected connection
[2026-10-05 07:14:14.308][14][debug][pool] [source/common/conn_pool/conn_pool_base.cc:247] [Tags: "ConnectionId":"17"] creating stream
[2026-10-05 07:14:14.308][14][debug][router] [source/common/router/upstream_request.cc:606] [Tags: "ConnectionId":"5526","StreamId":"12655064220953464400"] pool ready
[2026-10-05 07:14:14.308][14][debug][client] [source/common/http/codec_client.cc:150] [Tags: "ConnectionId":"17"] encode complete
[2026-10-05 07:14:14.308][14][debug][http] [source/common/http/conn_manager_impl.cc:394] [Tags: "ConnectionId":"5507"] new stream
[2026-10-05 07:14:14.308][14][debug][http] [source/common/http/conn_manager_impl.cc:1291] [Tags: "ConnectionId":"5507","StreamId":"11512758595021510179"] request headers complete (end_stream=false):
':authority', 'envoy:10000'
':path', '/payments'
':method', 'POST'
'user-agent', 'Go-http-client/1.1'
'content-length', '56'
'content-type', 'application/json'

[2026-10-05 07:14:14.308][14][debug][connection] [./source/common/network/connection_impl.h:101] [Tags: "ConnectionId":"5507"] current connecting state: false
[2026-10-05 07:14:14.308][14][info][lua] [source/extensions/filters/common/lua/lua.cc:26] script log: accepted POST /payments
[2026-10-05 07:14:14.308][14][debug][lua] [source/extensions/filters/common/lua/lua.cc:67] coroutine finished
[2026-10-05 07:14:14.308][14][debug][router] [source/common/router/router.cc:537] [Tags: "ConnectionId":"5507","StreamId":"11512758595021510179"] cluster 'payments' match for URL '/payments'
[2026-10-05 07:14:14.308][14][debug][router] [source/common/router/router.cc:812] [Tags: "ConnectionId":"5507","StreamId":"11512758595021510179"] router decoding headers:
':authority', 'envoy:10000'
':path', '/payments'
':method', 'POST'
':scheme', 'http'
'user-agent', 'Go-http-client/1.1'
'content-length', '56'
'content-type', 'application/json'
'x-forwarded-proto', 'http'
'x-request-id', '7ee86048-2180-455e-b5e0-ca4481ca8896'
'x-envoy-expected-rq-timeout-ms', '3000'

[2026-10-05 07:14:14.308][14][debug][pool] [source/common/conn_pool/conn_pool_base.cc:330] [Tags: "ConnectionId":"1"] using existing fully connected connection
[2026-10-05 07:14:14.308][14][debug][pool] [source/common/conn_pool/conn_pool_base.cc:247] [Tags: "ConnectionId":"1"] creating stream
[2026-10-05 07:14:14.308][14][debug][router] [source/common/router/upstream_request.cc:606] [Tags: "ConnectionId":"5507","StreamId":"11512758595021510179"] pool ready
[2026-10-05 07:14:14.308][14][debug][router] [source/common/router/router.cc:993] [Tags: "ConnectionId":"5507","StreamId":"11512758595021510179"] router decoding data: 56
[2026-10-05 07:14:14.308][14][debug][http] [source/common/http/conn_manager_impl.cc:1274] [Tags: "ConnectionId":"5507","StreamId":"11512758595021510179"] request end stream timestamp recorded
[2026-10-05 07:14:14.308][14][debug][router] [source/common/router/router.cc:993] [Tags: "ConnectionId":"5507","StreamId":"11512758595021510179"] router decoding data: 0
[2026-10-05 07:14:14.308][14][debug][client] [source/common/http/codec_client.cc:150] [Tags: "ConnectionId":"1"] encode complete
[2026-10-05 07:14:14.308][14][debug][http] [source/common/http/conn_manager_impl.cc:394] [Tags: "ConnectionId":"5525"] new stream
[2026-10-05 07:14:14.308][14][debug][http] [source/common/http/conn_manager_impl.cc:1291] [Tags: "ConnectionId":"5525","StreamId":"2887852005079693844"] request headers complete (end_stream=true):
':authority', 'envoy:10000'
':path', '/payments/pay-47792'
':method', 'GET'
'user-agent', 'Go-http-client/1.1'

[2026-10-05 07:14:14.308][14][debug][http] [source/common/http/conn_manager_impl.cc:1274] [Tags: "ConnectionId":"5525","StreamId":"2887852005079693844"] request end stream timestamp recorded
[2026-10-05 07:14:14.308][14][debug][connection] [./source/common/network/connection_impl.h:101] [Tags: "ConnectionId":"5525"] current connecting state: false
[2026-10-05 07:14:14.308][14][info][lua] [source/extensions/filters/common/lua/lua.cc:26] script log: accepted GET /payments/pay-47792
[2026-10-05 07:14:14.308][14][debug][lua] [source/extensions/filters/common/lua/lua.cc:67] coroutine finished
[2026-10-05 07:14:14.308][14][debug][router] [source/common/router/router.cc:537] [Tags: "ConnectionId":"5525","StreamId":"2887852005079693844"] cluster 'payments' match for URL '/payments/pay-47792'
[2026-10-05 07:14:14.308][14][debug][router] [source/common/router/router.cc:812] [Tags: "ConnectionId":"5525","StreamId":"2887852005079693844"] router decoding headers:
':authority', 'envoy:10000'
':path', '/payments/pay-47792'
':method', 'GET'
':scheme', 'http'
'user-agent', 'Go-http-client/1.1'
'x-forwarded-proto', 'http'
'x-request-id', 'b0cb8aad-1ed1-4abb-b6f7-00d65319e9be'
'x-envoy-expected-rq-timeout-ms', '3000'

[2026-10-05 07:14:14.308][14][debug][pool] [source/common/conn_pool/conn_pool_base.cc:330] [Tags: "ConnectionId":"21"] using existing fully connected connection
[2026-10-05 07:14:14.308][14][debug][pool] [source/common/conn_pool/conn_pool_base.cc:247] [Tags: "ConnectionId":"21"] creating stream
[2026-10-05 07:14:14.308][14][debug][router] [source/common/router/upstream_request.cc:606] [Tags: "ConnectionId":"5525","StreamId":"2887852005079693844"] pool ready
[2026-10-05 07:14:14.308][14][debug][client] [source/common/http/codec_client.cc:150] [Tags: "ConnectionId":"21"] encode complete
[2026-10-05 07:14:14.308][14][debug][http] [source/common/http/conn_manager_impl.cc:394] [Tags: "ConnectionId":"5531"] new stream
[2026-10-05 07:14:14.308][14][debug][http] [source/common/http/conn_manager_impl.cc:1291] [Tags: "ConnectionId":"5531","StreamId":"12175287062758229428"] request headers complete (end_stream=false):
':authority', 'envoy:10000'
':path', '/foods/data'
':method', 'POST'
'user-agent', 'Go-http-client/1.1'
'content-length', '22'
'content-type', 'application/json'

[2026-10-05 07:14:14.308][14][debug][connection] [./source/common/network/connection_impl.h:101] [Tags: "ConnectionId":"5531"] current connecting state: false
[2026-10-05 07:14:14.308][14][info][lua] [source/extensions/filters/common/lua/lua.cc:26] script log: accepted POST /foods/data
[2026-10-05 07:14:14.308][14][debug][lua] [source/extensions/filters/common/lua/lua.cc:67] coroutine finished
[2026-10-05 07:14:14.308][14][debug][router] [source/common/router/router.cc:537] [Tags: "ConnectionId":"5531","StreamId":"12175287062758229428"] cluster 'foods' match for URL '/foods/data'
[2026-10-05 07:14:14.308][14][debug][router] [source/common/router/router.cc:812] [Tags: "ConnectionId":"5531","StreamId":"12175287062758229428"] router decoding headers:
':authority', 'envoy:10000'
':path', '/foods/data'
':method', 'POST'
':scheme', 'http'
'user-agent', 'Go-http-client/1.1'
'content-length', '22'
'content-type', 'application/json'
'x-forwarded-proto', 'http'
'x-request-id', '630e1c1f-ca05-4817-96dc-5f321c6fe2e9'
'x-envoy-expected-rq-timeout-ms', '3000'

[2026-10-05 07:14:14.308][14][debug][pool] [source/common/conn_pool/conn_pool_base.cc:330] [Tags: "ConnectionId":"1750"] using existing fully connected connection
[2026-10-05 07:14:14.308][14][debug][pool] [source/common/conn_pool/conn_pool_base.cc:247] [Tags: "ConnectionId":"1750"] creating stream
[2026-10-05 07:14:14.308][14][debug][router] [source/common/router/upstream_request.cc:606] [Tags: "ConnectionId":"5531","StreamId":"12175287062758229428"] pool ready
[2026-10-05 07:14:14.308][14][debug][router] [source/common/router/router.cc:993] [Tags: "ConnectionId":"5531","StreamId":"12175287062758229428"] router decoding data: 22
[2026-10-05 07:14:14.308][14][debug][http] [source/common/http/conn_manager_impl.cc:1274] [Tags: "ConnectionId":"5531","StreamId":"12175287062758229428"] request end stream timestamp recorded
[2026-10-05 07:14:14.308][14][debug][router] [source/common/router/router.cc:993] [Tags: "ConnectionId":"5531","StreamId":"12175287062758229428"] router decoding data: 0
[2026-10-05 07:14:14.308][14][debug][client] [source/common/http/codec_client.cc:150] [Tags: "ConnectionId":"1750"] encode complete
[2026-10-05 07:14:14.308][14][debug][http] [source/common/http/conn_manager_impl.cc:394] [Tags: "ConnectionId":"5506"] new stream
[2026-10-05 07:14:14.308][14][debug][http] [source/common/http/conn_manager_impl.cc:1291] [Tags: "ConnectionId":"5506","StreamId":"6889233559611898778"] request headers complete (end_stream=false):
':authority', 'envoy:10000'
':path', '/payments'
':method', 'POST'
'user-agent', 'Go-http-client/1.1'
'content-length', '57'
'content-type', 'application/json'

[2026-10-05 07:14:14.308][14][debug][connection] [./source/common/network/connection_impl.h:101] [Tags: "ConnectionId":"5506"] current connecting state: false
[2026-10-05 07:14:14.308][14][info][lua] [source/extensions/filters/common/lua/lua.cc:26] script log: accepted POST /payments
[2026-10-05 07:14:14.308][14][debug][lua] [source/extensions/filters/common/lua/lua.cc:67] coroutine finished
[2026-10-05 07:14:14.308][14][debug][router] [source/common/router/router.cc:537] [Tags: "ConnectionId":"5506","StreamId":"6889233559611898778"] cluster 'payments' match for URL '/payments'
[2026-10-05 07:14:14.308][14][debug][router] [source/common/router/router.cc:812] [Tags: "ConnectionId":"5506","StreamId":"6889233559611898778"] router decoding headers:
':authority', 'envoy:10000'
':path', '/payments'
':method', 'POST'
':scheme', 'http'
'user-agent', 'Go-http-client/1.1'
'content-length', '57'
'content-type', 'application/json'
'x-forwarded-proto', 'http'
'x-request-id', '0ebd5085-d816-43fd-b393-cd2831d851f5'
'x-envoy-expected-rq-timeout-ms', '3000'

[2026-10-05 07:14:14.308][14][debug][pool] [source/common/conn_pool/conn_pool_base.cc:330] [Tags: "ConnectionId":"1749"] using existing fully connected connection
[2026-10-05 07:14:14.308][14][debug][pool] [source/common/conn_pool/conn_pool_base.cc:247] [Tags: "ConnectionId":"1749"] creating stream
[2026-10-05 07:14:14.308][14][debug][router] [source/common/router/upstream_request.cc:606] [Tags: "ConnectionId":"5506","StreamId":"6889233559611898778"] pool ready
[2026-10-05 07:14:14.308][14][debug][router] [source/common/router/router.cc:993] [Tags: "ConnectionId":"5506","StreamId":"6889233559611898778"] router decoding data: 57
[2026-10-05 07:14:14.308][14][debug][http] [source/common/http/conn_manager_impl.cc:1274] [Tags: "ConnectionId":"5506","StreamId":"6889233559611898778"] request end stream timestamp recorded
[2026-10-05 07:14:14.308][14][debug][router] [source/common/router/router.cc:993] [Tags: "ConnectionId":"5506","StreamId":"6889233559611898778"] router decoding data: 0
[2026-10-05 07:14:14.308][14][debug][client] [source/common/http/codec_client.cc:150] [Tags: "ConnectionId":"1749"] encode complete
[2026-10-05 07:14:14.308][14][debug][router] [source/common/router/router.cc:1700] [Tags: "ConnectionId":"5496","StreamId":"8019125206024938683"] upstream headers complete: end_stream=false
[2026-10-05 07:14:14.308][14][debug][lua] [source/extensions/filters/common/lua/lua.cc:23] script log: completed PUT /order/ord-54606 status=200
[2026-10-05 07:14:14.308][14][debug][lua] [source/extensions/filters/common/lua/lua.cc:67] coroutine finished
[2026-10-05 07:14:14.308][14][debug][http] [source/common/http/conn_manager_impl.cc:1948] [Tags: "ConnectionId":"5496","StreamId":"8019125206024938683"] encoding headers via codec (end_stream=false):
':status', '200'
'content-type', 'application/json'
'date', 'Mon, 05 Oct 2026 07:14:14 GMT'
'content-length', '37'
'x-envoy-upstream-service-time', '0'
'server', 'envoy'

[2026-10-05 07:14:14.308][14][debug][client] [source/common/http/codec_client.cc:137] [Tags: "ConnectionId":"1746"] response complete
[2026-10-05 07:14:14.308][14][debug][router] [source/common/router/router.cc:1153] Executing cleanup(): resetting retry_state_ and disabling timers
[2026-10-05 07:14:14.308][14][debug][http] [source/common/http/conn_manager_impl.cc:2063] [Tags: "ConnectionId":"5496","StreamId":"8019125206024938683"] Codec completed encoding stream.
[2026-10-05 07:14:14.308][14][debug][router] [source/common/router/router.cc:1153] Executing cleanup(): resetting retry_state_ and disabling timers
[2026-10-05 07:14:14.308][14][debug][pool] [source/common/http/http1/conn_pool.cc:61] [Tags: "ConnectionId":"1746"] response complete
[2026-10-05 07:14:14.308][14][debug][pool] [source/common/conn_pool/conn_pool_base.cc:282] [Tags: "ConnectionId":"1746"] destroying stream: 0 active remaining, readyForStream false, currentUnusedCapacity 1
[2026-10-05 07:14:14.308][14][debug][router] [source/common/router/router.cc:1700] [Tags: "ConnectionId":"5507","StreamId":"11512758595021510179"] upstream headers complete: end_stream=false
[2026-10-05 07:14:14.308][14][debug][lua] [source/extensions/filters/common/lua/lua.cc:23] script log: completed POST /payments status=200
[2026-10-05 07:14:14.308][14][debug][lua] [source/extensions/filters/common/lua/lua.cc:67] coroutine finished
[2026-10-05 07:14:14.308][14][debug][http] [source/common/http/conn_manager_impl.cc:1948] [Tags: "ConnectionId":"5507","StreamId":"11512758595021510179"] encoding headers via codec (end_stream=false):
':status', '200'
'content-type', 'application/json'
'date', 'Mon, 05 Oct 2026 07:14:14 GMT'
'content-length', '15'
'x-envoy-upstream-service-time', '0'
'server', 'envoy'

[2026-10-05 07:14:14.308][14][debug][client] [source/common/http/codec_client.cc:137] [Tags: "ConnectionId":"1"] response complete
[2026-10-05 07:14:14.308][14][debug][router] [source/common/router/router.cc:1153] Executing cleanup(): resetting retry_state_ and disabling timers
[2026-10-05 07:14:14.308][14][debug][http] [source/common/http/conn_manager_impl.cc:2063] [Tags: "ConnectionId":"5507","StreamId":"11512758595021510179"] Codec completed encoding stream.
[2026-10-05 07:14:14.308][14][debug][router] [source/common/router/router.cc:1153] Executing cleanup(): resetting retry_state_ and disabling timers
[2026-10-05 07:14:14.308][14][debug][pool] [source/common/http/http1/conn_pool.cc:61] [Tags: "ConnectionId":"1"] response complete
[2026-10-05 07:14:14.308][14][debug][pool] [source/common/conn_pool/conn_pool_base.cc:282] [Tags: "ConnectionId":"1"] destroying stream: 0 active remaining, readyForStream false, currentUnusedCapacity 1
[2026-10-05 07:14:14.308][14][debug][router] [source/common/router/router.cc:1700] [Tags: "ConnectionId":"5520","StreamId":"4614671332288668209"] upstream headers complete: end_stream=false
[2026-10-05 07:14:14.308][14][debug][lua] [source/extensions/filters/common/lua/lua.cc:23] script log: completed GET /users/usr-56909 status=200
[2026-10-05 07:14:14.308][14][debug][lua] [source/extensions/filters/common/lua/lua.cc:67] coroutine finished
[2026-10-05 07:14:14.308][14][debug][http] [source/common/http/conn_manager_impl.cc:1948] [Tags: "ConnectionId":"5520","StreamId":"4614671332288668209"] encoding headers via codec (end_stream=false):
':status', '200'
'content-type', 'application/json'
'date', 'Mon, 05 Oct 2026 07:14:14 GMT'
'content-length', '32'
'x-envoy-upstream-service-time', '0'
'server', 'envoy'

[2026-10-05 07:14:14.308][14][debug][client] [source/common/http/codec_client.cc:137] [Tags: "ConnectionId":"23"] response complete
[2026-10-05 07:14:14.308][14][debug][router] [source/common/router/router.cc:1153] Executing cleanup(): resetting retry_state_ and disabling timers
[2026-10-05 07:14:14.308][14][debug][http] [source/common/http/conn_manager_impl.cc:2063] [Tags: "ConnectionId":"5520","StreamId":"4614671332288668209"] Codec completed encoding stream.
[2026-10-05 07:14:14.308][14][debug][router] [source/common/router/router.cc:1153] Executing cleanup(): resetting retry_state_ and disabling timers
[2026-10-05 07:14:14.308][14][debug][pool] [source/common/http/http1/conn_pool.cc:61] [Tags: "ConnectionId":"23"] response complete
[2026-10-05 07:14:14.308][14][debug][pool] [source/common/conn_pool/conn_pool_base.cc:282] [Tags: "ConnectionId":"23"] destroying stream: 0 active remaining, readyForStream false, currentUnusedCapacity 1
[2026-10-05 07:14:14.308][14][debug][router] [source/common/router/router.cc:1700] [Tags: "ConnectionId":"5515","StreamId":"4758279211099119321"] upstream headers complete: end_stream=false
[2026-10-05 07:14:14.308][14][debug][lua] [source/extensions/filters/common/lua/lua.cc:23] script log: completed GET /payments/pay-83206 status=200
[2026-10-05 07:14:14.308][14][debug][lua] [source/extensions/filters/common/lua/lua.cc:67] coroutine finished
[2026-10-05 07:14:14.308][14][debug][http] [source/common/http/conn_manager_impl.cc:1948] [Tags: "ConnectionId":"5515","StreamId":"4758279211099119321"] encoding headers via codec (end_stream=false):
':status', '200'
'content-type', 'application/json'
'date', 'Mon, 05 Oct 2026 07:14:14 GMT'
'content-length', '32'
'x-envoy-upstream-service-time', '0'
'server', 'envoy'

[2026-10-05 07:14:14.308][14][debug][client] [source/common/http/codec_client.cc:137] [Tags: "ConnectionId":"6"] response complete
[2026-10-05 07:14:14.308][14][debug][router] [source/common/router/router.cc:1153] Executing cleanup(): resetting retry_state_ and disabling timers
[2026-10-05 07:14:14.308][14][debug][http] [source/common/http/conn_manager_impl.cc:2063] [Tags: "ConnectionId":"5515","StreamId":"4758279211099119321"] Codec completed encoding stream.
[2026-10-05 07:14:14.308][14][debug][router] [source/common/router/router.cc:1153] Executing cleanup(): resetting retry_state_ and disabling timers
[2026-10-05 07:14:14.308][14][debug][pool] [source/common/http/http1/conn_pool.cc:61] [Tags: "ConnectionId":"6"] response complete
[2026-10-05 07:14:14.308][14][debug][pool] [source/common/conn_pool/conn_pool_base.cc:282] [Tags: "ConnectionId":"6"] destroying stream: 0 active remaining, readyForStream false, currentUnusedCapacity 1
[2026-10-05 07:14:14.308][14][debug][router] [source/common/router/router.cc:1700] [Tags: "ConnectionId":"5527","StreamId":"14213021048553912044"] upstream headers complete: end_stream=false
[2026-10-05 07:14:14.308][14][debug][lua] [source/extensions/filters/http/lua/lua_filter.cc:569] yielding for full body
[2026-10-05 07:14:14.308][14][debug][lua] [source/extensions/filters/common/lua/lua.cc:70] coroutine yielded
[2026-10-05 07:14:14.308][14][debug][client] [source/common/http/codec_client.cc:137] [Tags: "ConnectionId":"1748"] response complete
[2026-10-05 07:14:14.308][14][debug][router] [source/common/router/router.cc:1153] Executing cleanup(): resetting retry_state_ and disabling timers
[2026-10-05 07:14:14.308][14][debug][lua] [source/extensions/filters/http/lua/lua_filter.cc:280] resuming body due to end stream
[2026-10-05 07:14:14.308][14][error][lua] [source/extensions/filters/common/lua/lua.cc:32] script log: GET /bookings/bk-89130 status=500 reason=booking upstream timed out
reason: booking upstream timed out
goroutine 29134 [running]:
runtime/debug.Stack()
	runtime/debug/stack.go:26 +0x64
main.(*handler).fail(0x717f2fa262c0, {0x2e9060, 0x717f2fb31590}, {0x717f2fb349a0, 0x3}, {0x717f2fb349a4, 0x12})
	envoy-log-generator/cmd/backend/main.go:169 +0x4c
main.(*handler).ServeHTTP(0x717f2fa262c0, {0x2e9060, 0x717f2fb31590}, 0x717f2fb3cdc0)
	envoy-log-generator/cmd/backend/main.go:111 +0x690
net/http.serverHandler.ServeHTTP({0x717f2f9c1a80?}, {0x2e9060?, 0x717f2fb31590?}, 0x1?)
	net/http/server.go:3311 +0xb0
net/http.(*conn).serve(0x717f2fbc0d80, {0x2e96d0, 0x717f2fa13ad0})
	net/http/server.go:2067 +0x55c
created by net/http.(*Server).Serve in goroutine 1
	net/http/server.go:3464 +0x37c
[2026-10-05 07:14:14.308][14][debug][lua] [source/extensions/filters/common/lua/lua.cc:67] coroutine finished
[2026-10-05 07:14:14.308][14][debug][http] [source/common/http/conn_manager_impl.cc:1948] [Tags: "ConnectionId":"5527","StreamId":"14213021048553912044"] encoding headers via codec (end_stream=false):
':status', '500'
'content-type', 'text/plain; charset=utf-8'
'date', 'Mon, 05 Oct 2026 07:14:14 GMT'
'content-length', '718'
'x-envoy-upstream-service-time', '0'
'server', 'envoy'

[2026-10-05 07:14:14.308][14][debug][http] [source/common/http/conn_manager_impl.cc:2063] [Tags: "ConnectionId":"5527","StreamId":"14213021048553912044"] Codec completed encoding stream.
[2026-10-05 07:14:14.308][14][debug][router] [source/common/router/router.cc:1153] Executing cleanup(): resetting retry_state_ and disabling timers
[2026-10-05 07:14:14.308][14][debug][pool] [source/common/http/http1/conn_pool.cc:61] [Tags: "ConnectionId":"1748"] response complete
[2026-10-05 07:14:14.308][14][debug][pool] [source/common/conn_pool/conn_pool_base.cc:282] [Tags: "ConnectionId":"1748"] destroying stream: 0 active remaining, readyForStream false, currentUnusedCapacity 1
[2026-10-05 07:14:14.308][14][debug][router] [source/common/router/router.cc:1700] [Tags: "ConnectionId":"5531","StreamId":"12175287062758229428"] upstream headers complete: end_stream=false
[2026-10-05 07:14:14.308][14][debug][lua] [source/extensions/filters/common/lua/lua.cc:23] script log: completed POST /foods/data status=200
[2026-10-05 07:14:14.308][14][debug][lua] [source/extensions/filters/common/lua/lua.cc:67] coroutine finished
[2026-10-05 07:14:14.308][14][debug][http] [source/common/http/conn_manager_impl.cc:1948] [Tags: "ConnectionId":"5531","StreamId":"12175287062758229428"] encoding headers via codec (end_stream=false):
':status', '200'
'content-type', 'application/json'
'date', 'Mon, 05 Oct 2026 07:14:14 GMT'
'content-length', '15'
'x-envoy-upstream-service-time', '0'
'server', 'envoy'

[2026-10-05 07:14:14.308][14][debug][client] [source/common/http/codec_client.cc:137] [Tags: "ConnectionId":"1750"] response complete
[2026-10-05 07:14:14.308][14][debug][router] [source/common/router/router.cc:1153] Executing cleanup(): resetting retry_state_ and disabling timers
[2026-10-05 07:14:14.308][14][debug][http] [source/common/http/conn_manager_impl.cc:2063] [Tags: "ConnectionId":"5531","StreamId":"12175287062758229428"] Codec completed encoding stream.
[2026-10-05 07:14:14.308][14][debug][router] [source/common/router/router.cc:1153] Executing cleanup(): resetting retry_state_ and disabling timers
[2026-10-05 07:14:14.308][14][debug][pool] [source/common/http/http1/conn_pool.cc:61] [Tags: "ConnectionId":"1750"] response complete
[2026-10-05 07:14:14.308][14][debug][pool] [source/common/conn_pool/conn_pool_base.cc:282] [Tags: "ConnectionId":"1750"] destroying stream: 0 active remaining, readyForStream false, currentUnusedCapacity 1
[2026-10-05 07:14:14.308][14][debug][router] [source/common/router/router.cc:1700] [Tags: "ConnectionId":"5525","StreamId":"2887852005079693844"] upstream headers complete: end_stream=false
[2026-10-05 07:14:14.308][14][debug][lua] [source/extensions/filters/http/lua/lua_filter.cc:569] yielding for full body
[2026-10-05 07:14:14.308][14][debug][lua] [source/extensions/filters/common/lua/lua.cc:70] coroutine yielded
[2026-10-05 07:14:14.308][14][debug][client] [source/common/http/codec_client.cc:137] [Tags: "ConnectionId":"21"] response complete
[2026-10-05 07:14:14.308][14][debug][router] [source/common/router/router.cc:1153] Executing cleanup(): resetting retry_state_ and disabling timers
[2026-10-05 07:14:14.308][14][debug][lua] [source/extensions/filters/http/lua/lua_filter.cc:280] resuming body due to end stream
[2026-10-05 07:14:14.308][14][error][lua] [source/extensions/filters/common/lua/lua.cc:32] script log: GET /payments/pay-47792 status=500 reason=upstream returned 503
reason: upstream returned 503
goroutine 10 [running]:
runtime/debug.Stack()
	runtime/debug/stack.go:26 +0x64
main.(*handler).fail(0x5b2543e140c0, {0x2e9060, 0x5b2544032e10}, {0x5b254400d6c0, 0x3}, {0x5b254400d6c4, 0x13})
	envoy-log-generator/cmd/backend/main.go:169 +0x4c
main.(*handler).ServeHTTP(0x5b2543e140c0, {0x2e9060, 0x5b2544032e10}, 0x5b2544036b40)
	envoy-log-generator/cmd/backend/main.go:111 +0x690
net/http.serverHandler.ServeHTTP({0x5b2543e143c0?}, {0x2e9060?, 0x5b2544032e10?}, 0x1?)
	net/http/server.go:3311 +0xb0
net/http.(*conn).serve(0x5b2543dce360, {0x2e96d0, 0x5b2543e1c240})
	net/http/server.go:2067 +0x55c
created by net/http.(*Server).Serve in goroutine 1
	net/http/server.go:3464 +0x37c
[2026-10-05 07:14:14.308][14][debug][lua] [source/extensions/filters/common/lua/lua.cc:67] coroutine finished
[2026-10-05 07:14:14.308][14][debug][http] [source/common/http/conn_manager_impl.cc:1948] [Tags: "ConnectionId":"5525","StreamId":"2887852005079693844"] encoding headers via codec (end_stream=false):
':status', '500'
'content-type', 'text/plain; charset=utf-8'
'date', 'Mon, 05 Oct 2026 07:14:14 GMT'
'content-length', '710'
'x-envoy-upstream-service-time', '0'
'server', 'envoy'

[2026-10-05 07:14:14.308][14][debug][http] [source/common/http/conn_manager_impl.cc:2063] [Tags: "ConnectionId":"5525","StreamId":"2887852005079693844"] Codec completed encoding stream.
[2026-10-05 07:14:14.308][14][debug][router] [source/common/router/router.cc:1153] Executing cleanup(): resetting retry_state_ and disabling timers
[2026-10-05 07:14:14.308][14][debug][pool] [source/common/http/http1/conn_pool.cc:61] [Tags: "ConnectionId":"21"] response complete
[2026-10-05 07:14:14.308][14][debug][pool] [source/common/conn_pool/conn_pool_base.cc:282] [Tags: "ConnectionId":"21"] destroying stream: 0 active remaining, readyForStream false, currentUnusedCapacity 1
[2026-10-05 07:14:14.308][14][debug][router] [source/common/router/router.cc:1700] [Tags: "ConnectionId":"5470","StreamId":"12165612445761213531"] upstream headers complete: end_stream=false
[2026-10-05 07:14:14.308][14][debug][lua] [source/extensions/filters/common/lua/lua.cc:23] script log: completed POST /booking status=200
[2026-10-05 07:14:14.308][14][debug][lua] [source/extensions/filters/common/lua/lua.cc:67] coroutine finished
[2026-10-05 07:14:14.308][14][debug][http] [source/common/http/conn_manager_impl.cc:1948] [Tags: "ConnectionId":"5470","StreamId":"12165612445761213531"] encoding headers via codec (end_stream=false):
':status', '200'
'content-type', 'application/json'
'date', 'Mon, 05 Oct 2026 07:14:14 GMT'
'content-length', '15'
'x-envoy-upstream-service-time', '1'
'server', 'envoy'

[2026-10-05 07:14:14.308][14][debug][client] [source/common/http/codec_client.cc:137] [Tags: "ConnectionId":"11"] response complete
[2026-10-05 07:14:14.308][14][debug][router] [source/common/router/router.cc:1153] Executing cleanup(): resetting retry_state_ and disabling timers
[2026-10-05 07:14:14.308][14][debug][http] [source/common/http/conn_manager_impl.cc:2063] [Tags: "ConnectionId":"5470","StreamId":"12165612445761213531"] Codec completed encoding stream.
[2026-10-05 07:14:14.308][14][debug][router] [source/common/router/router.cc:1153] Executing cleanup(): resetting retry_state_ and disabling timers
[2026-10-05 07:14:14.308][14][debug][pool] [source/common/http/http1/conn_pool.cc:61] [Tags: "ConnectionId":"11"] response complete
[2026-10-05 07:14:14.308][14][debug][pool] [source/common/conn_pool/conn_pool_base.cc:282] [Tags: "ConnectionId":"11"] destroying stream: 0 active remaining, readyForStream false, currentUnusedCapacity 1
[2026-10-05 07:14:14.308][14][debug][router] [source/common/router/router.cc:1700] [Tags: "ConnectionId":"5506","StreamId":"6889233559611898778"] upstream headers complete: end_stream=false
[2026-10-05 07:14:14.308][14][debug][lua] [source/extensions/filters/common/lua/lua.cc:23] script log: completed POST /payments status=200
[2026-10-05 07:14:14.308][14][debug][lua] [source/extensions/filters/common/lua/lua.cc:67] coroutine finished
[2026-10-05 07:14:14.308][14][debug][http] [source/common/http/conn_manager_impl.cc:1948] [Tags: "ConnectionId":"5506","StreamId":"6889233559611898778"] encoding headers via codec (end_stream=false):
':status', '200'
'content-type', 'application/json'
'date', 'Mon, 05 Oct 2026 07:14:14 GMT'
'content-length', '15'
'x-envoy-upstream-service-time', '0'
'server', 'envoy'

[2026-10-05 07:14:14.308][14][debug][client] [source/common/http/codec_client.cc:137] [Tags: "ConnectionId":"1749"] response complete
[2026-10-05 07:14:14.308][14][debug][router] [source/common/router/router.cc:1153] Executing cleanup(): resetting retry_state_ and disabling timers
[2026-10-05 07:14:14.308][14][debug][http] [source/common/http/conn_manager_impl.cc:2063] [Tags: "ConnectionId":"5506","StreamId":"6889233559611898778"] Codec completed encoding stream.
[2026-10-05 07:14:14.308][14][debug][router] [source/common/router/router.cc:1153] Executing cleanup(): resetting retry_state_ and disabling timers
[2026-10-05 07:14:14.308][14][debug][pool] [source/common/http/http1/conn_pool.cc:61] [Tags: "ConnectionId":"1749"] response complete
[2026-10-05 07:14:14.308][14][debug][pool] [source/common/conn_pool/conn_pool_base.cc:282] [Tags: "ConnectionId":"1749"] destroying stream: 0 active remaining, readyForStream false, currentUnusedCapacity 1
[2026-10-05 07:14:14.308][14][debug][router] [source/common/router/router.cc:1700] [Tags: "ConnectionId":"5526","StreamId":"12655064220953464400"] upstream headers complete: end_stream=false
[2026-10-05 07:14:14.308][14][debug][lua] [source/extensions/filters/common/lua/lua.cc:23] script log: completed GET /bookings/bk-70845 status=200
[2026-10-05 07:14:14.308][14][debug][lua] [source/extensions/filters/common/lua/lua.cc:67] coroutine finished
[2026-10-05 07:14:14.308][14][debug][http] [source/common/http/conn_manager_impl.cc:1948] [Tags: "ConnectionId":"5526","StreamId":"12655064220953464400"] encoding headers via codec (end_stream=false):
':status', '200'
'content-type', 'application/json'
'date', 'Mon, 05 Oct 2026 07:14:14 GMT'
'content-length', '31'
'x-envoy-upstream-service-time', '0'
'server', 'envoy'

[2026-10-05 07:14:14.308][14][debug][client] [source/common/http/codec_client.cc:137] [Tags: "ConnectionId":"17"] response complete
[2026-10-05 07:14:14.308][14][debug][router] [source/common/router/router.cc:1153] Executing cleanup(): resetting retry_state_ and disabling timers
[2026-10-05 07:14:14.308][14][debug][http] [source/common/http/conn_manager_impl.cc:2063] [Tags: "ConnectionId":"5526","StreamId":"12655064220953464400"] Codec completed encoding stream.
[2026-10-05 07:14:14.308][14][debug][router] [source/common/router/router.cc:1153] Executing cleanup(): resetting retry_state_ and disabling timers
[2026-10-05 07:14:14.308][14][debug][pool] [source/common/http/http1/conn_pool.cc:61] [Tags: "ConnectionId":"17"] response complete
[2026-10-05 07:14:14.309][14][debug][pool] [source/common/conn_pool/conn_pool_base.cc:282] [Tags: "ConnectionId":"17"] destroying stream: 0 active remaining, readyForStream false, currentUnusedCapacity 1
[2026-10-05 07:14:14.309][14][debug][http] [source/common/http/conn_manager_impl.cc:394] [Tags: "ConnectionId":"5523"] new stream
[2026-10-05 07:14:14.309][14][debug][http] [source/common/http/conn_manager_impl.cc:1291] [Tags: "ConnectionId":"5523","StreamId":"11729717781513914580"] request headers complete (end_stream=true):
':authority', 'envoy:10000'
':path', '/users/usr-42565'
':method', 'GET'
'user-agent', 'Go-http-client/1.1'

[2026-10-05 07:14:14.309][14][debug][http] [source/common/http/conn_manager_impl.cc:1274] [Tags: "ConnectionId":"5523","StreamId":"11729717781513914580"] request end stream timestamp recorded
[2026-10-05 07:14:14.309][14][debug][connection] [./source/common/network/connection_impl.h:101] [Tags: "ConnectionId":"5523"] current connecting state: false
[2026-10-05 07:14:14.309][14][info][lua] [source/extensions/filters/common/lua/lua.cc:26] script log: accepted GET /users/usr-42565
[2026-10-05 07:14:14.309][14][debug][lua] [source/extensions/filters/common/lua/lua.cc:67] coroutine finished
[2026-10-05 07:14:14.309][14][debug][router] [source/common/router/router.cc:537] [Tags: "ConnectionId":"5523","StreamId":"11729717781513914580"] cluster 'users' match for URL '/users/usr-42565'
[2026-10-05 07:14:14.309][14][debug][router] [source/common/router/router.cc:812] [Tags: "ConnectionId":"5523","StreamId":"11729717781513914580"] router decoding headers:
':authority', 'envoy:10000'
':path', '/users/usr-42565'
':method', 'GET'
':scheme', 'http'
'user-agent', 'Go-http-client/1.1'
'x-forwarded-proto', 'http'
'x-request-id', '13d2a257-08b3-42ab-9ada-17e4bf2c8bf4'
'x-envoy-expected-rq-timeout-ms', '3000'

[2026-10-05 07:14:14.309][14][debug][pool] [source/common/conn_pool/conn_pool_base.cc:330] [Tags: "ConnectionId":"23"] using existing fully connected connection
[2026-10-05 07:14:14.309][14][debug][pool] [source/common/conn_pool/conn_pool_base.cc:247] [Tags: "ConnectionId":"23"] creating stream
[2026-10-05 07:14:14.309][14][debug][router] [source/common/router/upstream_request.cc:606] [Tags: "ConnectionId":"5523","StreamId":"11729717781513914580"] pool ready
[2026-10-05 07:14:14.309][14][debug][client] [source/common/http/codec_client.cc:150] [Tags: "ConnectionId":"23"] encode complete
[2026-10-05 07:14:14.309][14][debug][http] [source/common/http/conn_manager_impl.cc:394] [Tags: "ConnectionId":"5508"] new stream
[2026-10-05 07:14:14.309][14][debug][http] [source/common/http/conn_manager_impl.cc:1291] [Tags: "ConnectionId":"5508","StreamId":"4714804347934521571"] request headers complete (end_stream=false):
':authority', 'envoy:10000'
':path', '/order/ord-76662'
':method', 'PUT'
'user-agent', 'Go-http-client/1.1'
'content-length', '22'
'content-type', 'application/json'

[2026-10-05 07:14:14.309][14][debug][connection] [./source/common/network/connection_impl.h:101] [Tags: "ConnectionId":"5508"] current connecting state: false
[2026-10-05 07:14:14.309][14][info][lua] [source/extensions/filters/common/lua/lua.cc:26] script log: accepted PUT /order/ord-76662
[2026-10-05 07:14:14.309][14][debug][lua] [source/extensions/filters/common/lua/lua.cc:67] coroutine finished
[2026-10-05 07:14:14.309][14][debug][router] [source/common/router/router.cc:537] [Tags: "ConnectionId":"5508","StreamId":"4714804347934521571"] cluster 'orders' match for URL '/order/ord-76662'
[2026-10-05 07:14:14.309][14][debug][router] [source/common/router/router.cc:812] [Tags: "ConnectionId":"5508","StreamId":"4714804347934521571"] router decoding headers:
':authority', 'envoy:10000'
':path', '/order/ord-76662'
':method', 'PUT'
':scheme', 'http'
'user-agent', 'Go-http-client/1.1'
'content-length', '22'
'content-type', 'application/json'
'x-forwarded-proto', 'http'
'x-request-id', '328ba655-636d-46bc-8d47-bf55918895b0'
'x-envoy-expected-rq-timeout-ms', '3000'

[2026-10-05 07:14:14.309][14][debug][pool] [source/common/conn_pool/conn_pool_base.cc:330] [Tags: "ConnectionId":"1746"] using existing fully connected connection
[2026-10-05 07:14:14.309][14][debug][pool] [source/common/conn_pool/conn_pool_base.cc:247] [Tags: "ConnectionId":"1746"] creating stream
[2026-10-05 07:14:14.309][14][debug][router] [source/common/router/upstream_request.cc:606] [Tags: "ConnectionId":"5508","StreamId":"4714804347934521571"] pool ready
[2026-10-05 07:14:14.309][14][debug][router] [source/common/router/router.cc:993] [Tags: "ConnectionId":"5508","StreamId":"4714804347934521571"] router decoding data: 22
[2026-10-05 07:14:14.309][14][debug][http] [source/common/http/conn_manager_impl.cc:1274] [Tags: "ConnectionId":"5508","StreamId":"4714804347934521571"] request end stream timestamp recorded
[2026-10-05 07:14:14.309][14][debug][router] [source/common/router/router.cc:993] [Tags: "ConnectionId":"5508","StreamId":"4714804347934521571"] router decoding data: 0
[2026-10-05 07:14:14.309][14][debug][client] [source/common/http/codec_client.cc:150] [Tags: "ConnectionId":"1746"] encode complete
[2026-10-05 07:14:14.309][14][debug][http] [source/common/http/conn_manager_impl.cc:394] [Tags: "ConnectionId":"5521"] new stream
[2026-10-05 07:14:14.309][14][debug][http] [source/common/http/conn_manager_impl.cc:1291] [Tags: "ConnectionId":"5521","StreamId":"9538157357245416025"] request headers complete (end_stream=true):
':authority', 'envoy:10000'
':path', '/bookings'
':method', 'OPTIONS'
'user-agent', 'Go-http-client/1.1'

[2026-10-05 07:14:14.309][14][debug][http] [source/common/http/conn_manager_impl.cc:1274] [Tags: "ConnectionId":"5521","StreamId":"9538157357245416025"] request end stream timestamp recorded
[2026-10-05 07:14:14.309][14][debug][connection] [./source/common/network/connection_impl.h:101] [Tags: "ConnectionId":"5521"] current connecting state: false
[2026-10-05 07:14:14.309][14][info][lua] [source/extensions/filters/common/lua/lua.cc:26] script log: accepted OPTIONS /bookings
[2026-10-05 07:14:14.309][14][debug][lua] [source/extensions/filters/common/lua/lua.cc:67] coroutine finished
[2026-10-05 07:14:14.309][14][debug][router] [source/common/router/router.cc:537] [Tags: "ConnectionId":"5521","StreamId":"9538157357245416025"] cluster 'booking' match for URL '/bookings'
[2026-10-05 07:14:14.309][14][debug][router] [source/common/router/router.cc:812] [Tags: "ConnectionId":"5521","StreamId":"9538157357245416025"] router decoding headers:
':authority', 'envoy:10000'
':path', '/bookings'
':method', 'OPTIONS'
':scheme', 'http'
'user-agent', 'Go-http-client/1.1'
'x-forwarded-proto', 'http'
'x-request-id', 'c95d1941-7b2a-47ea-986d-16aefd722014'
'x-envoy-expected-rq-timeout-ms', '3000'

[2026-10-05 07:14:14.309][14][debug][pool] [source/common/conn_pool/conn_pool_base.cc:330] [Tags: "ConnectionId":"17"] using existing fully connected connection
[2026-10-05 07:14:14.309][14][debug][pool] [source/common/conn_pool/conn_pool_base.cc:247] [Tags: "ConnectionId":"17"] creating stream
[2026-10-05 07:14:14.309][14][debug][router] [source/common/router/upstream_request.cc:606] [Tags: "ConnectionId":"5521","StreamId":"9538157357245416025"] pool ready
[2026-10-05 07:14:14.309][14][debug][client] [source/common/http/codec_client.cc:150] [Tags: "ConnectionId":"17"] encode complete
[2026-10-05 07:14:14.309][14][debug][http] [source/common/http/conn_manager_impl.cc:394] [Tags: "ConnectionId":"5529"] new stream
[2026-10-05 07:14:14.309][14][debug][http] [source/common/http/conn_manager_impl.cc:1291] [Tags: "ConnectionId":"5529","StreamId":"15220628980217088318"] request headers complete (end_stream=false):
':authority', 'envoy:10000'
':path', '/foods/data'
':method', 'POST'
'user-agent', 'Go-http-client/1.1'
'content-length', '26'
'content-type', 'application/json'

[2026-10-05 07:14:14.309][14][debug][connection] [./source/common/network/connection_impl.h:101] [Tags: "ConnectionId":"5529"] current connecting state: false
[2026-10-05 07:14:14.309][14][info][lua] [source/extensions/filters/common/lua/lua.cc:26] script log: accepted POST /foods/data
[2026-10-05 07:14:14.309][14][debug][lua] [source/extensions/filters/common/lua/lua.cc:67] coroutine finished
[2026-10-05 07:14:14.309][14][debug][router] [source/common/router/router.cc:537] [Tags: "ConnectionId":"5529","StreamId":"15220628980217088318"] cluster 'foods' match for URL '/foods/data'
[2026-10-05 07:14:14.309][14][debug][router] [source/common/router/router.cc:812] [Tags: "ConnectionId":"5529","StreamId":"15220628980217088318"] router decoding headers:
':authority', 'envoy:10000'
':path', '/foods/data'
':method', 'POST'
':scheme', 'http'
'user-agent', 'Go-http-client/1.1'
'content-length', '26'
'content-type', 'application/json'
'x-forwarded-proto', 'http'
'x-request-id', '141f0576-3222-46dd-bdfb-5f40ac202adb'
'x-envoy-expected-rq-timeout-ms', '3000'

[2026-10-05 07:14:14.309][14][debug][pool] [source/common/conn_pool/conn_pool_base.cc:330] [Tags: "ConnectionId":"1750"] using existing fully connected connection
[2026-10-05 07:14:14.309][14][debug][pool] [source/common/conn_pool/conn_pool_base.cc:247] [Tags: "ConnectionId":"1750"] creating stream
[2026-10-05 07:14:14.309][14][debug][router] [source/common/router/upstream_request.cc:606] [Tags: "ConnectionId":"5529","StreamId":"15220628980217088318"] pool ready
[2026-10-05 07:14:14.309][14][debug][router] [source/common/router/router.cc:993] [Tags: "ConnectionId":"5529","StreamId":"15220628980217088318"] router decoding data: 26
[2026-10-05 07:14:14.309][14][debug][http] [source/common/http/conn_manager_impl.cc:1274] [Tags: "ConnectionId":"5529","StreamId":"15220628980217088318"] request end stream timestamp recorded
[2026-10-05 07:14:14.309][14][debug][router] [source/common/router/router.cc:993] [Tags: "ConnectionId":"5529","StreamId":"15220628980217088318"] router decoding data: 0
[2026-10-05 07:14:14.309][14][debug][client] [source/common/http/codec_client.cc:150] [Tags: "ConnectionId":"1750"] encode complete
[2026-10-05 07:14:14.309][14][debug][router] [source/common/router/router.cc:1700] [Tags: "ConnectionId":"5530","StreamId":"14691502624449578471"] upstream headers complete: end_stream=false
[2026-10-05 07:14:14.309][14][debug][lua] [source/extensions/filters/common/lua/lua.cc:23] script log: completed POST /booking status=200
[2026-10-05 07:14:14.309][14][debug][lua] [source/extensions/filters/common/lua/lua.cc:67] coroutine finished
[2026-10-05 07:14:14.309][14][debug][http] [source/common/http/conn_manager_impl.cc:1948] [Tags: "ConnectionId":"5530","StreamId":"14691502624449578471"] encoding headers via codec (end_stream=false):
':status', '200'
'content-type', 'application/json'
'date', 'Mon, 05 Oct 2026 07:14:14 GMT'
'content-length', '15'
'x-envoy-upstream-service-time', '1'
'server', 'envoy'

[2026-10-05 07:14:14.309][14][debug][client] [source/common/http/codec_client.cc:137] [Tags: "ConnectionId":"2"] response complete
[2026-10-05 07:14:14.309][14][debug][router] [source/common/router/router.cc:1153] Executing cleanup(): resetting retry_state_ and disabling timers
[2026-10-05 07:14:14.309][14][debug][http] [source/common/http/conn_manager_impl.cc:2063] [Tags: "ConnectionId":"5530","StreamId":"14691502624449578471"] Codec completed encoding stream.
[2026-10-05 07:14:14.309][14][debug][router] [source/common/router/router.cc:1153] Executing cleanup(): resetting retry_state_ and disabling timers
[2026-10-05 07:14:14.309][14][debug][pool] [source/common/http/http1/conn_pool.cc:61] [Tags: "ConnectionId":"2"] response complete
[2026-10-05 07:14:14.309][14][debug][pool] [source/common/conn_pool/conn_pool_base.cc:282] [Tags: "ConnectionId":"2"] destroying stream: 0 active remaining, readyForStream false, currentUnusedCapacity 1
[2026-10-05 07:14:14.309][14][debug][client] [source/common/http/codec_client.cc:137] [Tags: "ConnectionId":"19"] response complete
[2026-10-05 07:14:14.309][14][debug][router] [source/common/router/router.cc:1700] [Tags: "ConnectionId":"5528","StreamId":"12879962566542602990"] upstream headers complete: end_stream=true
[2026-10-05 07:14:14.309][14][debug][router] [source/common/router/router.cc:1153] Executing cleanup(): resetting retry_state_ and disabling timers
[2026-10-05 07:14:14.309][14][debug][lua] [source/extensions/filters/common/lua/lua.cc:23] script log: completed OPTIONS /bookings status=204
[2026-10-05 07:14:14.309][14][debug][lua] [source/extensions/filters/common/lua/lua.cc:67] coroutine finished
[2026-10-05 07:14:14.309][14][debug][http] [source/common/http/conn_manager_impl.cc:1948] [Tags: "ConnectionId":"5528","StreamId":"12879962566542602990"] encoding headers via codec (end_stream=true):
':status', '204'
'access-control-allow-methods', 'GET, OPTIONS'
'allow', 'GET, OPTIONS'
'date', 'Mon, 05 Oct 2026 07:14:14 GMT'
'x-envoy-upstream-service-time', '1'
'server', 'envoy'

[2026-10-05 07:14:14.309][14][debug][http] [source/common/http/conn_manager_impl.cc:2063] [Tags: "ConnectionId":"5528","StreamId":"12879962566542602990"] Codec completed encoding stream.
[2026-10-05 07:14:14.309][14][debug][router] [source/common/router/router.cc:1153] Executing cleanup(): resetting retry_state_ and disabling timers
[2026-10-05 07:14:14.309][14][debug][pool] [source/common/http/http1/conn_pool.cc:61] [Tags: "ConnectionId":"19"] response complete
[2026-10-05 07:14:14.309][14][debug][pool] [source/common/conn_pool/conn_pool_base.cc:282] [Tags: "ConnectionId":"19"] destroying stream: 0 active remaining, readyForStream false, currentUnusedCapacity 1
[2026-10-05 07:14:14.309][14][debug][router] [source/common/router/router.cc:1700] [Tags: "ConnectionId":"5508","StreamId":"4714804347934521571"] upstream headers complete: end_stream=false
[2026-10-05 07:14:14.309][14][debug][lua] [source/extensions/filters/http/lua/lua_filter.cc:569] yielding for full body
[2026-10-05 07:14:14.309][14][debug][lua] [source/extensions/filters/common/lua/lua.cc:70] coroutine yielded
[2026-10-05 07:14:14.309][14][debug][client] [source/common/http/codec_client.cc:137] [Tags: "ConnectionId":"1746"] response complete
[2026-10-05 07:14:14.309][14][debug][router] [source/common/router/router.cc:1153] Executing cleanup(): resetting retry_state_ and disabling timers
[2026-10-05 07:14:14.309][14][debug][lua] [source/extensions/filters/http/lua/lua_filter.cc:280] resuming body due to end stream
[2026-10-05 07:14:14.309][14][error][lua] [source/extensions/filters/common/lua/lua.cc:32] script log: PUT /order/ord-76662 status=500 reason=order update rejected
reason: order update rejected
goroutine 9715 [running]:
runtime/debug.Stack()
	runtime/debug/stack.go:26 +0x64
main.(*handler).fail(0x95065d262c0, {0x2e9060, 0x95065e12b40}, {0x95065f85880, 0x3}, {0x95065f85884, 0x10})
	envoy-log-generator/cmd/backend/main.go:169 +0x4c
main.(*handler).ServeHTTP(0x95065d262c0, {0x2e9060, 0x95065e12b40}, 0x95065e18b40)
	envoy-log-generator/cmd/backend/main.go:111 +0x690
net/http.serverHandler.ServeHTTP({0x2e7ed0?}, {0x2e9060?, 0x95065e12b40?}, 0x1?)
	net/http/server.go:3311 +0xb0
net/http.(*conn).serve(0x95065f50900, {0x2e96d0, 0x95065d15ad0})
	net/http/server.go:2067 +0x55c
created by net/http.(*Server).Serve in goroutine 1
	net/http/server.go:3464 +0x37c
[2026-10-05 07:14:14.309][14][debug][lua] [source/extensions/filters/common/lua/lua.cc:67] coroutine finished
[2026-10-05 07:14:14.309][14][debug][http] [source/common/http/conn_manager_impl.cc:1948] [Tags: "ConnectionId":"5508","StreamId":"4714804347934521571"] encoding headers via codec (end_stream=false):
':status', '500'
'content-type', 'text/plain; charset=utf-8'
'date', 'Mon, 05 Oct 2026 07:14:14 GMT'
'content-length', '696'
'x-envoy-upstream-service-time', '0'
'server', 'envoy'

[2026-10-05 07:14:14.309][14][debug][http] [source/common/http/conn_manager_impl.cc:2063] [Tags: "ConnectionId":"5508","StreamId":"4714804347934521571"] Codec completed encoding stream.
[2026-10-05 07:14:14.309][14][debug][router] [source/common/router/router.cc:1153] Executing cleanup(): resetting retry_state_ and disabling timers
[2026-10-05 07:14:14.309][14][debug][pool] [source/common/http/http1/conn_pool.cc:61] [Tags: "ConnectionId":"1746"] response complete
[2026-10-05 07:14:14.309][14][debug][pool] [source/common/conn_pool/conn_pool_base.cc:282] [Tags: "ConnectionId":"1746"] destroying stream: 0 active remaining, readyForStream false, currentUnusedCapacity 1
[2026-10-05 07:14:14.309][14][debug][router] [source/common/router/router.cc:1700] [Tags: "ConnectionId":"5523","StreamId":"11729717781513914580"] upstream headers complete: end_stream=false
[2026-10-05 07:14:14.309][14][debug][lua] [source/extensions/filters/common/lua/lua.cc:23] script log: completed GET /users/usr-42565 status=200
[2026-10-05 07:14:14.309][14][debug][lua] [source/extensions/filters/common/lua/lua.cc:67] coroutine finished
[2026-10-05 07:14:14.309][14][debug][http] [source/common/http/conn_manager_impl.cc:1948] [Tags: "ConnectionId":"5523","StreamId":"11729717781513914580"] encoding headers via codec (end_stream=false):
':status', '200'
'content-type', 'application/json'
'date', 'Mon, 05 Oct 2026 07:14:14 GMT'
'content-length', '32'
'x-envoy-upstream-service-time', '0'
'server', 'envoy'

[2026-10-05 07:14:14.309][14][debug][client] [source/common/http/codec_client.cc:137] [Tags: "ConnectionId":"23"] response complete
[2026-10-05 07:14:14.309][14][debug][router] [source/common/router/router.cc:1153] Executing cleanup(): resetting retry_state_ and disabling timers
[2026-10-05 07:14:14.309][14][debug][http] [source/common/http/conn_manager_impl.cc:2063] [Tags: "ConnectionId":"5523","StreamId":"11729717781513914580"] Codec completed encoding stream.
[2026-10-05 07:14:14.309][14][debug][router] [source/common/router/router.cc:1153] Executing cleanup(): resetting retry_state_ and disabling timers
[2026-10-05 07:14:14.309][14][debug][pool] [source/common/http/http1/conn_pool.cc:61] [Tags: "ConnectionId":"23"] response complete
[2026-10-05 07:14:14.309][14][debug][pool] [source/common/conn_pool/conn_pool_base.cc:282] [Tags: "ConnectionId":"23"] destroying stream: 0 active remaining, readyForStream false, currentUnusedCapacity 1
[2026-10-05 07:14:14.309][14][debug][client] [source/common/http/codec_client.cc:137] [Tags: "ConnectionId":"17"] response complete
[2026-10-05 07:14:14.309][14][debug][router] [source/common/router/router.cc:1700] [Tags: "ConnectionId":"5521","StreamId":"9538157357245416025"] upstream headers complete: end_stream=true
[2026-10-05 07:14:14.309][14][debug][router] [source/common/router/router.cc:1153] Executing cleanup(): resetting retry_state_ and disabling timers
[2026-10-05 07:14:14.309][14][debug][lua] [source/extensions/filters/common/lua/lua.cc:23] script log: completed OPTIONS /bookings status=204
[2026-10-05 07:14:14.309][14][debug][lua] [source/extensions/filters/common/lua/lua.cc:67] coroutine finished
[2026-10-05 07:14:14.309][14][debug][http] [source/common/http/conn_manager_impl.cc:1948] [Tags: "ConnectionId":"5521","StreamId":"9538157357245416025"] encoding headers via codec (end_stream=true):
':status', '204'
'access-control-allow-methods', 'GET, OPTIONS'
'allow', 'GET, OPTIONS'
'date', 'Mon, 05 Oct 2026 07:14:14 GMT'
'x-envoy-upstream-service-time', '0'
'server', 'envoy'

[2026-10-05 07:14:14.309][14][debug][http] [source/common/http/conn_manager_impl.cc:2063] [Tags: "ConnectionId":"5521","StreamId":"9538157357245416025"] Codec completed encoding stream.
[2026-10-05 07:14:14.309][14][debug][router] [source/common/router/router.cc:1153] Executing cleanup(): resetting retry_state_ and disabling timers
[2026-10-05 07:14:14.309][14][debug][pool] [source/common/http/http1/conn_pool.cc:61] [Tags: "ConnectionId":"17"] response complete
[2026-10-05 07:14:14.309][14][debug][pool] [source/common/conn_pool/conn_pool_base.cc:282] [Tags: "ConnectionId":"17"] destroying stream: 0 active remaining, readyForStream false, currentUnusedCapacity 1
[2026-10-05 07:14:14.309][14][debug][router] [source/common/router/router.cc:1700] [Tags: "ConnectionId":"5529","StreamId":"15220628980217088318"] upstream headers complete: end_stream=false
[2026-10-05 07:14:14.309][14][debug][lua] [source/extensions/filters/common/lua/lua.cc:23] script log: completed POST /foods/data status=200
[2026-10-05 07:14:14.309][14][debug][lua] [source/extensions/filters/common/lua/lua.cc:67] coroutine finished
[2026-10-05 07:14:14.309][14][debug][http] [source/common/http/conn_manager_impl.cc:1948] [Tags: "ConnectionId":"5529","StreamId":"15220628980217088318"] encoding headers via codec (end_stream=false):
':status', '200'
'content-type', 'application/json'
'date', 'Mon, 05 Oct 2026 07:14:14 GMT'
'content-length', '15'
'x-envoy-upstream-service-time', '0'
'server', 'envoy'

[2026-10-05 07:14:14.309][14][debug][client] [source/common/http/codec_client.cc:137] [Tags: "ConnectionId":"1750"] response complete
[2026-10-05 07:14:14.309][14][debug][router] [source/common/router/router.cc:1153] Executing cleanup(): resetting retry_state_ and disabling timers
[2026-10-05 07:14:14.309][14][debug][http] [source/common/http/conn_manager_impl.cc:2063] [Tags: "ConnectionId":"5529","StreamId":"15220628980217088318"] Codec completed encoding stream.
[2026-10-05 07:14:14.309][14][debug][router] [source/common/router/router.cc:1153] Executing cleanup(): resetting retry_state_ and disabling timers
[2026-10-05 07:14:14.309][14][debug][pool] [source/common/http/http1/conn_pool.cc:61] [Tags: "ConnectionId":"1750"] response complete
[2026-10-05 07:14:14.309][14][debug][pool] [source/common/conn_pool/conn_pool_base.cc:282] [Tags: "ConnectionId":"1750"] destroying stream: 0 active remaining, readyForStream false, currentUnusedCapacity 1
[2026-10-05 07:14:14.325][14][debug][http] [source/common/http/conn_manager_impl.cc:394] [Tags: "ConnectionId":"5523"] new stream
[2026-10-05 07:14:14.325][14][debug][http] [source/common/http/conn_manager_impl.cc:1291] [Tags: "ConnectionId":"5523","StreamId":"6722935551157493561"] request headers complete (end_stream=true):
':authority', 'envoy:10000'
':path', '/payments/pay-30092'
':method', 'GET'
'user-agent', 'Go-http-client/1.1'

[2026-10-05 07:14:14.325][14][debug][http] [source/common/http/conn_manager_impl.cc:1274] [Tags: "ConnectionId":"5523","StreamId":"6722935551157493561"] request end stream timestamp recorded
[2026-10-05 07:14:14.325][14][debug][connection] [./source/common/network/connection_impl.h:101] [Tags: "ConnectionId":"5523"] current connecting state: false
[2026-10-05 07:14:14.325][14][info][lua] [source/extensions/filters/common/lua/lua.cc:26] script log: accepted GET /payments/pay-30092
[2026-10-05 07:14:14.325][14][debug][lua] [source/extensions/filters/common/lua/lua.cc:67] coroutine finished
[2026-10-05 07:14:14.325][14][debug][router] [source/common/router/router.cc:537] [Tags: "ConnectionId":"5523","StreamId":"6722935551157493561"] cluster 'payments' match for URL '/payments/pay-30092'
[2026-10-05 07:14:14.325][14][debug][router] [source/common/router/router.cc:812] [Tags: "ConnectionId":"5523","StreamId":"6722935551157493561"] router decoding headers:
':authority', 'envoy:10000'
':path', '/payments/pay-30092'
':method', 'GET'
':scheme', 'http'
'user-agent', 'Go-http-client/1.1'
'x-forwarded-proto', 'http'
'x-request-id', 'c42f985b-3b66-447c-bd12-0bcf5b3bdd9a'
'x-envoy-expected-rq-timeout-ms', '3000'

[2026-10-05 07:14:14.325][14][debug][pool] [source/common/conn_pool/conn_pool_base.cc:330] [Tags: "ConnectionId":"1749"] using existing fully connected connection
[2026-10-05 07:14:14.325][14][debug][pool] [source/common/conn_pool/conn_pool_base.cc:247] [Tags: "ConnectionId":"1749"] creating stream
[2026-10-05 07:14:14.325][14][debug][router] [source/common/router/upstream_request.cc:606] [Tags: "ConnectionId":"5523","StreamId":"6722935551157493561"] pool ready
[2026-10-05 07:14:14.325][14][debug][client] [source/common/http/codec_client.cc:150] [Tags: "ConnectionId":"1749"] encode complete
[2026-10-05 07:14:14.325][14][debug][http] [source/common/http/conn_manager_impl.cc:394] [Tags: "ConnectionId":"5521"] new stream
[2026-10-05 07:14:14.325][14][debug][http] [source/common/http/conn_manager_impl.cc:1291] [Tags: "ConnectionId":"5521","StreamId":"8404173529565821628"] request headers complete (end_stream=false):
':authority', 'envoy:10000'
':path', '/booking'
':method', 'POST'
'user-agent', 'Go-http-client/1.1'
'content-length', '58'
'content-type', 'application/json'

[2026-10-05 07:14:14.325][14][debug][connection] [./source/common/network/connection_impl.h:101] [Tags: "ConnectionId":"5521"] current connecting state: false
[2026-10-05 07:14:14.325][14][info][lua] [source/extensions/filters/common/lua/lua.cc:26] script log: accepted POST /booking
[2026-10-05 07:14:14.325][14][debug][lua] [source/extensions/filters/common/lua/lua.cc:67] coroutine finished
[2026-10-05 07:14:14.325][14][debug][router] [source/common/router/router.cc:537] [Tags: "ConnectionId":"5521","StreamId":"8404173529565821628"] cluster 'booking' match for URL '/booking'
[2026-10-05 07:14:14.325][14][debug][router] [source/common/router/router.cc:812] [Tags: "ConnectionId":"5521","StreamId":"8404173529565821628"] router decoding headers:
':authority', 'envoy:10000'
':path', '/booking'
':method', 'POST'
':scheme', 'http'
'user-agent', 'Go-http-client/1.1'
'content-length', '58'
'content-type', 'application/json'
'x-forwarded-proto', 'http'
'x-request-id', '2f70a9ae-1ae6-40e8-8f5b-08b6476607bd'
'x-envoy-expected-rq-timeout-ms', '3000'

[2026-10-05 07:14:14.325][14][debug][pool] [source/common/conn_pool/conn_pool_base.cc:330] [Tags: "ConnectionId":"17"] using existing fully connected connection
[2026-10-05 07:14:14.325][14][debug][pool] [source/common/conn_pool/conn_pool_base.cc:247] [Tags: "ConnectionId":"17"] creating stream
[2026-10-05 07:14:14.325][14][debug][router] [source/common/router/upstream_request.cc:606] [Tags: "ConnectionId":"5521","StreamId":"8404173529565821628"] pool ready
[2026-10-05 07:14:14.325][14][debug][router] [source/common/router/router.cc:993] [Tags: "ConnectionId":"5521","StreamId":"8404173529565821628"] router decoding data: 58
[2026-10-05 07:14:14.325][14][debug][http] [source/common/http/conn_manager_impl.cc:1274] [Tags: "ConnectionId":"5521","StreamId":"8404173529565821628"] request end stream timestamp recorded
[2026-10-05 07:14:14.325][14][debug][router] [source/common/router/router.cc:993] [Tags: "ConnectionId":"5521","StreamId":"8404173529565821628"] router decoding data: 0
[2026-10-05 07:14:14.325][14][debug][client] [source/common/http/codec_client.cc:150] [Tags: "ConnectionId":"17"] encode complete
[2026-10-05 07:14:14.325][14][debug][http] [source/common/http/conn_manager_impl.cc:394] [Tags: "ConnectionId":"5529"] new stream
[2026-10-05 07:14:14.325][14][debug][http] [source/common/http/conn_manager_impl.cc:1291] [Tags: "ConnectionId":"5529","StreamId":"2466840808104095275"] request headers complete (end_stream=true):
':authority', 'envoy:10000'
':path', '/bookings/bk-76851'
':method', 'GET'
'user-agent', 'Go-http-client/1.1'

[2026-10-05 07:14:14.325][14][debug][http] [source/common/http/conn_manager_impl.cc:1274] [Tags: "ConnectionId":"5529","StreamId":"2466840808104095275"] request end stream timestamp recorded
[2026-10-05 07:14:14.325][14][debug][connection] [./source/common/network/connection_impl.h:101] [Tags: "ConnectionId":"5529"] current connecting state: false
[2026-10-05 07:14:14.325][14][info][lua] [source/extensions/filters/common/lua/lua.cc:26] script log: accepted GET /bookings/bk-76851
[2026-10-05 07:14:14.325][14][debug][lua] [source/extensions/filters/common/lua/lua.cc:67] coroutine finished
[2026-10-05 07:14:14.325][14][debug][router] [source/common/router/router.cc:537] [Tags: "ConnectionId":"5529","StreamId":"2466840808104095275"] cluster 'booking' match for URL '/bookings/bk-76851'
[2026-10-05 07:14:14.325][14][debug][router] [source/common/router/router.cc:812] [Tags: "ConnectionId":"5529","StreamId":"2466840808104095275"] router decoding headers:
':authority', 'envoy:10000'
':path', '/bookings/bk-76851'
':method', 'GET'
':scheme', 'http'
'user-agent', 'Go-http-client/1.1'
'x-forwarded-proto', 'http'
'x-request-id', '2fe65215-2fe8-4f73-87a8-090d660030ed'
'x-envoy-expected-rq-timeout-ms', '3000'

[2026-10-05 07:14:14.325][14][debug][pool] [source/common/conn_pool/conn_pool_base.cc:330] [Tags: "ConnectionId":"19"] using existing fully connected connection
[2026-10-05 07:14:14.325][14][debug][pool] [source/common/conn_pool/conn_pool_base.cc:247] [Tags: "ConnectionId":"19"] creating stream
[2026-10-05 07:14:14.325][14][debug][router] [source/common/router/upstream_request.cc:606] [Tags: "ConnectionId":"5529","StreamId":"2466840808104095275"] pool ready
[2026-10-05 07:14:14.325][14][debug][client] [source/common/http/codec_client.cc:150] [Tags: "ConnectionId":"19"] encode complete
[2026-10-05 07:14:14.325][14][debug][http] [source/common/http/conn_manager_impl.cc:394] [Tags: "ConnectionId":"5508"] new stream
[2026-10-05 07:14:14.325][14][debug][http] [source/common/http/conn_manager_impl.cc:1291] [Tags: "ConnectionId":"5508","StreamId":"9349901533415937651"] request headers complete (end_stream=false):
':authority', 'envoy:10000'
':path', '/payments'
':method', 'POST'
'user-agent', 'Go-http-client/1.1'
'content-length', '57'
'content-type', 'application/json'

[2026-10-05 07:14:14.325][14][debug][connection] [./source/common/network/connection_impl.h:101] [Tags: "ConnectionId":"5508"] current connecting state: false
[2026-10-05 07:14:14.325][14][info][lua] [source/extensions/filters/common/lua/lua.cc:26] script log: accepted POST /payments
[2026-10-05 07:14:14.325][14][debug][lua] [source/extensions/filters/common/lua/lua.cc:67] coroutine finished
[2026-10-05 07:14:14.325][14][debug][router] [source/common/router/router.cc:537] [Tags: "ConnectionId":"5508","StreamId":"9349901533415937651"] cluster 'payments' match for URL '/payments'
[2026-10-05 07:14:14.325][14][debug][router] [source/common/router/router.cc:812] [Tags: "ConnectionId":"5508","StreamId":"9349901533415937651"] router decoding headers:
':authority', 'envoy:10000'
':path', '/payments'
':method', 'POST'
':scheme', 'http'
'user-agent', 'Go-http-client/1.1'
'content-length', '57'
'content-type', 'application/json'
'x-forwarded-proto', 'http'
'x-request-id', '9ad935ca-2115-4c45-889b-5e6833a37fe9'
'x-envoy-expected-rq-timeout-ms', '3000'

[2026-10-05 07:14:14.325][14][debug][pool] [source/common/conn_pool/conn_pool_base.cc:330] [Tags: "ConnectionId":"21"] using existing fully connected connection
[2026-10-05 07:14:14.325][14][debug][pool] [source/common/conn_pool/conn_pool_base.cc:247] [Tags: "ConnectionId":"21"] creating stream
[2026-10-05 07:14:14.325][14][debug][router] [source/common/router/upstream_request.cc:606] [Tags: "ConnectionId":"5508","StreamId":"9349901533415937651"] pool ready
[2026-10-05 07:14:14.325][14][debug][router] [source/common/router/router.cc:993] [Tags: "ConnectionId":"5508","StreamId":"9349901533415937651"] router decoding data: 57
[2026-10-05 07:14:14.325][14][debug][http] [source/common/http/conn_manager_impl.cc:1274] [Tags: "ConnectionId":"5508","StreamId":"9349901533415937651"] request end stream timestamp recorded
[2026-10-05 07:14:14.325][14][debug][router] [source/common/router/router.cc:993] [Tags: "ConnectionId":"5508","StreamId":"9349901533415937651"] router decoding data: 0
[2026-10-05 07:14:14.325][14][debug][client] [source/common/http/codec_client.cc:150] [Tags: "ConnectionId":"21"] encode complete
[2026-10-05 07:14:14.325][14][debug][router] [source/common/router/router.cc:1700] [Tags: "ConnectionId":"5521","StreamId":"8404173529565821628"] upstream headers complete: end_stream=false
[2026-10-05 07:14:14.325][14][debug][lua] [source/extensions/filters/common/lua/lua.cc:23] script log: completed POST /booking status=200
[2026-10-05 07:14:14.325][14][debug][lua] [source/extensions/filters/common/lua/lua.cc:67] coroutine finished
[2026-10-05 07:14:14.325][14][debug][http] [source/common/http/conn_manager_impl.cc:1948] [Tags: "ConnectionId":"5521","StreamId":"8404173529565821628"] encoding headers via codec (end_stream=false):
':status', '200'
'content-type', 'application/json'
'date', 'Mon, 05 Oct 2026 07:14:14 GMT'
'content-length', '15'
'x-envoy-upstream-service-time', '0'
'server', 'envoy'

[2026-10-05 07:14:14.325][14][debug][client] [source/common/http/codec_client.cc:137] [Tags: "ConnectionId":"17"] response complete
[2026-10-05 07:14:14.325][14][debug][router] [source/common/router/router.cc:1153] Executing cleanup(): resetting retry_state_ and disabling timers
[2026-10-05 07:14:14.325][14][debug][http] [source/common/http/conn_manager_impl.cc:2063] [Tags: "ConnectionId":"5521","StreamId":"8404173529565821628"] Codec completed encoding stream.
[2026-10-05 07:14:14.325][14][debug][router] [source/common/router/router.cc:1153] Executing cleanup(): resetting retry_state_ and disabling timers
[2026-10-05 07:14:14.325][14][debug][pool] [source/common/http/http1/conn_pool.cc:61] [Tags: "ConnectionId":"17"] response complete
[2026-10-05 07:14:14.325][14][debug][pool] [source/common/conn_pool/conn_pool_base.cc:282] [Tags: "ConnectionId":"17"] destroying stream: 0 active remaining, readyForStream false, currentUnusedCapacity 1
[2026-10-05 07:14:14.325][14][debug][router] [source/common/router/router.cc:1700] [Tags: "ConnectionId":"5508","StreamId":"9349901533415937651"] upstream headers complete: end_stream=false
[2026-10-05 07:14:14.325][14][debug][lua] [source/extensions/filters/common/lua/lua.cc:23] script log: completed POST /payments status=200
[2026-10-05 07:14:14.325][14][debug][lua] [source/extensions/filters/common/lua/lua.cc:67] coroutine finished
[2026-10-05 07:14:14.325][14][debug][http] [source/common/http/conn_manager_impl.cc:1948] [Tags: "ConnectionId":"5508","StreamId":"9349901533415937651"] encoding headers via codec (end_stream=false):
':status', '200'
'content-type', 'application/json'
'date', 'Mon, 05 Oct 2026 07:14:14 GMT'
'content-length', '15'
'x-envoy-upstream-service-time', '0'
'server', 'envoy'

[2026-10-05 07:14:14.325][14][debug][client] [source/common/http/codec_client.cc:137] [Tags: "ConnectionId":"21"] response complete
[2026-10-05 07:14:14.325][14][debug][router] [source/common/router/router.cc:1153] Executing cleanup(): resetting retry_state_ and disabling timers
[2026-10-05 07:14:14.325][14][debug][http] [source/common/http/conn_manager_impl.cc:2063] [Tags: "ConnectionId":"5508","StreamId":"9349901533415937651"] Codec completed encoding stream.
[2026-10-05 07:14:14.325][14][debug][router] [source/common/router/router.cc:1153] Executing cleanup(): resetting retry_state_ and disabling timers
[2026-10-05 07:14:14.325][14][debug][pool] [source/common/http/http1/conn_pool.cc:61] [Tags: "ConnectionId":"21"] response complete
[2026-10-05 07:14:14.325][14][debug][pool] [source/common/conn_pool/conn_pool_base.cc:282] [Tags: "ConnectionId":"21"] destroying stream: 0 active remaining, readyForStream false, currentUnusedCapacity 1
[2026-10-05 07:14:14.325][14][debug][router] [source/common/router/router.cc:1700] [Tags: "ConnectionId":"5529","StreamId":"2466840808104095275"] upstream headers complete: end_stream=false
[2026-10-05 07:14:14.325][14][debug][lua] [source/extensions/filters/common/lua/lua.cc:23] script log: completed GET /bookings/bk-76851 status=200
[2026-10-05 07:14:14.325][14][debug][lua] [source/extensions/filters/common/lua/lua.cc:67] coroutine finished
[2026-10-05 07:14:14.325][14][debug][http] [source/common/http/conn_manager_impl.cc:1948] [Tags: "ConnectionId":"5529","StreamId":"2466840808104095275"] encoding headers via codec (end_stream=false):
':status', '200'
'content-type', 'application/json'
'date', 'Mon, 05 Oct 2026 07:14:14 GMT'
'content-length', '31'
'x-envoy-upstream-service-time', '0'
'server', 'envoy'

[2026-10-05 07:14:14.325][14][debug][client] [source/common/http/codec_client.cc:137] [Tags: "ConnectionId":"19"] response complete
[2026-10-05 07:14:14.325][14][debug][router] [source/common/router/router.cc:1153] Executing cleanup(): resetting retry_state_ and disabling timers
[2026-10-05 07:14:14.325][14][debug][http] [source/common/http/conn_manager_impl.cc:2063] [Tags: "ConnectionId":"5529","StreamId":"2466840808104095275"] Codec completed encoding stream.
[2026-10-05 07:14:14.325][14][debug][router] [source/common/router/router.cc:1153] Executing cleanup(): resetting retry_state_ and disabling timers
[2026-10-05 07:14:14.325][14][debug][pool] [source/common/http/http1/conn_pool.cc:61] [Tags: "ConnectionId":"19"] response complete
[2026-10-05 07:14:14.325][14][debug][pool] [source/common/conn_pool/conn_pool_base.cc:282] [Tags: "ConnectionId":"19"] destroying stream: 0 active remaining, readyForStream false, currentUnusedCapacity 1
[2026-10-05 07:14:14.325][14][debug][router] [source/common/router/router.cc:1700] [Tags: "ConnectionId":"5523","StreamId":"6722935551157493561"] upstream headers complete: end_stream=false
[2026-10-05 07:14:14.325][14][debug][lua] [source/extensions/filters/common/lua/lua.cc:23] script log: completed GET /payments/pay-30092 status=200
[2026-10-05 07:14:14.325][14][debug][lua] [source/extensions/filters/common/lua/lua.cc:67] coroutine finished
[2026-10-05 07:14:14.325][14][debug][http] [source/common/http/conn_manager_impl.cc:1948] [Tags: "ConnectionId":"5523","StreamId":"6722935551157493561"] encoding headers via codec (end_stream=false):
':status', '200'
'content-type', 'application/json'
'date', 'Mon, 05 Oct 2026 07:14:14 GMT'
'content-length', '32'
'x-envoy-upstream-service-time', '0'
'server', 'envoy'

[2026-10-05 07:14:14.325][14][debug][client] [source/common/http/codec_client.cc:137] [Tags: "ConnectionId":"1749"] response complete
[2026-10-05 07:14:14.325][14][debug][router] [source/common/router/router.cc:1153] Executing cleanup(): resetting retry_state_ and disabling timers
[2026-10-05 07:14:14.325][14][debug][http] [source/common/http/conn_manager_impl.cc:2063] [Tags: "ConnectionId":"5523","StreamId":"6722935551157493561"] Codec completed encoding stream.
[2026-10-05 07:14:14.325][14][debug][router] [source/common/router/router.cc:1153] Executing cleanup(): resetting retry_state_ and disabling timers
[2026-10-05 07:14:14.325][14][debug][pool] [source/common/http/http1/conn_pool.cc:61] [Tags: "ConnectionId":"1749"] response complete
[2026-10-05 07:14:14.325][14][debug][pool] [source/common/conn_pool/conn_pool_base.cc:282] [Tags: "ConnectionId":"1749"] destroying stream: 0 active remaining, readyForStream false, currentUnusedCapacity 1
[2026-10-05 07:14:14.325][14][debug][http] [source/common/http/conn_manager_impl.cc:394] [Tags: "ConnectionId":"5506"] new stream
[2026-10-05 07:14:14.326][14][debug][http] [source/common/http/conn_manager_impl.cc:1291] [Tags: "ConnectionId":"5506","StreamId":"5354153841526727007"] request headers complete (end_stream=true):
':authority', 'envoy:10000'
':path', '/bookings'
':method', 'OPTIONS'
'user-agent', 'Go-http-client/1.1'

[2026-10-05 07:14:14.326][14][debug][http] [source/common/http/conn_manager_impl.cc:1274] [Tags: "ConnectionId":"5506","StreamId":"5354153841526727007"] request end stream timestamp recorded
[2026-10-05 07:14:14.326][14][debug][connection] [./source/common/network/connection_impl.h:101] [Tags: "ConnectionId":"5506"] current connecting state: false
[2026-10-05 07:14:14.326][14][info][lua] [source/extensions/filters/common/lua/lua.cc:26] script log: accepted OPTIONS /bookings
[2026-10-05 07:14:14.326][14][debug][lua] [source/extensions/filters/common/lua/lua.cc:67] coroutine finished
[2026-10-05 07:14:14.326][14][debug][router] [source/common/router/router.cc:537] [Tags: "ConnectionId":"5506","StreamId":"5354153841526727007"] cluster 'booking' match for URL '/bookings'
[2026-10-05 07:14:14.326][14][debug][router] [source/common/router/router.cc:812] [Tags: "ConnectionId":"5506","StreamId":"5354153841526727007"] router decoding headers:
':authority', 'envoy:10000'
':path', '/bookings'
':method', 'OPTIONS'
':scheme', 'http'
'user-agent', 'Go-http-client/1.1'
'x-forwarded-proto', 'http'
'x-request-id', '2ee3f128-2290-426d-a399-7c2a73d36cfb'
'x-envoy-expected-rq-timeout-ms', '3000'

[2026-10-05 07:14:14.326][14][debug][pool] [source/common/conn_pool/conn_pool_base.cc:330] [Tags: "ConnectionId":"19"] using existing fully connected connection
[2026-10-05 07:14:14.326][14][debug][pool] [source/common/conn_pool/conn_pool_base.cc:247] [Tags: "ConnectionId":"19"] creating stream
[2026-10-05 07:14:14.326][14][debug][router] [source/common/router/upstream_request.cc:606] [Tags: "ConnectionId":"5506","StreamId":"5354153841526727007"] pool ready
[2026-10-05 07:14:14.326][14][debug][client] [source/common/http/codec_client.cc:150] [Tags: "ConnectionId":"19"] encode complete
[2026-10-05 07:14:14.326][14][debug][http] [source/common/http/conn_manager_impl.cc:394] [Tags: "ConnectionId":"5527"] new stream
[2026-10-05 07:14:14.326][14][debug][http] [source/common/http/conn_manager_impl.cc:1291] [Tags: "ConnectionId":"5527","StreamId":"3613316402987771372"] request headers complete (end_stream=false):
':authority', 'envoy:10000'
':path', '/booking'
':method', 'POST'
'user-agent', 'Go-http-client/1.1'
'content-length', '58'
'content-type', 'application/json'

[2026-10-05 07:14:14.326][14][debug][connection] [./source/common/network/connection_impl.h:101] [Tags: "ConnectionId":"5527"] current connecting state: false
[2026-10-05 07:14:14.326][14][info][lua] [source/extensions/filters/common/lua/lua.cc:26] script log: accepted POST /booking
[2026-10-05 07:14:14.326][14][debug][lua] [source/extensions/filters/common/lua/lua.cc:67] coroutine finished
[2026-10-05 07:14:14.326][14][debug][router] [source/common/router/router.cc:537] [Tags: "ConnectionId":"5527","StreamId":"3613316402987771372"] cluster 'booking' match for URL '/booking'
[2026-10-05 07:14:14.326][14][debug][router] [source/common/router/router.cc:812] [Tags: "ConnectionId":"5527","StreamId":"3613316402987771372"] router decoding headers:
':authority', 'envoy:10000'
':path', '/booking'
':method', 'POST'
':scheme', 'http'
'user-agent', 'Go-http-client/1.1'
'content-length', '58'
'content-type', 'application/json'
'x-forwarded-proto', 'http'
'x-request-id', '75ece94b-e34f-4e34-b70d-752f241ecc83'
'x-envoy-expected-rq-timeout-ms', '3000'

[2026-10-05 07:14:14.326][14][debug][pool] [source/common/conn_pool/conn_pool_base.cc:330] [Tags: "ConnectionId":"17"] using existing fully connected connection
[2026-10-05 07:14:14.326][14][debug][pool] [source/common/conn_pool/conn_pool_base.cc:247] [Tags: "ConnectionId":"17"] creating stream
[2026-10-05 07:14:14.326][14][debug][router] [source/common/router/upstream_request.cc:606] [Tags: "ConnectionId":"5527","StreamId":"3613316402987771372"] pool ready
[2026-10-05 07:14:14.326][14][debug][router] [source/common/router/router.cc:993] [Tags: "ConnectionId":"5527","StreamId":"3613316402987771372"] router decoding data: 58
[2026-10-05 07:14:14.326][14][debug][http] [source/common/http/conn_manager_impl.cc:1274] [Tags: "ConnectionId":"5527","StreamId":"3613316402987771372"] request end stream timestamp recorded
[2026-10-05 07:14:14.326][14][debug][router] [source/common/router/router.cc:993] [Tags: "ConnectionId":"5527","StreamId":"3613316402987771372"] router decoding data: 0
[2026-10-05 07:14:14.326][14][debug][client] [source/common/http/codec_client.cc:150] [Tags: "ConnectionId":"17"] encode complete
[2026-10-05 07:14:14.326][14][debug][http] [source/common/http/conn_manager_impl.cc:394] [Tags: "ConnectionId":"5531"] new stream
[2026-10-05 07:14:14.326][14][debug][http] [source/common/http/conn_manager_impl.cc:1291] [Tags: "ConnectionId":"5531","StreamId":"6412073808409771578"] request headers complete (end_stream=true):
':authority', 'envoy:10000'
':path', '/users/usr-70390'
':method', 'GET'
'user-agent', 'Go-http-client/1.1'

[2026-10-05 07:14:14.326][14][debug][http] [source/common/http/conn_manager_impl.cc:1274] [Tags: "ConnectionId":"5531","StreamId":"6412073808409771578"] request end stream timestamp recorded
[2026-10-05 07:14:14.326][14][debug][connection] [./source/common/network/connection_impl.h:101] [Tags: "ConnectionId":"5531"] current connecting state: false
[2026-10-05 07:14:14.326][14][info][lua] [source/extensions/filters/common/lua/lua.cc:26] script log: accepted GET /users/usr-70390
[2026-10-05 07:14:14.326][14][debug][lua] [source/extensions/filters/common/lua/lua.cc:67] coroutine finished
[2026-10-05 07:14:14.326][14][debug][router] [source/common/router/router.cc:537] [Tags: "ConnectionId":"5531","StreamId":"6412073808409771578"] cluster 'users' match for URL '/users/usr-70390'
[2026-10-05 07:14:14.326][14][debug][router] [source/common/router/router.cc:812] [Tags: "ConnectionId":"5531","StreamId":"6412073808409771578"] router decoding headers:
':authority', 'envoy:10000'
':path', '/users/usr-70390'
':method', 'GET'
':scheme', 'http'
'user-agent', 'Go-http-client/1.1'
'x-forwarded-proto', 'http'
'x-request-id', 'b0592d69-6d77-4f79-bad5-ef0daad02e5c'
'x-envoy-expected-rq-timeout-ms', '3000'

[2026-10-05 07:14:14.326][14][debug][pool] [source/common/conn_pool/conn_pool_base.cc:330] [Tags: "ConnectionId":"23"] using existing fully connected connection
[2026-10-05 07:14:14.326][14][debug][pool] [source/common/conn_pool/conn_pool_base.cc:247] [Tags: "ConnectionId":"23"] creating stream
[2026-10-05 07:14:14.326][14][debug][router] [source/common/router/upstream_request.cc:606] [Tags: "ConnectionId":"5531","StreamId":"6412073808409771578"] pool ready
[2026-10-05 07:14:14.326][14][debug][client] [source/common/http/codec_client.cc:150] [Tags: "ConnectionId":"23"] encode complete
[2026-10-05 07:14:14.326][14][debug][http] [source/common/http/conn_manager_impl.cc:394] [Tags: "ConnectionId":"5470"] new stream
[2026-10-05 07:14:14.326][14][debug][http] [source/common/http/conn_manager_impl.cc:1291] [Tags: "ConnectionId":"5470","StreamId":"13715861664884730983"] request headers complete (end_stream=false):
':authority', 'envoy:10000'
':path', '/order/ord-39529'
':method', 'PUT'
'user-agent', 'Go-http-client/1.1'
'content-length', '22'
'content-type', 'application/json'

[2026-10-05 07:14:14.326][14][debug][connection] [./source/common/network/connection_impl.h:101] [Tags: "ConnectionId":"5470"] current connecting state: false
[2026-10-05 07:14:14.326][14][info][lua] [source/extensions/filters/common/lua/lua.cc:26] script log: accepted PUT /order/ord-39529
[2026-10-05 07:14:14.326][14][debug][lua] [source/extensions/filters/common/lua/lua.cc:67] coroutine finished
[2026-10-05 07:14:14.326][14][debug][router] [source/common/router/router.cc:537] [Tags: "ConnectionId":"5470","StreamId":"13715861664884730983"] cluster 'orders' match for URL '/order/ord-39529'
[2026-10-05 07:14:14.326][14][debug][router] [source/common/router/router.cc:812] [Tags: "ConnectionId":"5470","StreamId":"13715861664884730983"] router decoding headers:
':authority', 'envoy:10000'
':path', '/order/ord-39529'
':method', 'PUT'
':scheme', 'http'
'user-agent', 'Go-http-client/1.1'
'content-length', '22'
'content-type', 'application/json'
'x-forwarded-proto', 'http'
'x-request-id', '59d06baa-72aa-40e4-9b16-228064343117'
'x-envoy-expected-rq-timeout-ms', '3000'

[2026-10-05 07:14:14.326][14][debug][pool] [source/common/conn_pool/conn_pool_base.cc:330] [Tags: "ConnectionId":"1746"] using existing fully connected connection
[2026-10-05 07:14:14.326][14][debug][pool] [source/common/conn_pool/conn_pool_base.cc:247] [Tags: "ConnectionId":"1746"] creating stream
[2026-10-05 07:14:14.326][14][debug][router] [source/common/router/upstream_request.cc:606] [Tags: "ConnectionId":"5470","StreamId":"13715861664884730983"] pool ready
[2026-10-05 07:14:14.326][14][debug][router] [source/common/router/router.cc:993] [Tags: "ConnectionId":"5470","StreamId":"13715861664884730983"] router decoding data: 22
[2026-10-05 07:14:14.326][14][debug][http] [source/common/http/conn_manager_impl.cc:1274] [Tags: "ConnectionId":"5470","StreamId":"13715861664884730983"] request end stream timestamp recorded
[2026-10-05 07:14:14.326][14][debug][router] [source/common/router/router.cc:993] [Tags: "ConnectionId":"5470","StreamId":"13715861664884730983"] router decoding data: 0
[2026-10-05 07:14:14.326][14][debug][client] [source/common/http/codec_client.cc:150] [Tags: "ConnectionId":"1746"] encode complete
[2026-10-05 07:14:14.326][14][debug][http] [source/common/http/conn_manager_impl.cc:394] [Tags: "ConnectionId":"5528"] new stream
[2026-10-05 07:14:14.326][14][debug][http] [source/common/http/conn_manager_impl.cc:1291] [Tags: "ConnectionId":"5528","StreamId":"18164634942229156478"] request headers complete (end_stream=true):
':authority', 'envoy:10000'
':path', '/payments/pay-50821'
':method', 'GET'
'user-agent', 'Go-http-client/1.1'

[2026-10-05 07:14:14.326][14][debug][http] [source/common/http/conn_manager_impl.cc:1274] [Tags: "ConnectionId":"5528","StreamId":"18164634942229156478"] request end stream timestamp recorded
[2026-10-05 07:14:14.326][14][debug][connection] [./source/common/network/connection_impl.h:101] [Tags: "ConnectionId":"5528"] current connecting state: false
[2026-10-05 07:14:14.326][14][info][lua] [source/extensions/filters/common/lua/lua.cc:26] script log: accepted GET /payments/pay-50821
[2026-10-05 07:14:14.326][14][debug][lua] [source/extensions/filters/common/lua/lua.cc:67] coroutine finished
[2026-10-05 07:14:14.326][14][debug][router] [source/common/router/router.cc:537] [Tags: "ConnectionId":"5528","StreamId":"18164634942229156478"] cluster 'payments' match for URL '/payments/pay-50821'
[2026-10-05 07:14:14.326][14][debug][router] [source/common/router/router.cc:812] [Tags: "ConnectionId":"5528","StreamId":"18164634942229156478"] router decoding headers:
':authority', 'envoy:10000'
':path', '/payments/pay-50821'
':method', 'GET'
':scheme', 'http'
'user-agent', 'Go-http-client/1.1'
'x-forwarded-proto', 'http'
'x-request-id', 'bac3a950-d99d-4f71-8cab-c0652cf4842a'
'x-envoy-expected-rq-timeout-ms', '3000'

[2026-10-05 07:14:14.326][14][debug][pool] [source/common/conn_pool/conn_pool_base.cc:330] [Tags: "ConnectionId":"1749"] using existing fully connected connection
[2026-10-05 07:14:14.326][14][debug][pool] [source/common/conn_pool/conn_pool_base.cc:247] [Tags: "ConnectionId":"1749"] creating stream
[2026-10-05 07:14:14.326][14][debug][router] [source/common/router/upstream_request.cc:606] [Tags: "ConnectionId":"5528","StreamId":"18164634942229156478"] pool ready
[2026-10-05 07:14:14.326][14][debug][client] [source/common/http/codec_client.cc:150] [Tags: "ConnectionId":"1749"] encode complete
[2026-10-05 07:14:14.326][14][debug][http] [source/common/http/conn_manager_impl.cc:394] [Tags: "ConnectionId":"5515"] new stream
[2026-10-05 07:14:14.326][14][debug][http] [source/common/http/conn_manager_impl.cc:1291] [Tags: "ConnectionId":"5515","StreamId":"15430095408014370403"] request headers complete (end_stream=true):
':authority', 'envoy:10000'
':path', '/bookings/bk-50376'
':method', 'GET'
'user-agent', 'Go-http-client/1.1'

[2026-10-05 07:14:14.326][14][debug][http] [source/common/http/conn_manager_impl.cc:1274] [Tags: "ConnectionId":"5515","StreamId":"15430095408014370403"] request end stream timestamp recorded
[2026-10-05 07:14:14.326][14][debug][connection] [./source/common/network/connection_impl.h:101] [Tags: "ConnectionId":"5515"] current connecting state: false
[2026-10-05 07:14:14.326][14][info][lua] [source/extensions/filters/common/lua/lua.cc:26] script log: accepted GET /bookings/bk-50376
[2026-10-05 07:14:14.326][14][debug][lua] [source/extensions/filters/common/lua/lua.cc:67] coroutine finished
[2026-10-05 07:14:14.326][14][debug][router] [source/common/router/router.cc:537] [Tags: "ConnectionId":"5515","StreamId":"15430095408014370403"] cluster 'booking' match for URL '/bookings/bk-50376'
[2026-10-05 07:14:14.326][14][debug][router] [source/common/router/router.cc:812] [Tags: "ConnectionId":"5515","StreamId":"15430095408014370403"] router decoding headers:
':authority', 'envoy:10000'
':path', '/bookings/bk-50376'
':method', 'GET'
':scheme', 'http'
'user-agent', 'Go-http-client/1.1'
'x-forwarded-proto', 'http'
'x-request-id', '1d542a7e-7dc3-4b44-b1cc-8ef138674620'
'x-envoy-expected-rq-timeout-ms', '3000'

[2026-10-05 07:14:14.326][14][debug][pool] [source/common/conn_pool/conn_pool_base.cc:330] [Tags: "ConnectionId":"2"] using existing fully connected connection
[2026-10-05 07:14:14.326][14][debug][pool] [source/common/conn_pool/conn_pool_base.cc:247] [Tags: "ConnectionId":"2"] creating stream
[2026-10-05 07:14:14.326][14][debug][router] [source/common/router/upstream_request.cc:606] [Tags: "ConnectionId":"5515","StreamId":"15430095408014370403"] pool ready
[2026-10-05 07:14:14.326][14][debug][client] [source/common/http/codec_client.cc:150] [Tags: "ConnectionId":"2"] encode complete
[2026-10-05 07:14:14.326][14][debug][router] [source/common/router/router.cc:1700] [Tags: "ConnectionId":"5531","StreamId":"6412073808409771578"] upstream headers complete: end_stream=false
[2026-10-05 07:14:14.326][14][debug][lua] [source/extensions/filters/common/lua/lua.cc:23] script log: completed GET /users/usr-70390 status=200
[2026-10-05 07:14:14.326][14][debug][lua] [source/extensions/filters/common/lua/lua.cc:67] coroutine finished
[2026-10-05 07:14:14.326][14][debug][http] [source/common/http/conn_manager_impl.cc:1948] [Tags: "ConnectionId":"5531","StreamId":"6412073808409771578"] encoding headers via codec (end_stream=false):
':status', '200'
'content-type', 'application/json'
'date', 'Mon, 05 Oct 2026 07:14:14 GMT'
'content-length', '32'
'x-envoy-upstream-service-time', '0'
'server', 'envoy'

[2026-10-05 07:14:14.326][14][debug][client] [source/common/http/codec_client.cc:137] [Tags: "ConnectionId":"23"] response complete
[2026-10-05 07:14:14.326][14][debug][router] [source/common/router/router.cc:1153] Executing cleanup(): resetting retry_state_ and disabling timers
[2026-10-05 07:14:14.326][14][debug][http] [source/common/http/conn_manager_impl.cc:2063] [Tags: "ConnectionId":"5531","StreamId":"6412073808409771578"] Codec completed encoding stream.
[2026-10-05 07:14:14.326][14][debug][router] [source/common/router/router.cc:1153] Executing cleanup(): resetting retry_state_ and disabling timers
[2026-10-05 07:14:14.326][14][debug][pool] [source/common/http/http1/conn_pool.cc:61] [Tags: "ConnectionId":"23"] response complete
[2026-10-05 07:14:14.326][14][debug][pool] [source/common/conn_pool/conn_pool_base.cc:282] [Tags: "ConnectionId":"23"] destroying stream: 0 active remaining, readyForStream false, currentUnusedCapacity 1
[2026-10-05 07:14:14.326][14][debug][router] [source/common/router/router.cc:1700] [Tags: "ConnectionId":"5528","StreamId":"18164634942229156478"] upstream headers complete: end_stream=false
[2026-10-05 07:14:14.326][14][debug][lua] [source/extensions/filters/common/lua/lua.cc:23] script log: completed GET /payments/pay-50821 status=200
[2026-10-05 07:14:14.326][14][debug][lua] [source/extensions/filters/common/lua/lua.cc:67] coroutine finished
[2026-10-05 07:14:14.326][14][debug][http] [source/common/http/conn_manager_impl.cc:1948] [Tags: "ConnectionId":"5528","StreamId":"18164634942229156478"] encoding headers via codec (end_stream=false):
':status', '200'
'content-type', 'application/json'
'date', 'Mon, 05 Oct 2026 07:14:14 GMT'
'content-length', '32'
'x-envoy-upstream-service-time', '0'
'server', 'envoy'

[2026-10-05 07:14:14.326][14][debug][client] [source/common/http/codec_client.cc:137] [Tags: "ConnectionId":"1749"] response complete
[2026-10-05 07:14:14.326][14][debug][router] [source/common/router/router.cc:1153] Executing cleanup(): resetting retry_state_ and disabling timers
[2026-10-05 07:14:14.326][14][debug][http] [source/common/http/conn_manager_impl.cc:2063] [Tags: "ConnectionId":"5528","StreamId":"18164634942229156478"] Codec completed encoding stream.
[2026-10-05 07:14:14.326][14][debug][router] [source/common/router/router.cc:1153] Executing cleanup(): resetting retry_state_ and disabling timers
[2026-10-05 07:14:14.326][14][debug][pool] [source/common/http/http1/conn_pool.cc:61] [Tags: "ConnectionId":"1749"] response complete
[2026-10-05 07:14:14.326][14][debug][pool] [source/common/conn_pool/conn_pool_base.cc:282] [Tags: "ConnectionId":"1749"] destroying stream: 0 active remaining, readyForStream false, currentUnusedCapacity 1
[2026-10-05 07:14:14.326][14][debug][router] [source/common/router/router.cc:1700] [Tags: "ConnectionId":"5527","StreamId":"3613316402987771372"] upstream headers complete: end_stream=false
[2026-10-05 07:14:14.326][14][debug][lua] [source/extensions/filters/common/lua/lua.cc:23] script log: completed POST /booking status=200
[2026-10-05 07:14:14.326][14][debug][lua] [source/extensions/filters/common/lua/lua.cc:67] coroutine finished
[2026-10-05 07:14:14.326][14][debug][http] [source/common/http/conn_manager_impl.cc:1948] [Tags: "ConnectionId":"5527","StreamId":"3613316402987771372"] encoding headers via codec (end_stream=false):
':status', '200'
'content-type', 'application/json'
'date', 'Mon, 05 Oct 2026 07:14:14 GMT'
'content-length', '15'
'x-envoy-upstream-service-time', '0'
'server', 'envoy'

[2026-10-05 07:14:14.326][14][debug][client] [source/common/http/codec_client.cc:137] [Tags: "ConnectionId":"17"] response complete
[2026-10-05 07:14:14.326][14][debug][router] [source/common/router/router.cc:1153] Executing cleanup(): resetting retry_state_ and disabling timers
[2026-10-05 07:14:14.326][14][debug][http] [source/common/http/conn_manager_impl.cc:2063] [Tags: "ConnectionId":"5527","StreamId":"3613316402987771372"] Codec completed encoding stream.
[2026-10-05 07:14:14.326][14][debug][router] [source/common/router/router.cc:1153] Executing cleanup(): resetting retry_state_ and disabling timers
[2026-10-05 07:14:14.326][14][debug][pool] [source/common/http/http1/conn_pool.cc:61] [Tags: "ConnectionId":"17"] response complete
[2026-10-05 07:14:14.326][14][debug][pool] [source/common/conn_pool/conn_pool_base.cc:282] [Tags: "ConnectionId":"17"] destroying stream: 0 active remaining, readyForStream false, currentUnusedCapacity 1
[2026-10-05 07:14:14.326][14][debug][router] [source/common/router/router.cc:1700] [Tags: "ConnectionId":"5470","StreamId":"13715861664884730983"] upstream headers complete: end_stream=false
[2026-10-05 07:14:14.326][14][debug][lua] [source/extensions/filters/common/lua/lua.cc:23] script log: completed PUT /order/ord-39529 status=200
[2026-10-05 07:14:14.326][14][debug][lua] [source/extensions/filters/common/lua/lua.cc:67] coroutine finished
[2026-10-05 07:14:14.326][14][debug][http] [source/common/http/conn_manager_impl.cc:1948] [Tags: "ConnectionId":"5470","StreamId":"13715861664884730983"] encoding headers via codec (end_stream=false):
':status', '200'
'content-type', 'application/json'
'date', 'Mon, 05 Oct 2026 07:14:14 GMT'
'content-length', '37'
'x-envoy-upstream-service-time', '0'
'server', 'envoy'

[2026-10-05 07:14:14.326][14][debug][client] [source/common/http/codec_client.cc:137] [Tags: "ConnectionId":"1746"] response complete
[2026-10-05 07:14:14.326][14][debug][router] [source/common/router/router.cc:1153] Executing cleanup(): resetting retry_state_ and disabling timers
[2026-10-05 07:14:14.326][14][debug][http] [source/common/http/conn_manager_impl.cc:2063] [Tags: "ConnectionId":"5470","StreamId":"13715861664884730983"] Codec completed encoding stream.
[2026-10-05 07:14:14.326][14][debug][router] [source/common/router/router.cc:1153] Executing cleanup(): resetting retry_state_ and disabling timers
[2026-10-05 07:14:14.326][14][debug][pool] [source/common/http/http1/conn_pool.cc:61] [Tags: "ConnectionId":"1746"] response complete
[2026-10-05 07:14:14.326][14][debug][pool] [source/common/conn_pool/conn_pool_base.cc:282] [Tags: "ConnectionId":"1746"] destroying stream: 0 active remaining, readyForStream false, currentUnusedCapacity 1
[2026-10-05 07:14:14.326][14][debug][client] [source/common/http/codec_client.cc:137] [Tags: "ConnectionId":"19"] response complete
[2026-10-05 07:14:14.326][14][debug][router] [source/common/router/router.cc:1700] [Tags: "ConnectionId":"5506","StreamId":"5354153841526727007"] upstream headers complete: end_stream=true
[2026-10-05 07:14:14.326][14][debug][router] [source/common/router/router.cc:1153] Executing cleanup(): resetting retry_state_ and disabling timers
[2026-10-05 07:14:14.326][14][debug][lua] [source/extensions/filters/common/lua/lua.cc:23] script log: completed OPTIONS /bookings status=204
[2026-10-05 07:14:14.326][14][debug][lua] [source/extensions/filters/common/lua/lua.cc:67] coroutine finished
[2026-10-05 07:14:14.326][14][debug][http] [source/common/http/conn_manager_impl.cc:1948] [Tags: "ConnectionId":"5506","StreamId":"5354153841526727007"] encoding headers via codec (end_stream=true):
':status', '204'
'access-control-allow-methods', 'GET, OPTIONS'
'allow', 'GET, OPTIONS'
'date', 'Mon, 05 Oct 2026 07:14:14 GMT'
'x-envoy-upstream-service-time', '0'
'server', 'envoy'

[2026-10-05 07:14:14.326][14][debug][http] [source/common/http/conn_manager_impl.cc:2063] [Tags: "ConnectionId":"5506","StreamId":"5354153841526727007"] Codec completed encoding stream.
[2026-10-05 07:14:14.326][14][debug][router] [source/common/router/router.cc:1153] Executing cleanup(): resetting retry_state_ and disabling timers
[2026-10-05 07:14:14.326][14][debug][pool] [source/common/http/http1/conn_pool.cc:61] [Tags: "ConnectionId":"19"] response complete
[2026-10-05 07:14:14.326][14][debug][pool] [source/common/conn_pool/conn_pool_base.cc:282] [Tags: "ConnectionId":"19"] destroying stream: 0 active remaining, readyForStream false, currentUnusedCapacity 1
[2026-10-05 07:14:14.326][14][debug][router] [source/common/router/router.cc:1700] [Tags: "ConnectionId":"5515","StreamId":"15430095408014370403"] upstream headers complete: end_stream=false
[2026-10-05 07:14:14.326][14][debug][lua] [source/extensions/filters/http/lua/lua_filter.cc:569] yielding for full body
[2026-10-05 07:14:14.326][14][debug][lua] [source/extensions/filters/common/lua/lua.cc:70] coroutine yielded
[2026-10-05 07:14:14.326][14][debug][client] [source/common/http/codec_client.cc:137] [Tags: "ConnectionId":"2"] response complete
[2026-10-05 07:14:14.326][14][debug][router] [source/common/router/router.cc:1153] Executing cleanup(): resetting retry_state_ and disabling timers
[2026-10-05 07:14:14.326][14][debug][lua] [source/extensions/filters/http/lua/lua_filter.cc:280] resuming body due to end stream
[2026-10-05 07:14:14.326][14][error][lua] [source/extensions/filters/common/lua/lua.cc:32] script log: GET /bookings/bk-50376 status=500 reason=booking upstream timed out
reason: booking upstream timed out
goroutine 5 [running]:
runtime/debug.Stack()
	runtime/debug/stack.go:26 +0x64
main.(*handler).fail(0x717f2fa262c0, {0x2e9060, 0x717f2fb31860}, {0x717f2fb34b00, 0x3}, {0x717f2fb34b04, 0x12})
	envoy-log-generator/cmd/backend/main.go:169 +0x4c
main.(*handler).ServeHTTP(0x717f2fa262c0, {0x2e9060, 0x717f2fb31860}, 0x717f2fb3d180)
	envoy-log-generator/cmd/backend/main.go:111 +0x690
net/http.serverHandler.ServeHTTP({0x717f2f9c0000?}, {0x2e9060?, 0x717f2fb31860?}, 0x1?)
	net/http/server.go:3311 +0xb0
net/http.(*conn).serve(0x717f2f9bc000, {0x2e96d0, 0x717f2fa13ad0})
	net/http/server.go:2067 +0x55c
created by net/http.(*Server).Serve in goroutine 1
	net/http/server.go:3464 +0x37c
[2026-10-05 07:14:14.326][14][debug][lua] [source/extensions/filters/common/lua/lua.cc:67] coroutine finished
[2026-10-05 07:14:14.326][14][debug][http] [source/common/http/conn_manager_impl.cc:1948] [Tags: "ConnectionId":"5515","StreamId":"15430095408014370403"] encoding headers via codec (end_stream=false):
':status', '500'
'content-type', 'text/plain; charset=utf-8'
'date', 'Mon, 05 Oct 2026 07:14:14 GMT'
'content-length', '714'
'x-envoy-upstream-service-time', '0'
'server', 'envoy'

[2026-10-05 07:14:14.326][14][debug][http] [source/common/http/conn_manager_impl.cc:2063] [Tags: "ConnectionId":"5515","StreamId":"15430095408014370403"] Codec completed encoding stream.
[2026-10-05 07:14:14.326][14][debug][router] [source/common/router/router.cc:1153] Executing cleanup(): resetting retry_state_ and disabling timers
[2026-10-05 07:14:14.326][14][debug][pool] [source/common/http/http1/conn_pool.cc:61] [Tags: "ConnectionId":"2"] response complete
[2026-10-05 07:14:14.326][14][debug][pool] [source/common/conn_pool/conn_pool_base.cc:282] [Tags: "ConnectionId":"2"] destroying stream: 0 active remaining, readyForStream false, currentUnusedCapacity 1
[2026-10-05 07:14:14.326][14][debug][http] [source/common/http/conn_manager_impl.cc:394] [Tags: "ConnectionId":"5528"] new stream
[2026-10-05 07:14:14.326][14][debug][http] [source/common/http/conn_manager_impl.cc:1291] [Tags: "ConnectionId":"5528","StreamId":"10682642575608892652"] request headers complete (end_stream=false):
':authority', 'envoy:10000'
':path', '/foods/data'
':method', 'POST'
'user-agent', 'Go-http-client/1.1'
'content-length', '26'
'content-type', 'application/json'

[2026-10-05 07:14:14.326][14][debug][connection] [./source/common/network/connection_impl.h:101] [Tags: "ConnectionId":"5528"] current connecting state: false
[2026-10-05 07:14:14.326][14][info][lua] [source/extensions/filters/common/lua/lua.cc:26] script log: accepted POST /foods/data
[2026-10-05 07:14:14.326][14][debug][lua] [source/extensions/filters/common/lua/lua.cc:67] coroutine finished
[2026-10-05 07:14:14.326][14][debug][router] [source/common/router/router.cc:537] [Tags: "ConnectionId":"5528","StreamId":"10682642575608892652"] cluster 'foods' match for URL '/foods/data'
[2026-10-05 07:14:14.326][14][debug][router] [source/common/router/router.cc:812] [Tags: "ConnectionId":"5528","StreamId":"10682642575608892652"] router decoding headers:
':authority', 'envoy:10000'
':path', '/foods/data'
':method', 'POST'
':scheme', 'http'
'user-agent', 'Go-http-client/1.1'
'content-length', '26'
'content-type', 'application/json'
'x-forwarded-proto', 'http'
'x-request-id', '54ccad4c-b3cb-41f5-b3c2-82df701d1eaf'
'x-envoy-expected-rq-timeout-ms', '3000'

[2026-10-05 07:14:14.326][14][debug][pool] [source/common/conn_pool/conn_pool_base.cc:330] [Tags: "ConnectionId":"1750"] using existing fully connected connection
[2026-10-05 07:14:14.326][14][debug][pool] [source/common/conn_pool/conn_pool_base.cc:247] [Tags: "ConnectionId":"1750"] creating stream
[2026-10-05 07:14:14.326][14][debug][router] [source/common/router/upstream_request.cc:606] [Tags: "ConnectionId":"5528","StreamId":"10682642575608892652"] pool ready
[2026-10-05 07:14:14.326][14][debug][router] [source/common/router/router.cc:993] [Tags: "ConnectionId":"5528","StreamId":"10682642575608892652"] router decoding data: 26
[2026-10-05 07:14:14.326][14][debug][http] [source/common/http/conn_manager_impl.cc:1274] [Tags: "ConnectionId":"5528","StreamId":"10682642575608892652"] request end stream timestamp recorded
[2026-10-05 07:14:14.326][14][debug][router] [source/common/router/router.cc:993] [Tags: "ConnectionId":"5528","StreamId":"10682642575608892652"] router decoding data: 0
[2026-10-05 07:14:14.326][14][debug][client] [source/common/http/codec_client.cc:150] [Tags: "ConnectionId":"1750"] encode complete
[2026-10-05 07:14:14.326][14][debug][http] [source/common/http/conn_manager_impl.cc:394] [Tags: "ConnectionId":"5470"] new stream
[2026-10-05 07:14:14.326][14][debug][http] [source/common/http/conn_manager_impl.cc:1291] [Tags: "ConnectionId":"5470","StreamId":"12110875506352503591"] request headers complete (end_stream=false):
':authority', 'envoy:10000'
':path', '/payments'
':method', 'POST'
'user-agent', 'Go-http-client/1.1'
'content-length', '56'
'content-type', 'application/json'

[2026-10-05 07:14:14.326][14][debug][connection] [./source/common/network/connection_impl.h:101] [Tags: "ConnectionId":"5470"] current connecting state: false
[2026-10-05 07:14:14.326][14][info][lua] [source/extensions/filters/common/lua/lua.cc:26] script log: accepted POST /payments
[2026-10-05 07:14:14.326][14][debug][lua] [source/extensions/filters/common/lua/lua.cc:67] coroutine finished
[2026-10-05 07:14:14.326][14][debug][router] [source/common/router/router.cc:537] [Tags: "ConnectionId":"5470","StreamId":"12110875506352503591"] cluster 'payments' match for URL '/payments'
[2026-10-05 07:14:14.326][14][debug][router] [source/common/router/router.cc:812] [Tags: "ConnectionId":"5470","StreamId":"12110875506352503591"] router decoding headers:
':authority', 'envoy:10000'
':path', '/payments'
':method', 'POST'
':scheme', 'http'
'user-agent', 'Go-http-client/1.1'
'content-length', '56'
'content-type', 'application/json'
'x-forwarded-proto', 'http'
'x-request-id', '9d03b63c-85dc-4f1b-8c70-9daf3a9d502f'
'x-envoy-expected-rq-timeout-ms', '3000'

[2026-10-05 07:14:14.326][14][debug][pool] [source/common/conn_pool/conn_pool_base.cc:330] [Tags: "ConnectionId":"1749"] using existing fully connected connection
[2026-10-05 07:14:14.326][14][debug][pool] [source/common/conn_pool/conn_pool_base.cc:247] [Tags: "ConnectionId":"1749"] creating stream
[2026-10-05 07:14:14.327][14][debug][router] [source/common/router/upstream_request.cc:606] [Tags: "ConnectionId":"5470","StreamId":"12110875506352503591"] pool ready
[2026-10-05 07:14:14.327][14][debug][router] [source/common/router/router.cc:993] [Tags: "ConnectionId":"5470","StreamId":"12110875506352503591"] router decoding data: 56
[2026-10-05 07:14:14.327][14][debug][http] [source/common/http/conn_manager_impl.cc:1274] [Tags: "ConnectionId":"5470","StreamId":"12110875506352503591"] request end stream timestamp recorded
[2026-10-05 07:14:14.327][14][debug][router] [source/common/router/router.cc:993] [Tags: "ConnectionId":"5470","StreamId":"12110875506352503591"] router decoding data: 0
[2026-10-05 07:14:14.327][14][debug][client] [source/common/http/codec_client.cc:150] [Tags: "ConnectionId":"1749"] encode complete
[2026-10-05 07:14:14.327][14][debug][router] [source/common/router/router.cc:1700] [Tags: "ConnectionId":"5528","StreamId":"10682642575608892652"] upstream headers complete: end_stream=false
[2026-10-05 07:14:14.327][14][debug][lua] [source/extensions/filters/common/lua/lua.cc:23] script log: completed POST /foods/data status=200
[2026-10-05 07:14:14.327][14][debug][lua] [source/extensions/filters/common/lua/lua.cc:67] coroutine finished
[2026-10-05 07:14:14.327][14][debug][http] [source/common/http/conn_manager_impl.cc:1948] [Tags: "ConnectionId":"5528","StreamId":"10682642575608892652"] encoding headers via codec (end_stream=false):
':status', '200'
'content-type', 'application/json'
'date', 'Mon, 05 Oct 2026 07:14:14 GMT'
'content-length', '15'
'x-envoy-upstream-service-time', '0'
'server', 'envoy'

[2026-10-05 07:14:14.327][14][debug][client] [source/common/http/codec_client.cc:137] [Tags: "ConnectionId":"1750"] response complete
[2026-10-05 07:14:14.327][14][debug][router] [source/common/router/router.cc:1153] Executing cleanup(): resetting retry_state_ and disabling timers
[2026-10-05 07:14:14.327][14][debug][http] [source/common/http/conn_manager_impl.cc:2063] [Tags: "ConnectionId":"5528","StreamId":"10682642575608892652"] Codec completed encoding stream.
[2026-10-05 07:14:14.327][14][debug][router] [source/common/router/router.cc:1153] Executing cleanup(): resetting retry_state_ and disabling timers
[2026-10-05 07:14:14.327][14][debug][pool] [source/common/http/http1/conn_pool.cc:61] [Tags: "ConnectionId":"1750"] response complete
[2026-10-05 07:14:14.327][14][debug][pool] [source/common/conn_pool/conn_pool_base.cc:282] [Tags: "ConnectionId":"1750"] destroying stream: 0 active remaining, readyForStream false, currentUnusedCapacity 1
[2026-10-05 07:14:14.327][14][debug][http] [source/common/http/conn_manager_impl.cc:394] [Tags: "ConnectionId":"5529"] new stream
[2026-10-05 07:14:14.327][14][debug][http] [source/common/http/conn_manager_impl.cc:1291] [Tags: "ConnectionId":"5529","StreamId":"8630478416303510147"] request headers complete (end_stream=false):
':authority', 'envoy:10000'
':path', '/foods/data'
':method', 'POST'
'user-agent', 'Go-http-client/1.1'
'content-length', '26'
'content-type', 'application/json'

[2026-10-05 07:14:14.327][14][debug][connection] [./source/common/network/connection_impl.h:101] [Tags: "ConnectionId":"5529"] current connecting state: false
[2026-10-05 07:14:14.327][14][info][lua] [source/extensions/filters/common/lua/lua.cc:26] script log: accepted POST /foods/data
[2026-10-05 07:14:14.327][14][debug][lua] [source/extensions/filters/common/lua/lua.cc:67] coroutine finished
[2026-10-05 07:14:14.327][14][debug][router] [source/common/router/router.cc:537] [Tags: "ConnectionId":"5529","StreamId":"8630478416303510147"] cluster 'foods' match for URL '/foods/data'
[2026-10-05 07:14:14.327][14][debug][router] [source/common/router/router.cc:812] [Tags: "ConnectionId":"5529","StreamId":"8630478416303510147"] router decoding headers:
':authority', 'envoy:10000'
':path', '/foods/data'
':method', 'POST'
':scheme', 'http'
'user-agent', 'Go-http-client/1.1'
'content-length', '26'
'content-type', 'application/json'
'x-forwarded-proto', 'http'
'x-request-id', '6c2ad2e8-9125-445b-900d-d3384c085971'
'x-envoy-expected-rq-timeout-ms', '3000'

[2026-10-05 07:14:14.327][14][debug][pool] [source/common/conn_pool/conn_pool_base.cc:330] [Tags: "ConnectionId":"1750"] using existing fully connected connection
[2026-10-05 07:14:14.327][14][debug][pool] [source/common/conn_pool/conn_pool_base.cc:247] [Tags: "ConnectionId":"1750"] creating stream
[2026-10-05 07:14:14.327][14][debug][router] [source/common/router/upstream_request.cc:606] [Tags: "ConnectionId":"5529","StreamId":"8630478416303510147"] pool ready
[2026-10-05 07:14:14.327][14][debug][router] [source/common/router/router.cc:993] [Tags: "ConnectionId":"5529","StreamId":"8630478416303510147"] router decoding data: 26
[2026-10-05 07:14:14.327][14][debug][http] [source/common/http/conn_manager_impl.cc:1274] [Tags: "ConnectionId":"5529","StreamId":"8630478416303510147"] request end stream timestamp recorded
[2026-10-05 07:14:14.327][14][debug][router] [source/common/router/router.cc:993] [Tags: "ConnectionId":"5529","StreamId":"8630478416303510147"] router decoding data: 0
[2026-10-05 07:14:14.327][14][debug][client] [source/common/http/codec_client.cc:150] [Tags: "ConnectionId":"1750"] encode complete
[2026-10-05 07:14:14.327][14][debug][http] [source/common/http/conn_manager_impl.cc:394] [Tags: "ConnectionId":"5523"] new stream
[2026-10-05 07:14:14.327][14][debug][http] [source/common/http/conn_manager_impl.cc:1291] [Tags: "ConnectionId":"5523","StreamId":"18429886695299602208"] request headers complete (end_stream=false):
':authority', 'envoy:10000'
':path', '/order/ord-91747'
':method', 'PUT'
'user-agent', 'Go-http-client/1.1'
'content-length', '20'
'content-type', 'application/json'

[2026-10-05 07:14:14.327][14][debug][connection] [./source/common/network/connection_impl.h:101] [Tags: "ConnectionId":"5523"] current connecting state: false
[2026-10-05 07:14:14.327][14][info][lua] [source/extensions/filters/common/lua/lua.cc:26] script log: accepted PUT /order/ord-91747
[2026-10-05 07:14:14.327][14][debug][lua] [source/extensions/filters/common/lua/lua.cc:67] coroutine finished
[2026-10-05 07:14:14.327][14][debug][router] [source/common/router/router.cc:537] [Tags: "ConnectionId":"5523","StreamId":"18429886695299602208"] cluster 'orders' match for URL '/order/ord-91747'
[2026-10-05 07:14:14.327][14][debug][router] [source/common/router/router.cc:812] [Tags: "ConnectionId":"5523","StreamId":"18429886695299602208"] router decoding headers:
':authority', 'envoy:10000'
':path', '/order/ord-91747'
':method', 'PUT'
':scheme', 'http'
'user-agent', 'Go-http-client/1.1'
'content-length', '20'
'content-type', 'application/json'
'x-forwarded-proto', 'http'
'x-request-id', '4aac320f-4c16-4216-a79e-3f90bb759dc2'
'x-envoy-expected-rq-timeout-ms', '3000'

[2026-10-05 07:14:14.327][14][debug][pool] [source/common/conn_pool/conn_pool_base.cc:330] [Tags: "ConnectionId":"1746"] using existing fully connected connection
[2026-10-05 07:14:14.327][14][debug][pool] [source/common/conn_pool/conn_pool_base.cc:247] [Tags: "ConnectionId":"1746"] creating stream
[2026-10-05 07:14:14.327][14][debug][router] [source/common/router/upstream_request.cc:606] [Tags: "ConnectionId":"5523","StreamId":"18429886695299602208"] pool ready
[2026-10-05 07:14:14.327][14][debug][router] [source/common/router/router.cc:993] [Tags: "ConnectionId":"5523","StreamId":"18429886695299602208"] router decoding data: 20
[2026-10-05 07:14:14.327][14][debug][http] [source/common/http/conn_manager_impl.cc:1274] [Tags: "ConnectionId":"5523","StreamId":"18429886695299602208"] request end stream timestamp recorded
[2026-10-05 07:14:14.327][14][debug][router] [source/common/router/router.cc:993] [Tags: "ConnectionId":"5523","StreamId":"18429886695299602208"] router decoding data: 0
[2026-10-05 07:14:14.327][14][debug][client] [source/common/http/codec_client.cc:150] [Tags: "ConnectionId":"1746"] encode complete
[2026-10-05 07:14:14.327][14][debug][http] [source/common/http/conn_manager_impl.cc:394] [Tags: "ConnectionId":"5521"] new stream
[2026-10-05 07:14:14.327][14][debug][http] [source/common/http/conn_manager_impl.cc:1291] [Tags: "ConnectionId":"5521","StreamId":"1398194901526397932"] request headers complete (end_stream=true):
':authority', 'envoy:10000'
':path', '/users/usr-54173'
':method', 'GET'
'user-agent', 'Go-http-client/1.1'

[2026-10-05 07:14:14.327][14][debug][http] [source/common/http/conn_manager_impl.cc:1274] [Tags: "ConnectionId":"5521","StreamId":"1398194901526397932"] request end stream timestamp recorded
[2026-10-05 07:14:14.327][14][debug][connection] [./source/common/network/connection_impl.h:101] [Tags: "ConnectionId":"5521"] current connecting state: false
[2026-10-05 07:14:14.327][14][info][lua] [source/extensions/filters/common/lua/lua.cc:26] script log: accepted GET /users/usr-54173
[2026-10-05 07:14:14.327][14][debug][lua] [source/extensions/filters/common/lua/lua.cc:67] coroutine finished
[2026-10-05 07:14:14.327][14][debug][router] [source/common/router/router.cc:537] [Tags: "ConnectionId":"5521","StreamId":"1398194901526397932"] cluster 'users' match for URL '/users/usr-54173'
[2026-10-05 07:14:14.327][14][debug][router] [source/common/router/router.cc:812] [Tags: "ConnectionId":"5521","StreamId":"1398194901526397932"] router decoding headers:
':authority', 'envoy:10000'
':path', '/users/usr-54173'
':method', 'GET'
':scheme', 'http'
'user-agent', 'Go-http-client/1.1'
'x-forwarded-proto', 'http'
'x-request-id', '0747e315-4156-4b57-b2aa-833d25178354'
'x-envoy-expected-rq-timeout-ms', '3000'

[2026-10-05 07:14:14.327][14][debug][pool] [source/common/conn_pool/conn_pool_base.cc:330] [Tags: "ConnectionId":"23"] using existing fully connected connection
[2026-10-05 07:14:14.327][14][debug][pool] [source/common/conn_pool/conn_pool_base.cc:247] [Tags: "ConnectionId":"23"] creating stream
[2026-10-05 07:14:14.327][14][debug][router] [source/common/router/upstream_request.cc:606] [Tags: "ConnectionId":"5521","StreamId":"1398194901526397932"] pool ready
[2026-10-05 07:14:14.327][14][debug][client] [source/common/http/codec_client.cc:150] [Tags: "ConnectionId":"23"] encode complete
[2026-10-05 07:14:14.327][14][debug][http] [source/common/http/conn_manager_impl.cc:394] [Tags: "ConnectionId":"5508"] new stream
[2026-10-05 07:14:14.327][14][debug][http] [source/common/http/conn_manager_impl.cc:1291] [Tags: "ConnectionId":"5508","StreamId":"15718366039267752496"] request headers complete (end_stream=true):
':authority', 'envoy:10000'
':path', '/bookings'
':method', 'OPTIONS'
'user-agent', 'Go-http-client/1.1'

[2026-10-05 07:14:14.327][14][debug][http] [source/common/http/conn_manager_impl.cc:1274] [Tags: "ConnectionId":"5508","StreamId":"15718366039267752496"] request end stream timestamp recorded
[2026-10-05 07:14:14.327][14][debug][connection] [./source/common/network/connection_impl.h:101] [Tags: "ConnectionId":"5508"] current connecting state: false
[2026-10-05 07:14:14.327][14][info][lua] [source/extensions/filters/common/lua/lua.cc:26] script log: accepted OPTIONS /bookings
[2026-10-05 07:14:14.327][14][debug][lua] [source/extensions/filters/common/lua/lua.cc:67] coroutine finished
[2026-10-05 07:14:14.327][14][debug][router] [source/common/router/router.cc:537] [Tags: "ConnectionId":"5508","StreamId":"15718366039267752496"] cluster 'booking' match for URL '/bookings'
[2026-10-05 07:14:14.327][14][debug][router] [source/common/router/router.cc:812] [Tags: "ConnectionId":"5508","StreamId":"15718366039267752496"] router decoding headers:
':authority', 'envoy:10000'
':path', '/bookings'
':method', 'OPTIONS'
':scheme', 'http'
'user-agent', 'Go-http-client/1.1'
'x-forwarded-proto', 'http'
'x-request-id', '5940e573-78e5-43e5-b523-9f5b4b05dd0e'
'x-envoy-expected-rq-timeout-ms', '3000'

[2026-10-05 07:14:14.327][14][debug][pool] [source/common/conn_pool/conn_pool_base.cc:330] [Tags: "ConnectionId":"2"] using existing fully connected connection
[2026-10-05 07:14:14.327][14][debug][pool] [source/common/conn_pool/conn_pool_base.cc:247] [Tags: "ConnectionId":"2"] creating stream
[2026-10-05 07:14:14.327][14][debug][router] [source/common/router/upstream_request.cc:606] [Tags: "ConnectionId":"5508","StreamId":"15718366039267752496"] pool ready
[2026-10-05 07:14:14.327][14][debug][client] [source/common/http/codec_client.cc:150] [Tags: "ConnectionId":"2"] encode complete
[2026-10-05 07:14:14.327][14][debug][router] [source/common/router/router.cc:1700] [Tags: "ConnectionId":"5521","StreamId":"1398194901526397932"] upstream headers complete: end_stream=false
[2026-10-05 07:14:14.327][14][debug][lua] [source/extensions/filters/common/lua/lua.cc:23] script log: completed GET /users/usr-54173 status=200
[2026-10-05 07:14:14.327][14][debug][lua] [source/extensions/filters/common/lua/lua.cc:67] coroutine finished
[2026-10-05 07:14:14.327][14][debug][http] [source/common/http/conn_manager_impl.cc:1948] [Tags: "ConnectionId":"5521","StreamId":"1398194901526397932"] encoding headers via codec (end_stream=false):
':status', '200'
'content-type', 'application/json'
'date', 'Mon, 05 Oct 2026 07:14:14 GMT'
'content-length', '32'
'x-envoy-upstream-service-time', '0'
'server', 'envoy'

[2026-10-05 07:14:14.327][14][debug][client] [source/common/http/codec_client.cc:137] [Tags: "ConnectionId":"23"] response complete
[2026-10-05 07:14:14.327][14][debug][router] [source/common/router/router.cc:1153] Executing cleanup(): resetting retry_state_ and disabling timers
[2026-10-05 07:14:14.327][14][debug][http] [source/common/http/conn_manager_impl.cc:2063] [Tags: "ConnectionId":"5521","StreamId":"1398194901526397932"] Codec completed encoding stream.
[2026-10-05 07:14:14.327][14][debug][router] [source/common/router/router.cc:1153] Executing cleanup(): resetting retry_state_ and disabling timers
[2026-10-05 07:14:14.327][14][debug][pool] [source/common/http/http1/conn_pool.cc:61] [Tags: "ConnectionId":"23"] response complete
[2026-10-05 07:14:14.327][14][debug][pool] [source/common/conn_pool/conn_pool_base.cc:282] [Tags: "ConnectionId":"23"] destroying stream: 0 active remaining, readyForStream false, currentUnusedCapacity 1
[2026-10-05 07:14:14.327][14][debug][client] [source/common/http/codec_client.cc:137] [Tags: "ConnectionId":"2"] response complete
[2026-10-05 07:14:14.327][14][debug][router] [source/common/router/router.cc:1700] [Tags: "ConnectionId":"5508","StreamId":"15718366039267752496"] upstream headers complete: end_stream=true
[2026-10-05 07:14:14.327][14][debug][router] [source/common/router/router.cc:1153] Executing cleanup(): resetting retry_state_ and disabling timers
[2026-10-05 07:14:14.327][14][debug][lua] [source/extensions/filters/common/lua/lua.cc:23] script log: completed OPTIONS /bookings status=204
[2026-10-05 07:14:14.327][14][debug][lua] [source/extensions/filters/common/lua/lua.cc:67] coroutine finished
[2026-10-05 07:14:14.327][14][debug][http] [source/common/http/conn_manager_impl.cc:1948] [Tags: "ConnectionId":"5508","StreamId":"15718366039267752496"] encoding headers via codec (end_stream=true):
':status', '204'
'access-control-allow-methods', 'GET, OPTIONS'
'allow', 'GET, OPTIONS'
'date', 'Mon, 05 Oct 2026 07:14:14 GMT'
'x-envoy-upstream-service-time', '0'
'server', 'envoy'

[2026-10-05 07:14:14.327][14][debug][http] [source/common/http/conn_manager_impl.cc:2063] [Tags: "ConnectionId":"5508","StreamId":"15718366039267752496"] Codec completed encoding stream.
[2026-10-05 07:14:14.327][14][debug][router] [source/common/router/router.cc:1153] Executing cleanup(): resetting retry_state_ and disabling timers
[2026-10-05 07:14:14.327][14][debug][pool] [source/common/http/http1/conn_pool.cc:61] [Tags: "ConnectionId":"2"] response complete
[2026-10-05 07:14:14.327][14][debug][pool] [source/common/conn_pool/conn_pool_base.cc:282] [Tags: "ConnectionId":"2"] destroying stream: 0 active remaining, readyForStream false, currentUnusedCapacity 1
[2026-10-05 07:14:14.327][14][debug][router] [source/common/router/router.cc:1700] [Tags: "ConnectionId":"5470","StreamId":"12110875506352503591"] upstream headers complete: end_stream=false
[2026-10-05 07:14:14.327][14][debug][lua] [source/extensions/filters/common/lua/lua.cc:23] script log: completed POST /payments status=200
[2026-10-05 07:14:14.327][14][debug][lua] [source/extensions/filters/common/lua/lua.cc:67] coroutine finished
[2026-10-05 07:14:14.327][14][debug][http] [source/common/http/conn_manager_impl.cc:1948] [Tags: "ConnectionId":"5470","StreamId":"12110875506352503591"] encoding headers via codec (end_stream=false):
':status', '200'
'content-type', 'application/json'
'date', 'Mon, 05 Oct 2026 07:14:14 GMT'
'content-length', '15'
'x-envoy-upstream-service-time', '0'
'server', 'envoy'

[2026-10-05 07:14:14.327][14][debug][client] [source/common/http/codec_client.cc:137] [Tags: "ConnectionId":"1749"] response complete
[2026-10-05 07:14:14.327][14][debug][router] [source/common/router/router.cc:1153] Executing cleanup(): resetting retry_state_ and disabling timers
[2026-10-05 07:14:14.327][14][debug][http] [source/common/http/conn_manager_impl.cc:2063] [Tags: "ConnectionId":"5470","StreamId":"12110875506352503591"] Codec completed encoding stream.
[2026-10-05 07:14:14.327][14][debug][router] [source/common/router/router.cc:1153] Executing cleanup(): resetting retry_state_ and disabling timers
[2026-10-05 07:14:14.327][14][debug][pool] [source/common/http/http1/conn_pool.cc:61] [Tags: "ConnectionId":"1749"] response complete
[2026-10-05 07:14:14.327][14][debug][pool] [source/common/conn_pool/conn_pool_base.cc:282] [Tags: "ConnectionId":"1749"] destroying stream: 0 active remaining, readyForStream false, currentUnusedCapacity 1
[2026-10-05 07:14:14.327][14][debug][router] [source/common/router/router.cc:1700] [Tags: "ConnectionId":"5523","StreamId":"18429886695299602208"] upstream headers complete: end_stream=false
[2026-10-05 07:14:14.327][14][debug][lua] [source/extensions/filters/common/lua/lua.cc:23] script log: completed PUT /order/ord-91747 status=200
[2026-10-05 07:14:14.327][14][debug][lua] [source/extensions/filters/common/lua/lua.cc:67] coroutine finished
[2026-10-05 07:14:14.327][14][debug][http] [source/common/http/conn_manager_impl.cc:1948] [Tags: "ConnectionId":"5523","StreamId":"18429886695299602208"] encoding headers via codec (end_stream=false):
':status', '200'
'content-type', 'application/json'
'date', 'Mon, 05 Oct 2026 07:14:14 GMT'
'content-length', '37'
'x-envoy-upstream-service-time', '0'
'server', 'envoy'

[2026-10-05 07:14:14.327][14][debug][client] [source/common/http/codec_client.cc:137] [Tags: "ConnectionId":"1746"] response complete
[2026-10-05 07:14:14.327][14][debug][router] [source/common/router/router.cc:1153] Executing cleanup(): resetting retry_state_ and disabling timers
[2026-10-05 07:14:14.327][14][debug][http] [source/common/http/conn_manager_impl.cc:2063] [Tags: "ConnectionId":"5523","StreamId":"18429886695299602208"] Codec completed encoding stream.
[2026-10-05 07:14:14.327][14][debug][router] [source/common/router/router.cc:1153] Executing cleanup(): resetting retry_state_ and disabling timers
[2026-10-05 07:14:14.327][14][debug][pool] [source/common/http/http1/conn_pool.cc:61] [Tags: "ConnectionId":"1746"] response complete
[2026-10-05 07:14:14.327][14][debug][pool] [source/common/conn_pool/conn_pool_base.cc:282] [Tags: "ConnectionId":"1746"] destroying stream: 0 active remaining, readyForStream false, currentUnusedCapacity 1
[2026-10-05 07:14:14.327][14][debug][router] [source/common/router/router.cc:1700] [Tags: "ConnectionId":"5529","StreamId":"8630478416303510147"] upstream headers complete: end_stream=false
[2026-10-05 07:14:14.327][14][debug][lua] [source/extensions/filters/common/lua/lua.cc:23] script log: completed POST /foods/data status=200
[2026-10-05 07:14:14.327][14][debug][lua] [source/extensions/filters/common/lua/lua.cc:67] coroutine finished
[2026-10-05 07:14:14.327][14][debug][http] [source/common/http/conn_manager_impl.cc:1948] [Tags: "ConnectionId":"5529","StreamId":"8630478416303510147"] encoding headers via codec (end_stream=false):
':status', '200'
'content-type', 'application/json'
'date', 'Mon, 05 Oct 2026 07:14:14 GMT'
'content-length', '15'
'x-envoy-upstream-service-time', '0'
'server', 'envoy'

[2026-10-05 07:14:14.327][14][debug][client] [source/common/http/codec_client.cc:137] [Tags: "ConnectionId":"1750"] response complete
[2026-10-05 07:14:14.327][14][debug][router] [source/common/router/router.cc:1153] Executing cleanup(): resetting retry_state_ and disabling timers
[2026-10-05 07:14:14.327][14][debug][http] [source/common/http/conn_manager_impl.cc:2063] [Tags: "ConnectionId":"5529","StreamId":"8630478416303510147"] Codec completed encoding stream.
[2026-10-05 07:14:14.327][14][debug][router] [source/common/router/router.cc:1153] Executing cleanup(): resetting retry_state_ and disabling timers
[2026-10-05 07:14:14.327][14][debug][pool] [source/common/http/http1/conn_pool.cc:61] [Tags: "ConnectionId":"1750"] response complete
[2026-10-05 07:14:14.327][14][debug][pool] [source/common/conn_pool/conn_pool_base.cc:282] [Tags: "ConnectionId":"1750"] destroying stream: 0 active remaining, readyForStream false, currentUnusedCapacity 1
[2026-10-05 07:14:14.344][14][debug][http] [source/common/http/conn_manager_impl.cc:394] [Tags: "ConnectionId":"5523"] new stream
[2026-10-05 07:14:14.344][14][debug][http] [source/common/http/conn_manager_impl.cc:1291] [Tags: "ConnectionId":"5523","StreamId":"33829726783862500"] request headers complete (end_stream=true):
':authority', 'envoy:10000'
':path', '/payments/pay-58942'
':method', 'GET'
'user-agent', 'Go-http-client/1.1'

[2026-10-05 07:14:14.344][14][debug][http] [source/common/http/conn_manager_impl.cc:1274] [Tags: "ConnectionId":"5523","StreamId":"33829726783862500"] request end stream timestamp recorded
[2026-10-05 07:14:14.344][14][debug][connection] [./source/common/network/connection_impl.h:101] [Tags: "ConnectionId":"5523"] current connecting state: false
[2026-10-05 07:14:14.344][14][info][lua] [source/extensions/filters/common/lua/lua.cc:26] script log: accepted GET /payments/pay-58942
[2026-10-05 07:14:14.344][14][debug][lua] [source/extensions/filters/common/lua/lua.cc:67] coroutine finished
[2026-10-05 07:14:14.344][14][debug][router] [source/common/router/router.cc:537] [Tags: "ConnectionId":"5523","StreamId":"33829726783862500"] cluster 'payments' match for URL '/payments/pay-58942'
[2026-10-05 07:14:14.344][14][debug][router] [source/common/router/router.cc:812] [Tags: "ConnectionId":"5523","StreamId":"33829726783862500"] router decoding headers:
':authority', 'envoy:10000'
':path', '/payments/pay-58942'
':method', 'GET'
':scheme', 'http'
'user-agent', 'Go-http-client/1.1'
'x-forwarded-proto', 'http'
'x-request-id', '0926bca5-b822-4a27-b033-0aec655f927a'
'x-envoy-expected-rq-timeout-ms', '3000'

[2026-10-05 07:14:14.344][14][debug][pool] [source/common/conn_pool/conn_pool_base.cc:330] [Tags: "ConnectionId":"1749"] using existing fully connected connection
[2026-10-05 07:14:14.344][14][debug][pool] [source/common/conn_pool/conn_pool_base.cc:247] [Tags: "ConnectionId":"1749"] creating stream
[2026-10-05 07:14:14.344][14][debug][router] [source/common/router/upstream_request.cc:606] [Tags: "ConnectionId":"5523","StreamId":"33829726783862500"] pool ready
[2026-10-05 07:14:14.344][14][debug][client] [source/common/http/codec_client.cc:150] [Tags: "ConnectionId":"1749"] encode complete
[2026-10-05 07:14:14.344][14][debug][http] [source/common/http/conn_manager_impl.cc:394] [Tags: "ConnectionId":"5470"] new stream
[2026-10-05 07:14:14.344][14][debug][http] [source/common/http/conn_manager_impl.cc:1291] [Tags: "ConnectionId":"5470","StreamId":"11284112081142895220"] request headers complete (end_stream=true):
':authority', 'envoy:10000'
':path', '/bookings/bk-36426'
':method', 'GET'
'user-agent', 'Go-http-client/1.1'

[2026-10-05 07:14:14.344][14][debug][http] [source/common/http/conn_manager_impl.cc:1274] [Tags: "ConnectionId":"5470","StreamId":"11284112081142895220"] request end stream timestamp recorded
[2026-10-05 07:14:14.344][14][debug][connection] [./source/common/network/connection_impl.h:101] [Tags: "ConnectionId":"5470"] current connecting state: false
[2026-10-05 07:14:14.344][14][info][lua] [source/extensions/filters/common/lua/lua.cc:26] script log: accepted GET /bookings/bk-36426
[2026-10-05 07:14:14.344][14][debug][lua] [source/extensions/filters/common/lua/lua.cc:67] coroutine finished
[2026-10-05 07:14:14.344][14][debug][router] [source/common/router/router.cc:537] [Tags: "ConnectionId":"5470","StreamId":"11284112081142895220"] cluster 'booking' match for URL '/bookings/bk-36426'
[2026-10-05 07:14:14.344][14][debug][router] [source/common/router/router.cc:812] [Tags: "ConnectionId":"5470","StreamId":"11284112081142895220"] router decoding headers:
':authority', 'envoy:10000'
':path', '/bookings/bk-36426'
':method', 'GET'
':scheme', 'http'
'user-agent', 'Go-http-client/1.1'
'x-forwarded-proto', 'http'
'x-request-id', 'cf1b07ed-747f-431e-87d8-87f645976476'
'x-envoy-expected-rq-timeout-ms', '3000'

[2026-10-05 07:14:14.344][14][debug][pool] [source/common/conn_pool/conn_pool_base.cc:330] [Tags: "ConnectionId":"2"] using existing fully connected connection
[2026-10-05 07:14:14.344][14][debug][pool] [source/common/conn_pool/conn_pool_base.cc:247] [Tags: "ConnectionId":"2"] creating stream
[2026-10-05 07:14:14.344][14][debug][router] [source/common/router/upstream_request.cc:606] [Tags: "ConnectionId":"5470","StreamId":"11284112081142895220"] pool ready
[2026-10-05 07:14:14.344][14][debug][client] [source/common/http/codec_client.cc:150] [Tags: "ConnectionId":"2"] encode complete
[2026-10-05 07:14:14.344][14][debug][http] [source/common/http/conn_manager_impl.cc:394] [Tags: "ConnectionId":"5529"] new stream
[2026-10-05 07:14:14.344][14][debug][http] [source/common/http/conn_manager_impl.cc:1291] [Tags: "ConnectionId":"5529","StreamId":"5655558772810287487"] request headers complete (end_stream=false):
':authority', 'envoy:10000'
':path', '/payments'
':method', 'POST'
'user-agent', 'Go-http-client/1.1'
'content-length', '56'
'content-type', 'application/json'

[2026-10-05 07:14:14.344][14][debug][connection] [./source/common/network/connection_impl.h:101] [Tags: "ConnectionId":"5529"] current connecting state: false
[2026-10-05 07:14:14.344][14][info][lua] [source/extensions/filters/common/lua/lua.cc:26] script log: accepted POST /payments
[2026-10-05 07:14:14.344][14][debug][lua] [source/extensions/filters/common/lua/lua.cc:67] coroutine finished
[2026-10-05 07:14:14.344][14][debug][router] [source/common/router/router.cc:537] [Tags: "ConnectionId":"5529","StreamId":"5655558772810287487"] cluster 'payments' match for URL '/payments'
[2026-10-05 07:14:14.344][14][debug][router] [source/common/router/router.cc:812] [Tags: "ConnectionId":"5529","StreamId":"5655558772810287487"] router decoding headers:
':authority', 'envoy:10000'
':path', '/payments'
':method', 'POST'
':scheme', 'http'
'user-agent', 'Go-http-client/1.1'
'content-length', '56'
'content-type', 'application/json'
'x-forwarded-proto', 'http'
'x-request-id', 'a9e3b5c5-b4b3-4d3a-8567-8ec2fdd2d804'
'x-envoy-expected-rq-timeout-ms', '3000'

[2026-10-05 07:14:14.344][14][debug][pool] [source/common/conn_pool/conn_pool_base.cc:330] [Tags: "ConnectionId":"21"] using existing fully connected connection
[2026-10-05 07:14:14.344][14][debug][pool] [source/common/conn_pool/conn_pool_base.cc:247] [Tags: "ConnectionId":"21"] creating stream
[2026-10-05 07:14:14.344][14][debug][router] [source/common/router/upstream_request.cc:606] [Tags: "ConnectionId":"5529","StreamId":"5655558772810287487"] pool ready
[2026-10-05 07:14:14.344][14][debug][router] [source/common/router/router.cc:993] [Tags: "ConnectionId":"5529","StreamId":"5655558772810287487"] router decoding data: 56
[2026-10-05 07:14:14.344][14][debug][http] [source/common/http/conn_manager_impl.cc:1274] [Tags: "ConnectionId":"5529","StreamId":"5655558772810287487"] request end stream timestamp recorded
[2026-10-05 07:14:14.344][14][debug][router] [source/common/router/router.cc:993] [Tags: "ConnectionId":"5529","StreamId":"5655558772810287487"] router decoding data: 0
[2026-10-05 07:14:14.344][14][debug][client] [source/common/http/codec_client.cc:150] [Tags: "ConnectionId":"21"] encode complete
[2026-10-05 07:14:14.344][14][debug][http] [source/common/http/conn_manager_impl.cc:394] [Tags: "ConnectionId":"5508"] new stream
[2026-10-05 07:14:14.344][14][debug][http] [source/common/http/conn_manager_impl.cc:1291] [Tags: "ConnectionId":"5508","StreamId":"3910953761694043110"] request headers complete (end_stream=true):
':authority', 'envoy:10000'
':path', '/bookings/bk-26275'
':method', 'GET'
'user-agent', 'Go-http-client/1.1'

[2026-10-05 07:14:14.344][14][debug][http] [source/common/http/conn_manager_impl.cc:1274] [Tags: "ConnectionId":"5508","StreamId":"3910953761694043110"] request end stream timestamp recorded
[2026-10-05 07:14:14.344][14][debug][connection] [./source/common/network/connection_impl.h:101] [Tags: "ConnectionId":"5508"] current connecting state: false
[2026-10-05 07:14:14.344][14][info][lua] [source/extensions/filters/common/lua/lua.cc:26] script log: accepted GET /bookings/bk-26275
[2026-10-05 07:14:14.344][14][debug][lua] [source/extensions/filters/common/lua/lua.cc:67] coroutine finished
[2026-10-05 07:14:14.344][14][debug][router] [source/common/router/router.cc:537] [Tags: "ConnectionId":"5508","StreamId":"3910953761694043110"] cluster 'booking' match for URL '/bookings/bk-26275'
[2026-10-05 07:14:14.344][14][debug][router] [source/common/router/router.cc:812] [Tags: "ConnectionId":"5508","StreamId":"3910953761694043110"] router decoding headers:
':authority', 'envoy:10000'
':path', '/bookings/bk-26275'
':method', 'GET'
':scheme', 'http'
'user-agent', 'Go-http-client/1.1'
'x-forwarded-proto', 'http'
'x-request-id', '7e3a5223-7aca-44ea-8a41-d023e70dfc0a'
'x-envoy-expected-rq-timeout-ms', '3000'

[2026-10-05 07:14:14.344][14][debug][pool] [source/common/conn_pool/conn_pool_base.cc:330] [Tags: "ConnectionId":"19"] using existing fully connected connection
[2026-10-05 07:14:14.344][14][debug][pool] [source/common/conn_pool/conn_pool_base.cc:247] [Tags: "ConnectionId":"19"] creating stream
[2026-10-05 07:14:14.344][14][debug][router] [source/common/router/upstream_request.cc:606] [Tags: "ConnectionId":"5508","StreamId":"3910953761694043110"] pool ready
[2026-10-05 07:14:14.344][14][debug][client] [source/common/http/codec_client.cc:150] [Tags: "ConnectionId":"19"] encode complete
[2026-10-05 07:14:14.344][14][debug][http] [source/common/http/conn_manager_impl.cc:394] [Tags: "ConnectionId":"5521"] new stream
[2026-10-05 07:14:14.344][14][debug][http] [source/common/http/conn_manager_impl.cc:1291] [Tags: "ConnectionId":"5521","StreamId":"5229495393290608812"] request headers complete (end_stream=false):
':authority', 'envoy:10000'
':path', '/booking'
':method', 'POST'
'user-agent', 'Go-http-client/1.1'
'content-length', '58'
'content-type', 'application/json'

[2026-10-05 07:14:14.344][14][debug][connection] [./source/common/network/connection_impl.h:101] [Tags: "ConnectionId":"5521"] current connecting state: false
[2026-10-05 07:14:14.344][14][info][lua] [source/extensions/filters/common/lua/lua.cc:26] script log: accepted POST /booking
[2026-10-05 07:14:14.344][14][debug][lua] [source/extensions/filters/common/lua/lua.cc:67] coroutine finished
[2026-10-05 07:14:14.344][14][debug][router] [source/common/router/router.cc:537] [Tags: "ConnectionId":"5521","StreamId":"5229495393290608812"] cluster 'booking' match for URL '/booking'
[2026-10-05 07:14:14.344][14][debug][router] [source/common/router/router.cc:812] [Tags: "ConnectionId":"5521","StreamId":"5229495393290608812"] router decoding headers:
':authority', 'envoy:10000'
':path', '/booking'
':method', 'POST'
':scheme', 'http'
'user-agent', 'Go-http-client/1.1'
'content-length', '58'
'content-type', 'application/json'
'x-forwarded-proto', 'http'
'x-request-id', '19bdbdcc-218e-4471-87ef-4050bf9f51f0'
'x-envoy-expected-rq-timeout-ms', '3000'

[2026-10-05 07:14:14.344][14][debug][pool] [source/common/conn_pool/conn_pool_base.cc:330] [Tags: "ConnectionId":"17"] using existing fully connected connection
[2026-10-05 07:14:14.344][14][debug][pool] [source/common/conn_pool/conn_pool_base.cc:247] [Tags: "ConnectionId":"17"] creating stream
[2026-10-05 07:14:14.344][14][debug][router] [source/common/router/upstream_request.cc:606] [Tags: "ConnectionId":"5521","StreamId":"5229495393290608812"] pool ready
[2026-10-05 07:14:14.344][14][debug][router] [source/common/router/router.cc:993] [Tags: "ConnectionId":"5521","StreamId":"5229495393290608812"] router decoding data: 58
[2026-10-05 07:14:14.344][14][debug][http] [source/common/http/conn_manager_impl.cc:1274] [Tags: "ConnectionId":"5521","StreamId":"5229495393290608812"] request end stream timestamp recorded
[2026-10-05 07:14:14.344][14][debug][router] [source/common/router/router.cc:993] [Tags: "ConnectionId":"5521","StreamId":"5229495393290608812"] router decoding data: 0
[2026-10-05 07:14:14.344][14][debug][client] [source/common/http/codec_client.cc:150] [Tags: "ConnectionId":"17"] encode complete
[2026-10-05 07:14:14.344][14][debug][http] [source/common/http/conn_manager_impl.cc:394] [Tags: "ConnectionId":"5528"] new stream
[2026-10-05 07:14:14.344][14][debug][http] [source/common/http/conn_manager_impl.cc:1291] [Tags: "ConnectionId":"5528","StreamId":"3391543627171975324"] request headers complete (end_stream=true):
':authority', 'envoy:10000'
':path', '/bookings'
':method', 'OPTIONS'
'user-agent', 'Go-http-client/1.1'

[2026-10-05 07:14:14.344][14][debug][http] [source/common/http/conn_manager_impl.cc:1274] [Tags: "ConnectionId":"5528","StreamId":"3391543627171975324"] request end stream timestamp recorded
[2026-10-05 07:14:14.344][14][debug][connection] [./source/common/network/connection_impl.h:101] [Tags: "ConnectionId":"5528"] current connecting state: false
[2026-10-05 07:14:14.344][14][info][lua] [source/extensions/filters/common/lua/lua.cc:26] script log: accepted OPTIONS /bookings
[2026-10-05 07:14:14.344][14][debug][lua] [source/extensions/filters/common/lua/lua.cc:67] coroutine finished
[2026-10-05 07:14:14.344][14][debug][router] [source/common/router/router.cc:537] [Tags: "ConnectionId":"5528","StreamId":"3391543627171975324"] cluster 'booking' match for URL '/bookings'
[2026-10-05 07:14:14.344][14][debug][router] [source/common/router/router.cc:812] [Tags: "ConnectionId":"5528","StreamId":"3391543627171975324"] router decoding headers:
':authority', 'envoy:10000'
':path', '/bookings'
':method', 'OPTIONS'
':scheme', 'http'
'user-agent', 'Go-http-client/1.1'
'x-forwarded-proto', 'http'
'x-request-id', '7b901c22-59cc-4415-ac4e-2e526c62fe06'
'x-envoy-expected-rq-timeout-ms', '3000'

[2026-10-05 07:14:14.344][14][debug][pool] [source/common/conn_pool/conn_pool_base.cc:330] [Tags: "ConnectionId":"11"] using existing fully connected connection
[2026-10-05 07:14:14.344][14][debug][pool] [source/common/conn_pool/conn_pool_base.cc:247] [Tags: "ConnectionId":"11"] creating stream
[2026-10-05 07:14:14.344][14][debug][router] [source/common/router/upstream_request.cc:606] [Tags: "ConnectionId":"5528","StreamId":"3391543627171975324"] pool ready
[2026-10-05 07:14:14.344][14][debug][client] [source/common/http/codec_client.cc:150] [Tags: "ConnectionId":"11"] encode complete
[2026-10-05 07:14:14.344][14][debug][http] [source/common/http/conn_manager_impl.cc:394] [Tags: "ConnectionId":"5506"] new stream
[2026-10-05 07:14:14.344][14][debug][http] [source/common/http/conn_manager_impl.cc:1291] [Tags: "ConnectionId":"5506","StreamId":"11867565451645857855"] request headers complete (end_stream=false):
':authority', 'envoy:10000'
':path', '/order/ord-83268'
':method', 'PUT'
'user-agent', 'Go-http-client/1.1'
'content-length', '20'
'content-type', 'application/json'

[2026-10-05 07:14:14.344][14][debug][connection] [./source/common/network/connection_impl.h:101] [Tags: "ConnectionId":"5506"] current connecting state: false
[2026-10-05 07:14:14.344][14][info][lua] [source/extensions/filters/common/lua/lua.cc:26] script log: accepted PUT /order/ord-83268
[2026-10-05 07:14:14.344][14][debug][lua] [source/extensions/filters/common/lua/lua.cc:67] coroutine finished
[2026-10-05 07:14:14.344][14][debug][router] [source/common/router/router.cc:537] [Tags: "ConnectionId":"5506","StreamId":"11867565451645857855"] cluster 'orders' match for URL '/order/ord-83268'
[2026-10-05 07:14:14.344][14][debug][router] [source/common/router/router.cc:812] [Tags: "ConnectionId":"5506","StreamId":"11867565451645857855"] router decoding headers:
':authority', 'envoy:10000'
':path', '/order/ord-83268'
':method', 'PUT'
':scheme', 'http'
'user-agent', 'Go-http-client/1.1'
'content-length', '20'
'content-type', 'application/json'
'x-forwarded-proto', 'http'
'x-request-id', 'c7f84c96-9a99-4a9d-8a0c-5a59074163fe'
'x-envoy-expected-rq-timeout-ms', '3000'

[2026-10-05 07:14:14.344][14][debug][pool] [source/common/conn_pool/conn_pool_base.cc:330] [Tags: "ConnectionId":"1746"] using existing fully connected connection
[2026-10-05 07:14:14.344][14][debug][pool] [source/common/conn_pool/conn_pool_base.cc:247] [Tags: "ConnectionId":"1746"] creating stream
[2026-10-05 07:14:14.344][14][debug][router] [source/common/router/upstream_request.cc:606] [Tags: "ConnectionId":"5506","StreamId":"11867565451645857855"] pool ready
[2026-10-05 07:14:14.344][14][debug][router] [source/common/router/router.cc:993] [Tags: "ConnectionId":"5506","StreamId":"11867565451645857855"] router decoding data: 20
[2026-10-05 07:14:14.344][14][debug][http] [source/common/http/conn_manager_impl.cc:1274] [Tags: "ConnectionId":"5506","StreamId":"11867565451645857855"] request end stream timestamp recorded
[2026-10-05 07:14:14.344][14][debug][router] [source/common/router/router.cc:993] [Tags: "ConnectionId":"5506","StreamId":"11867565451645857855"] router decoding data: 0
[2026-10-05 07:14:14.344][14][debug][client] [source/common/http/codec_client.cc:150] [Tags: "ConnectionId":"1746"] encode complete
[2026-10-05 07:14:14.344][14][debug][http] [source/common/http/conn_manager_impl.cc:394] [Tags: "ConnectionId":"5515"] new stream
[2026-10-05 07:14:14.344][14][debug][http] [source/common/http/conn_manager_impl.cc:1291] [Tags: "ConnectionId":"5515","StreamId":"16875276866543228509"] request headers complete (end_stream=true):
':authority', 'envoy:10000'
':path', '/users/usr-43379'
':method', 'GET'
'user-agent', 'Go-http-client/1.1'

[2026-10-05 07:14:14.344][14][debug][http] [source/common/http/conn_manager_impl.cc:1274] [Tags: "ConnectionId":"5515","StreamId":"16875276866543228509"] request end stream timestamp recorded
[2026-10-05 07:14:14.344][14][debug][connection] [./source/common/network/connection_impl.h:101] [Tags: "ConnectionId":"5515"] current connecting state: false
[2026-10-05 07:14:14.344][14][info][lua] [source/extensions/filters/common/lua/lua.cc:26] script log: accepted GET /users/usr-43379
[2026-10-05 07:14:14.344][14][debug][lua] [source/extensions/filters/common/lua/lua.cc:67] coroutine finished
[2026-10-05 07:14:14.344][14][debug][router] [source/common/router/router.cc:537] [Tags: "ConnectionId":"5515","StreamId":"16875276866543228509"] cluster 'users' match for URL '/users/usr-43379'
[2026-10-05 07:14:14.344][14][debug][router] [source/common/router/router.cc:812] [Tags: "ConnectionId":"5515","StreamId":"16875276866543228509"] router decoding headers:
':authority', 'envoy:10000'
':path', '/users/usr-43379'
':method', 'GET'
':scheme', 'http'
'user-agent', 'Go-http-client/1.1'
'x-forwarded-proto', 'http'
'x-request-id', '1be1531f-1fbe-4ba0-8e43-e50ff0b9d1f5'
'x-envoy-expected-rq-timeout-ms', '3000'

[2026-10-05 07:14:14.344][14][debug][pool] [source/common/conn_pool/conn_pool_base.cc:330] [Tags: "ConnectionId":"23"] using existing fully connected connection
[2026-10-05 07:14:14.344][14][debug][pool] [source/common/conn_pool/conn_pool_base.cc:247] [Tags: "ConnectionId":"23"] creating stream
[2026-10-05 07:14:14.344][14][debug][router] [source/common/router/upstream_request.cc:606] [Tags: "ConnectionId":"5515","StreamId":"16875276866543228509"] pool ready
[2026-10-05 07:14:14.344][14][debug][client] [source/common/http/codec_client.cc:150] [Tags: "ConnectionId":"23"] encode complete
[2026-10-05 07:14:14.344][14][debug][http] [source/common/http/conn_manager_impl.cc:394] [Tags: "ConnectionId":"5527"] new stream
[2026-10-05 07:14:14.344][14][debug][http] [source/common/http/conn_manager_impl.cc:1291] [Tags: "ConnectionId":"5527","StreamId":"7393293577787618693"] request headers complete (end_stream=true):
':authority', 'envoy:10000'
':path', '/payments/pay-51328'
':method', 'GET'
'user-agent', 'Go-http-client/1.1'

[2026-10-05 07:14:14.344][14][debug][http] [source/common/http/conn_manager_impl.cc:1274] [Tags: "ConnectionId":"5527","StreamId":"7393293577787618693"] request end stream timestamp recorded
[2026-10-05 07:14:14.344][14][debug][connection] [./source/common/network/connection_impl.h:101] [Tags: "ConnectionId":"5527"] current connecting state: false
[2026-10-05 07:14:14.344][14][info][lua] [source/extensions/filters/common/lua/lua.cc:26] script log: accepted GET /payments/pay-51328
[2026-10-05 07:14:14.344][14][debug][lua] [source/extensions/filters/common/lua/lua.cc:67] coroutine finished
[2026-10-05 07:14:14.344][14][debug][router] [source/common/router/router.cc:537] [Tags: "ConnectionId":"5527","StreamId":"7393293577787618693"] cluster 'payments' match for URL '/payments/pay-51328'
[2026-10-05 07:14:14.344][14][debug][router] [source/common/router/router.cc:812] [Tags: "ConnectionId":"5527","StreamId":"7393293577787618693"] router decoding headers:
':authority', 'envoy:10000'
':path', '/payments/pay-51328'
':method', 'GET'
':scheme', 'http'
'user-agent', 'Go-http-client/1.1'
'x-forwarded-proto', 'http'
'x-request-id', '6ef85287-59f5-49aa-9ed7-ce349044e0cc'
'x-envoy-expected-rq-timeout-ms', '3000'

[2026-10-05 07:14:14.344][14][debug][pool] [source/common/conn_pool/conn_pool_base.cc:330] [Tags: "ConnectionId":"6"] using existing fully connected connection
[2026-10-05 07:14:14.344][14][debug][pool] [source/common/conn_pool/conn_pool_base.cc:247] [Tags: "ConnectionId":"6"] creating stream
[2026-10-05 07:14:14.344][14][debug][router] [source/common/router/upstream_request.cc:606] [Tags: "ConnectionId":"5527","StreamId":"7393293577787618693"] pool ready
[2026-10-05 07:14:14.344][14][debug][client] [source/common/http/codec_client.cc:150] [Tags: "ConnectionId":"6"] encode complete
[2026-10-05 07:14:14.344][14][debug][router] [source/common/router/router.cc:1700] [Tags: "ConnectionId":"5523","StreamId":"33829726783862500"] upstream headers complete: end_stream=false
[2026-10-05 07:14:14.344][14][debug][lua] [source/extensions/filters/common/lua/lua.cc:23] script log: completed GET /payments/pay-58942 status=200
[2026-10-05 07:14:14.344][14][debug][lua] [source/extensions/filters/common/lua/lua.cc:67] coroutine finished
[2026-10-05 07:14:14.344][14][debug][http] [source/common/http/conn_manager_impl.cc:1948] [Tags: "ConnectionId":"5523","StreamId":"33829726783862500"] encoding headers via codec (end_stream=false):
':status', '200'
'content-type', 'application/json'
'date', 'Mon, 05 Oct 2026 07:14:14 GMT'
'content-length', '32'
'x-envoy-upstream-service-time', '0'
'server', 'envoy'

[2026-10-05 07:14:14.344][14][debug][client] [source/common/http/codec_client.cc:137] [Tags: "ConnectionId":"1749"] response complete
[2026-10-05 07:14:14.344][14][debug][router] [source/common/router/router.cc:1153] Executing cleanup(): resetting retry_state_ and disabling timers
[2026-10-05 07:14:14.344][14][debug][http] [source/common/http/conn_manager_impl.cc:2063] [Tags: "ConnectionId":"5523","StreamId":"33829726783862500"] Codec completed encoding stream.
[2026-10-05 07:14:14.344][14][debug][router] [source/common/router/router.cc:1153] Executing cleanup(): resetting retry_state_ and disabling timers
[2026-10-05 07:14:14.344][14][debug][pool] [source/common/http/http1/conn_pool.cc:61] [Tags: "ConnectionId":"1749"] response complete
[2026-10-05 07:14:14.344][14][debug][pool] [source/common/conn_pool/conn_pool_base.cc:282] [Tags: "ConnectionId":"1749"] destroying stream: 0 active remaining, readyForStream false, currentUnusedCapacity 1
[2026-10-05 07:14:14.344][14][debug][router] [source/common/router/router.cc:1700] [Tags: "ConnectionId":"5470","StreamId":"11284112081142895220"] upstream headers complete: end_stream=false
[2026-10-05 07:14:14.344][14][debug][lua] [source/extensions/filters/common/lua/lua.cc:23] script log: completed GET /bookings/bk-36426 status=200
[2026-10-05 07:14:14.344][14][debug][lua] [source/extensions/filters/common/lua/lua.cc:67] coroutine finished
[2026-10-05 07:14:14.344][14][debug][http] [source/common/http/conn_manager_impl.cc:1948] [Tags: "ConnectionId":"5470","StreamId":"11284112081142895220"] encoding headers via codec (end_stream=false):
':status', '200'
'content-type', 'application/json'
'date', 'Mon, 05 Oct 2026 07:14:14 GMT'
'content-length', '31'
'x-envoy-upstream-service-time', '0'
'server', 'envoy'

[2026-10-05 07:14:14.344][14][debug][client] [source/common/http/codec_client.cc:137] [Tags: "ConnectionId":"2"] response complete
[2026-10-05 07:14:14.344][14][debug][router] [source/common/router/router.cc:1153] Executing cleanup(): resetting retry_state_ and disabling timers
[2026-10-05 07:14:14.344][14][debug][http] [source/common/http/conn_manager_impl.cc:2063] [Tags: "ConnectionId":"5470","StreamId":"11284112081142895220"] Codec completed encoding stream.
[2026-10-05 07:14:14.344][14][debug][router] [source/common/router/router.cc:1153] Executing cleanup(): resetting retry_state_ and disabling timers
[2026-10-05 07:14:14.344][14][debug][pool] [source/common/http/http1/conn_pool.cc:61] [Tags: "ConnectionId":"2"] response complete
[2026-10-05 07:14:14.344][14][debug][pool] [source/common/conn_pool/conn_pool_base.cc:282] [Tags: "ConnectionId":"2"] destroying stream: 0 active remaining, readyForStream false, currentUnusedCapacity 1
[2026-10-05 07:14:14.344][14][debug][router] [source/common/router/router.cc:1700] [Tags: "ConnectionId":"5506","StreamId":"11867565451645857855"] upstream headers complete: end_stream=false
[2026-10-05 07:14:14.344][14][debug][lua] [source/extensions/filters/common/lua/lua.cc:23] script log: completed PUT /order/ord-83268 status=200
[2026-10-05 07:14:14.344][14][debug][lua] [source/extensions/filters/common/lua/lua.cc:67] coroutine finished
[2026-10-05 07:14:14.344][14][debug][http] [source/common/http/conn_manager_impl.cc:1948] [Tags: "ConnectionId":"5506","StreamId":"11867565451645857855"] encoding headers via codec (end_stream=false):
':status', '200'
'content-type', 'application/json'
'date', 'Mon, 05 Oct 2026 07:14:14 GMT'
'content-length', '37'
'x-envoy-upstream-service-time', '0'
'server', 'envoy'

[2026-10-05 07:14:14.344][14][debug][client] [source/common/http/codec_client.cc:137] [Tags: "ConnectionId":"1746"] response complete
[2026-10-05 07:14:14.344][14][debug][router] [source/common/router/router.cc:1153] Executing cleanup(): resetting retry_state_ and disabling timers
[2026-10-05 07:14:14.344][14][debug][http] [source/common/http/conn_manager_impl.cc:2063] [Tags: "ConnectionId":"5506","StreamId":"11867565451645857855"] Codec completed encoding stream.
[2026-10-05 07:14:14.344][14][debug][router] [source/common/router/router.cc:1153] Executing cleanup(): resetting retry_state_ and disabling timers
[2026-10-05 07:14:14.344][14][debug][pool] [source/common/http/http1/conn_pool.cc:61] [Tags: "ConnectionId":"1746"] response complete
[2026-10-05 07:14:14.344][14][debug][pool] [source/common/conn_pool/conn_pool_base.cc:282] [Tags: "ConnectionId":"1746"] destroying stream: 0 active remaining, readyForStream false, currentUnusedCapacity 1
[2026-10-05 07:14:14.344][14][debug][router] [source/common/router/router.cc:1700] [Tags: "ConnectionId":"5529","StreamId":"5655558772810287487"] upstream headers complete: end_stream=false
[2026-10-05 07:14:14.344][14][debug][lua] [source/extensions/filters/common/lua/lua.cc:23] script log: completed POST /payments status=200
[2026-10-05 07:14:14.344][14][debug][lua] [source/extensions/filters/common/lua/lua.cc:67] coroutine finished
[2026-10-05 07:14:14.344][14][debug][http] [source/common/http/conn_manager_impl.cc:1948] [Tags: "ConnectionId":"5529","StreamId":"5655558772810287487"] encoding headers via codec (end_stream=false):
':status', '200'
'content-type', 'application/json'
'date', 'Mon, 05 Oct 2026 07:14:14 GMT'
'content-length', '15'
'x-envoy-upstream-service-time', '0'
'server', 'envoy'

[2026-10-05 07:14:14.344][14][debug][client] [source/common/http/codec_client.cc:137] [Tags: "ConnectionId":"21"] response complete
[2026-10-05 07:14:14.344][14][debug][router] [source/common/router/router.cc:1153] Executing cleanup(): resetting retry_state_ and disabling timers
[2026-10-05 07:14:14.344][14][debug][http] [source/common/http/conn_manager_impl.cc:2063] [Tags: "ConnectionId":"5529","StreamId":"5655558772810287487"] Codec completed encoding stream.
[2026-10-05 07:14:14.344][14][debug][router] [source/common/router/router.cc:1153] Executing cleanup(): resetting retry_state_ and disabling timers
[2026-10-05 07:14:14.344][14][debug][pool] [source/common/http/http1/conn_pool.cc:61] [Tags: "ConnectionId":"21"] response complete
[2026-10-05 07:14:14.344][14][debug][pool] [source/common/conn_pool/conn_pool_base.cc:282] [Tags: "ConnectionId":"21"] destroying stream: 0 active remaining, readyForStream false, currentUnusedCapacity 1
[2026-10-05 07:14:14.344][14][debug][router] [source/common/router/router.cc:1700] [Tags: "ConnectionId":"5527","StreamId":"7393293577787618693"] upstream headers complete: end_stream=false
[2026-10-05 07:14:14.344][14][debug][lua] [source/extensions/filters/common/lua/lua.cc:23] script log: completed GET /payments/pay-51328 status=200
[2026-10-05 07:14:14.344][14][debug][lua] [source/extensions/filters/common/lua/lua.cc:67] coroutine finished
[2026-10-05 07:14:14.344][14][debug][http] [source/common/http/conn_manager_impl.cc:1948] [Tags: "ConnectionId":"5527","StreamId":"7393293577787618693"] encoding headers via codec (end_stream=false):
':status', '200'
'content-type', 'application/json'
'date', 'Mon, 05 Oct 2026 07:14:14 GMT'
'content-length', '32'
'x-envoy-upstream-service-time', '0'
'server', 'envoy'

[2026-10-05 07:14:14.344][14][debug][client] [source/common/http/codec_client.cc:137] [Tags: "ConnectionId":"6"] response complete
[2026-10-05 07:14:14.344][14][debug][router] [source/common/router/router.cc:1153] Executing cleanup(): resetting retry_state_ and disabling timers
[2026-10-05 07:14:14.344][14][debug][http] [source/common/http/conn_manager_impl.cc:2063] [Tags: "ConnectionId":"5527","StreamId":"7393293577787618693"] Codec completed encoding stream.
[2026-10-05 07:14:14.344][14][debug][router] [source/common/router/router.cc:1153] Executing cleanup(): resetting retry_state_ and disabling timers
[2026-10-05 07:14:14.344][14][debug][pool] [source/common/http/http1/conn_pool.cc:61] [Tags: "ConnectionId":"6"] response complete
[2026-10-05 07:14:14.344][14][debug][pool] [source/common/conn_pool/conn_pool_base.cc:282] [Tags: "ConnectionId":"6"] destroying stream: 0 active remaining, readyForStream false, currentUnusedCapacity 1
[2026-10-05 07:14:14.344][14][debug][router] [source/common/router/router.cc:1700] [Tags: "ConnectionId":"5508","StreamId":"3910953761694043110"] upstream headers complete: end_stream=false
[2026-10-05 07:14:14.344][14][debug][lua] [source/extensions/filters/common/lua/lua.cc:23] script log: completed GET /bookings/bk-26275 status=200
[2026-10-05 07:14:14.344][14][debug][lua] [source/extensions/filters/common/lua/lua.cc:67] coroutine finished
[2026-10-05 07:14:14.344][14][debug][http] [source/common/http/conn_manager_impl.cc:1948] [Tags: "ConnectionId":"5508","StreamId":"3910953761694043110"] encoding headers via codec (end_stream=false):
':status', '200'
'content-type', 'application/json'
'date', 'Mon, 05 Oct 2026 07:14:14 GMT'
'content-length', '31'
'x-envoy-upstream-service-time', '0'
'server', 'envoy'

[2026-10-05 07:14:14.344][14][debug][client] [source/common/http/codec_client.cc:137] [Tags: "ConnectionId":"19"] response complete
[2026-10-05 07:14:14.344][14][debug][router] [source/common/router/router.cc:1153] Executing cleanup(): resetting retry_state_ and disabling timers
[2026-10-05 07:14:14.344][14][debug][http] [source/common/http/conn_manager_impl.cc:2063] [Tags: "ConnectionId":"5508","StreamId":"3910953761694043110"] Codec completed encoding stream.
[2026-10-05 07:14:14.344][14][debug][router] [source/common/router/router.cc:1153] Executing cleanup(): resetting retry_state_ and disabling timers
[2026-10-05 07:14:14.344][14][debug][pool] [source/common/http/http1/conn_pool.cc:61] [Tags: "ConnectionId":"19"] response complete
[2026-10-05 07:14:14.344][14][debug][pool] [source/common/conn_pool/conn_pool_base.cc:282] [Tags: "ConnectionId":"19"] destroying stream: 0 active remaining, readyForStream false, currentUnusedCapacity 1
[2026-10-05 07:14:14.345][14][debug][client] [source/common/http/codec_client.cc:137] [Tags: "ConnectionId":"11"] response complete
[2026-10-05 07:14:14.345][14][debug][router] [source/common/router/router.cc:1700] [Tags: "ConnectionId":"5528","StreamId":"3391543627171975324"] upstream headers complete: end_stream=true
[2026-10-05 07:14:14.345][14][debug][router] [source/common/router/router.cc:1153] Executing cleanup(): resetting retry_state_ and disabling timers
[2026-10-05 07:14:14.345][14][debug][lua] [source/extensions/filters/common/lua/lua.cc:23] script log: completed OPTIONS /bookings status=204
[2026-10-05 07:14:14.345][14][debug][lua] [source/extensions/filters/common/lua/lua.cc:67] coroutine finished
[2026-10-05 07:14:14.345][14][debug][http] [source/common/http/conn_manager_impl.cc:1948] [Tags: "ConnectionId":"5528","StreamId":"3391543627171975324"] encoding headers via codec (end_stream=true):
':status', '204'
'access-control-allow-methods', 'GET, OPTIONS'
'allow', 'GET, OPTIONS'
'date', 'Mon, 05 Oct 2026 07:14:14 GMT'
'x-envoy-upstream-service-time', '0'
'server', 'envoy'

[2026-10-05 07:14:14.345][14][debug][http] [source/common/http/conn_manager_impl.cc:2063] [Tags: "ConnectionId":"5528","StreamId":"3391543627171975324"] Codec completed encoding stream.
[2026-10-05 07:14:14.345][14][debug][router] [source/common/router/router.cc:1153] Executing cleanup(): resetting retry_state_ and disabling timers
[2026-10-05 07:14:14.345][14][debug][pool] [source/common/http/http1/conn_pool.cc:61] [Tags: "ConnectionId":"11"] response complete
[2026-10-05 07:14:14.345][14][debug][pool] [source/common/conn_pool/conn_pool_base.cc:282] [Tags: "ConnectionId":"11"] destroying stream: 0 active remaining, readyForStream false, currentUnusedCapacity 1
[2026-10-05 07:14:14.345][14][debug][http] [source/common/http/conn_manager_impl.cc:394] [Tags: "ConnectionId":"5531"] new stream
[2026-10-05 07:14:14.345][14][debug][http] [source/common/http/conn_manager_impl.cc:1291] [Tags: "ConnectionId":"5531","StreamId":"12146787364904320900"] request headers complete (end_stream=false):
':authority', 'envoy:10000'
':path', '/foods/data'
':method', 'POST'
'user-agent', 'Go-http-client/1.1'
'content-length', '26'
'content-type', 'application/json'

[2026-10-05 07:14:14.345][14][debug][connection] [./source/common/network/connection_impl.h:101] [Tags: "ConnectionId":"5531"] current connecting state: false
[2026-10-05 07:14:14.345][14][info][lua] [source/extensions/filters/common/lua/lua.cc:26] script log: accepted POST /foods/data
[2026-10-05 07:14:14.345][14][debug][lua] [source/extensions/filters/common/lua/lua.cc:67] coroutine finished
[2026-10-05 07:14:14.345][14][debug][router] [source/common/router/router.cc:537] [Tags: "ConnectionId":"5531","StreamId":"12146787364904320900"] cluster 'foods' match for URL '/foods/data'
[2026-10-05 07:14:14.345][14][debug][router] [source/common/router/router.cc:812] [Tags: "ConnectionId":"5531","StreamId":"12146787364904320900"] router decoding headers:
':authority', 'envoy:10000'
':path', '/foods/data'
':method', 'POST'
':scheme', 'http'
'user-agent', 'Go-http-client/1.1'
'content-length', '26'
'content-type', 'application/json'
'x-forwarded-proto', 'http'
'x-request-id', '763a6f4c-2782-44a4-b2e5-bd8d668751fb'
'x-envoy-expected-rq-timeout-ms', '3000'

[2026-10-05 07:14:14.345][14][debug][pool] [source/common/conn_pool/conn_pool_base.cc:330] [Tags: "ConnectionId":"1750"] using existing fully connected connection
[2026-10-05 07:14:14.345][14][debug][pool] [source/common/conn_pool/conn_pool_base.cc:247] [Tags: "ConnectionId":"1750"] creating stream
[2026-10-05 07:14:14.345][14][debug][router] [source/common/router/upstream_request.cc:606] [Tags: "ConnectionId":"5531","StreamId":"12146787364904320900"] pool ready
[2026-10-05 07:14:14.345][14][debug][router] [source/common/router/router.cc:993] [Tags: "ConnectionId":"5531","StreamId":"12146787364904320900"] router decoding data: 26
[2026-10-05 07:14:14.345][14][debug][http] [source/common/http/conn_manager_impl.cc:1274] [Tags: "ConnectionId":"5531","StreamId":"12146787364904320900"] request end stream timestamp recorded
[2026-10-05 07:14:14.345][14][debug][router] [source/common/router/router.cc:993] [Tags: "ConnectionId":"5531","StreamId":"12146787364904320900"] router decoding data: 0
[2026-10-05 07:14:14.345][14][debug][client] [source/common/http/codec_client.cc:150] [Tags: "ConnectionId":"1750"] encode complete
[2026-10-05 07:14:14.345][14][debug][router] [source/common/router/router.cc:1700] [Tags: "ConnectionId":"5515","StreamId":"16875276866543228509"] upstream headers complete: end_stream=false
[2026-10-05 07:14:14.345][14][debug][lua] [source/extensions/filters/common/lua/lua.cc:23] script log: completed GET /users/usr-43379 status=200
[2026-10-05 07:14:14.345][14][debug][lua] [source/extensions/filters/common/lua/lua.cc:67] coroutine finished
[2026-10-05 07:14:14.345][14][debug][http] [source/common/http/conn_manager_impl.cc:1948] [Tags: "ConnectionId":"5515","StreamId":"16875276866543228509"] encoding headers via codec (end_stream=false):
':status', '200'
'content-type', 'application/json'
'date', 'Mon, 05 Oct 2026 07:14:14 GMT'
'content-length', '32'
'x-envoy-upstream-service-time', '0'
'server', 'envoy'

[2026-10-05 07:14:14.345][14][debug][client] [source/common/http/codec_client.cc:137] [Tags: "ConnectionId":"23"] response complete
[2026-10-05 07:14:14.345][14][debug][router] [source/common/router/router.cc:1153] Executing cleanup(): resetting retry_state_ and disabling timers
[2026-10-05 07:14:14.345][14][debug][http] [source/common/http/conn_manager_impl.cc:2063] [Tags: "ConnectionId":"5515","StreamId":"16875276866543228509"] Codec completed encoding stream.
[2026-10-05 07:14:14.345][14][debug][router] [source/common/router/router.cc:1153] Executing cleanup(): resetting retry_state_ and disabling timers
[2026-10-05 07:14:14.345][14][debug][pool] [source/common/http/http1/conn_pool.cc:61] [Tags: "ConnectionId":"23"] response complete
[2026-10-05 07:14:14.345][14][debug][pool] [source/common/conn_pool/conn_pool_base.cc:282] [Tags: "ConnectionId":"23"] destroying stream: 0 active remaining, readyForStream false, currentUnusedCapacity 1
[2026-10-05 07:14:14.345][14][debug][router] [source/common/router/router.cc:1700] [Tags: "ConnectionId":"5521","StreamId":"5229495393290608812"] upstream headers complete: end_stream=false
[2026-10-05 07:14:14.345][14][debug][lua] [source/extensions/filters/common/lua/lua.cc:23] script log: completed POST /booking status=200
[2026-10-05 07:14:14.345][14][debug][lua] [source/extensions/filters/common/lua/lua.cc:67] coroutine finished
[2026-10-05 07:14:14.345][14][debug][http] [source/common/http/conn_manager_impl.cc:1948] [Tags: "ConnectionId":"5521","StreamId":"5229495393290608812"] encoding headers via codec (end_stream=false):
':status', '200'
'content-type', 'application/json'
'date', 'Mon, 05 Oct 2026 07:14:14 GMT'
'content-length', '15'
'x-envoy-upstream-service-time', '0'
'server', 'envoy'

[2026-10-05 07:14:14.345][14][debug][client] [source/common/http/codec_client.cc:137] [Tags: "ConnectionId":"17"] response complete
[2026-10-05 07:14:14.345][14][debug][router] [source/common/router/router.cc:1153] Executing cleanup(): resetting retry_state_ and disabling timers
[2026-10-05 07:14:14.345][14][debug][http] [source/common/http/conn_manager_impl.cc:2063] [Tags: "ConnectionId":"5521","StreamId":"5229495393290608812"] Codec completed encoding stream.
[2026-10-05 07:14:14.345][14][debug][router] [source/common/router/router.cc:1153] Executing cleanup(): resetting retry_state_ and disabling timers
[2026-10-05 07:14:14.345][14][debug][pool] [source/common/http/http1/conn_pool.cc:61] [Tags: "ConnectionId":"17"] response complete
[2026-10-05 07:14:14.345][14][debug][pool] [source/common/conn_pool/conn_pool_base.cc:282] [Tags: "ConnectionId":"17"] destroying stream: 0 active remaining, readyForStream false, currentUnusedCapacity 1
[2026-10-05 07:14:14.345][14][debug][http] [source/common/http/conn_manager_impl.cc:394] [Tags: "ConnectionId":"5506"] new stream
[2026-10-05 07:14:14.345][14][debug][http] [source/common/http/conn_manager_impl.cc:1291] [Tags: "ConnectionId":"5506","StreamId":"9384707194727099180"] request headers complete (end_stream=false):
':authority', 'envoy:10000'
':path', '/booking'
':method', 'POST'
'user-agent', 'Go-http-client/1.1'
'content-length', '58'
'content-type', 'application/json'

[2026-10-05 07:14:14.345][14][debug][connection] [./source/common/network/connection_impl.h:101] [Tags: "ConnectionId":"5506"] current connecting state: false
[2026-10-05 07:14:14.345][14][info][lua] [source/extensions/filters/common/lua/lua.cc:26] script log: accepted POST /booking
[2026-10-05 07:14:14.345][14][debug][lua] [source/extensions/filters/common/lua/lua.cc:67] coroutine finished
[2026-10-05 07:14:14.345][14][debug][router] [source/common/router/router.cc:537] [Tags: "ConnectionId":"5506","StreamId":"9384707194727099180"] cluster 'booking' match for URL '/booking'
[2026-10-05 07:14:14.345][14][debug][router] [source/common/router/router.cc:812] [Tags: "ConnectionId":"5506","StreamId":"9384707194727099180"] router decoding headers:
':authority', 'envoy:10000'
':path', '/booking'
':method', 'POST'
':scheme', 'http'
'user-agent', 'Go-http-client/1.1'
'content-length', '58'
'content-type', 'application/json'
'x-forwarded-proto', 'http'
'x-request-id', 'f76ea5f5-2262-48f4-8c4b-894a0b1d6409'
'x-envoy-expected-rq-timeout-ms', '3000'

[2026-10-05 07:14:14.345][14][debug][pool] [source/common/conn_pool/conn_pool_base.cc:330] [Tags: "ConnectionId":"17"] using existing fully connected connection
[2026-10-05 07:14:14.345][14][debug][pool] [source/common/conn_pool/conn_pool_base.cc:247] [Tags: "ConnectionId":"17"] creating stream
[2026-10-05 07:14:14.345][14][debug][router] [source/common/router/upstream_request.cc:606] [Tags: "ConnectionId":"5506","StreamId":"9384707194727099180"] pool ready
[2026-10-05 07:14:14.345][14][debug][router] [source/common/router/router.cc:993] [Tags: "ConnectionId":"5506","StreamId":"9384707194727099180"] router decoding data: 58
[2026-10-05 07:14:14.345][14][debug][http] [source/common/http/conn_manager_impl.cc:1274] [Tags: "ConnectionId":"5506","StreamId":"9384707194727099180"] request end stream timestamp recorded
[2026-10-05 07:14:14.345][14][debug][router] [source/common/router/router.cc:993] [Tags: "ConnectionId":"5506","StreamId":"9384707194727099180"] router decoding data: 0
[2026-10-05 07:14:14.345][14][debug][client] [source/common/http/codec_client.cc:150] [Tags: "ConnectionId":"17"] encode complete
[2026-10-05 07:14:14.345][14][debug][http] [source/common/http/conn_manager_impl.cc:394] [Tags: "ConnectionId":"5529"] new stream
[2026-10-05 07:14:14.345][14][debug][http] [source/common/http/conn_manager_impl.cc:1291] [Tags: "ConnectionId":"5529","StreamId":"9797675239589487520"] request headers complete (end_stream=true):
':authority', 'envoy:10000'
':path', '/users/usr-27335'
':method', 'GET'
'user-agent', 'Go-http-client/1.1'

[2026-10-05 07:14:14.345][14][debug][http] [source/common/http/conn_manager_impl.cc:1274] [Tags: "ConnectionId":"5529","StreamId":"9797675239589487520"] request end stream timestamp recorded
[2026-10-05 07:14:14.345][14][debug][connection] [./source/common/network/connection_impl.h:101] [Tags: "ConnectionId":"5529"] current connecting state: false
[2026-10-05 07:14:14.345][14][info][lua] [source/extensions/filters/common/lua/lua.cc:26] script log: accepted GET /users/usr-27335
[2026-10-05 07:14:14.345][14][debug][lua] [source/extensions/filters/common/lua/lua.cc:67] coroutine finished
[2026-10-05 07:14:14.345][14][debug][router] [source/common/router/router.cc:537] [Tags: "ConnectionId":"5529","StreamId":"9797675239589487520"] cluster 'users' match for URL '/users/usr-27335'
[2026-10-05 07:14:14.345][14][debug][router] [source/common/router/router.cc:812] [Tags: "ConnectionId":"5529","StreamId":"9797675239589487520"] router decoding headers:
':authority', 'envoy:10000'
':path', '/users/usr-27335'
':method', 'GET'
':scheme', 'http'
'user-agent', 'Go-http-client/1.1'
'x-forwarded-proto', 'http'
'x-request-id', '45f085af-3d3b-4ca2-a646-02e4bcce4164'
'x-envoy-expected-rq-timeout-ms', '3000'

[2026-10-05 07:14:14.345][14][debug][pool] [source/common/conn_pool/conn_pool_base.cc:330] [Tags: "ConnectionId":"23"] using existing fully connected connection
[2026-10-05 07:14:14.345][14][debug][pool] [source/common/conn_pool/conn_pool_base.cc:247] [Tags: "ConnectionId":"23"] creating stream
[2026-10-05 07:14:14.345][14][debug][router] [source/common/router/upstream_request.cc:606] [Tags: "ConnectionId":"5529","StreamId":"9797675239589487520"] pool ready
[2026-10-05 07:14:14.345][14][debug][client] [source/common/http/codec_client.cc:150] [Tags: "ConnectionId":"23"] encode complete
[2026-10-05 07:14:14.345][14][debug][http] [source/common/http/conn_manager_impl.cc:394] [Tags: "ConnectionId":"5523"] new stream
[2026-10-05 07:14:14.345][14][debug][http] [source/common/http/conn_manager_impl.cc:1291] [Tags: "ConnectionId":"5523","StreamId":"12201699417189250587"] request headers complete (end_stream=false):
':authority', 'envoy:10000'
':path', '/foods/data'
':method', 'POST'
'user-agent', 'Go-http-client/1.1'
'content-length', '26'
'content-type', 'application/json'

[2026-10-05 07:14:14.345][14][debug][connection] [./source/common/network/connection_impl.h:101] [Tags: "ConnectionId":"5523"] current connecting state: false
[2026-10-05 07:14:14.345][14][info][lua] [source/extensions/filters/common/lua/lua.cc:26] script log: accepted POST /foods/data
[2026-10-05 07:14:14.345][14][debug][lua] [source/extensions/filters/common/lua/lua.cc:67] coroutine finished
[2026-10-05 07:14:14.345][14][debug][router] [source/common/router/router.cc:537] [Tags: "ConnectionId":"5523","StreamId":"12201699417189250587"] cluster 'foods' match for URL '/foods/data'
[2026-10-05 07:14:14.345][14][debug][router] [source/common/router/router.cc:812] [Tags: "ConnectionId":"5523","StreamId":"12201699417189250587"] router decoding headers:
':authority', 'envoy:10000'
':path', '/foods/data'
':method', 'POST'
':scheme', 'http'
'user-agent', 'Go-http-client/1.1'
'content-length', '26'
'content-type', 'application/json'
'x-forwarded-proto', 'http'
'x-request-id', '98fa8467-0821-4e7e-a610-b272ae61d3ba'
'x-envoy-expected-rq-timeout-ms', '3000'

[2026-10-05 07:14:14.345][14][debug][pool] [source/common/conn_pool/conn_pool_base.cc:330] [Tags: "ConnectionId":"1751"] using existing fully connected connection
[2026-10-05 07:14:14.345][14][debug][pool] [source/common/conn_pool/conn_pool_base.cc:247] [Tags: "ConnectionId":"1751"] creating stream
[2026-10-05 07:14:14.345][14][debug][router] [source/common/router/upstream_request.cc:606] [Tags: "ConnectionId":"5523","StreamId":"12201699417189250587"] pool ready
[2026-10-05 07:14:14.345][14][debug][router] [source/common/router/router.cc:993] [Tags: "ConnectionId":"5523","StreamId":"12201699417189250587"] router decoding data: 26
[2026-10-05 07:14:14.345][14][debug][http] [source/common/http/conn_manager_impl.cc:1274] [Tags: "ConnectionId":"5523","StreamId":"12201699417189250587"] request end stream timestamp recorded
[2026-10-05 07:14:14.345][14][debug][router] [source/common/router/router.cc:993] [Tags: "ConnectionId":"5523","StreamId":"12201699417189250587"] router decoding data: 0
[2026-10-05 07:14:14.345][14][debug][client] [source/common/http/codec_client.cc:150] [Tags: "ConnectionId":"1751"] encode complete
[2026-10-05 07:14:14.345][14][debug][router] [source/common/router/router.cc:1700] [Tags: "ConnectionId":"5523","StreamId":"12201699417189250587"] upstream headers complete: end_stream=false
[2026-10-05 07:14:14.345][14][debug][lua] [source/extensions/filters/common/lua/lua.cc:23] script log: completed POST /foods/data status=200
[2026-10-05 07:14:14.345][14][debug][lua] [source/extensions/filters/common/lua/lua.cc:67] coroutine finished
[2026-10-05 07:14:14.345][14][debug][http] [source/common/http/conn_manager_impl.cc:1948] [Tags: "ConnectionId":"5523","StreamId":"12201699417189250587"] encoding headers via codec (end_stream=false):
':status', '200'
'content-type', 'application/json'
'date', 'Mon, 05 Oct 2026 07:14:14 GMT'
'content-length', '15'
'x-envoy-upstream-service-time', '0'
'server', 'envoy'

[2026-10-05 07:14:14.345][14][debug][client] [source/common/http/codec_client.cc:137] [Tags: "ConnectionId":"1751"] response complete
[2026-10-05 07:14:14.345][14][debug][router] [source/common/router/router.cc:1153] Executing cleanup(): resetting retry_state_ and disabling timers
[2026-10-05 07:14:14.345][14][debug][http] [source/common/http/conn_manager_impl.cc:2063] [Tags: "ConnectionId":"5523","StreamId":"12201699417189250587"] Codec completed encoding stream.
[2026-10-05 07:14:14.345][14][debug][router] [source/common/router/router.cc:1153] Executing cleanup(): resetting retry_state_ and disabling timers
[2026-10-05 07:14:14.345][14][debug][pool] [source/common/http/http1/conn_pool.cc:61] [Tags: "ConnectionId":"1751"] response complete
[2026-10-05 07:14:14.345][14][debug][pool] [source/common/conn_pool/conn_pool_base.cc:282] [Tags: "ConnectionId":"1751"] destroying stream: 0 active remaining, readyForStream false, currentUnusedCapacity 1
[2026-10-05 07:14:14.345][14][debug][http] [source/common/http/conn_manager_impl.cc:394] [Tags: "ConnectionId":"5525"] new stream
[2026-10-05 07:14:14.345][14][debug][http] [source/common/http/conn_manager_impl.cc:1291] [Tags: "ConnectionId":"5525","StreamId":"11591686946641880164"] request headers complete (end_stream=false):
':authority', 'envoy:10000'
':path', '/order/ord-81444'
':method', 'PUT'
'user-agent', 'Go-http-client/1.1'
'content-length', '22'
'content-type', 'application/json'

[2026-10-05 07:14:14.345][14][debug][connection] [./source/common/network/connection_impl.h:101] [Tags: "ConnectionId":"5525"] current connecting state: false
[2026-10-05 07:14:14.345][14][info][lua] [source/extensions/filters/common/lua/lua.cc:26] script log: accepted PUT /order/ord-81444
[2026-10-05 07:14:14.345][14][debug][lua] [source/extensions/filters/common/lua/lua.cc:67] coroutine finished
[2026-10-05 07:14:14.345][14][debug][router] [source/common/router/router.cc:537] [Tags: "ConnectionId":"5525","StreamId":"11591686946641880164"] cluster 'orders' match for URL '/order/ord-81444'
[2026-10-05 07:14:14.345][14][debug][router] [source/common/router/router.cc:812] [Tags: "ConnectionId":"5525","StreamId":"11591686946641880164"] router decoding headers:
':authority', 'envoy:10000'
':path', '/order/ord-81444'
':method', 'PUT'
':scheme', 'http'
'user-agent', 'Go-http-client/1.1'
'content-length', '22'
'content-type', 'application/json'
'x-forwarded-proto', 'http'
'x-request-id', '780bd018-c84c-474d-b208-958eb7cd661b'
'x-envoy-expected-rq-timeout-ms', '3000'

[2026-10-05 07:14:14.345][14][debug][pool] [source/common/conn_pool/conn_pool_base.cc:330] [Tags: "ConnectionId":"1746"] using existing fully connected connection
[2026-10-05 07:14:14.345][14][debug][pool] [source/common/conn_pool/conn_pool_base.cc:247] [Tags: "ConnectionId":"1746"] creating stream
[2026-10-05 07:14:14.345][14][debug][router] [source/common/router/upstream_request.cc:606] [Tags: "ConnectionId":"5525","StreamId":"11591686946641880164"] pool ready
[2026-10-05 07:14:14.345][14][debug][router] [source/common/router/router.cc:993] [Tags: "ConnectionId":"5525","StreamId":"11591686946641880164"] router decoding data: 22
[2026-10-05 07:14:14.345][14][debug][http] [source/common/http/conn_manager_impl.cc:1274] [Tags: "ConnectionId":"5525","StreamId":"11591686946641880164"] request end stream timestamp recorded
[2026-10-05 07:14:14.345][14][debug][router] [source/common/router/router.cc:993] [Tags: "ConnectionId":"5525","StreamId":"11591686946641880164"] router decoding data: 0
[2026-10-05 07:14:14.345][14][debug][client] [source/common/http/codec_client.cc:150] [Tags: "ConnectionId":"1746"] encode complete
[2026-10-05 07:14:14.345][14][debug][http] [source/common/http/conn_manager_impl.cc:394] [Tags: "ConnectionId":"5508"] new stream
[2026-10-05 07:14:14.345][14][debug][http] [source/common/http/conn_manager_impl.cc:1291] [Tags: "ConnectionId":"5508","StreamId":"2221905980130302041"] request headers complete (end_stream=true):
':authority', 'envoy:10000'
':path', '/bookings'
':method', 'OPTIONS'
'user-agent', 'Go-http-client/1.1'

[2026-10-05 07:14:14.345][14][debug][http] [source/common/http/conn_manager_impl.cc:1274] [Tags: "ConnectionId":"5508","StreamId":"2221905980130302041"] request end stream timestamp recorded
[2026-10-05 07:14:14.345][14][debug][connection] [./source/common/network/connection_impl.h:101] [Tags: "ConnectionId":"5508"] current connecting state: false
[2026-10-05 07:14:14.345][14][info][lua] [source/extensions/filters/common/lua/lua.cc:26] script log: accepted OPTIONS /bookings
[2026-10-05 07:14:14.345][14][debug][lua] [source/extensions/filters/common/lua/lua.cc:67] coroutine finished
[2026-10-05 07:14:14.345][14][debug][router] [source/common/router/router.cc:537] [Tags: "ConnectionId":"5508","StreamId":"2221905980130302041"] cluster 'booking' match for URL '/bookings'
[2026-10-05 07:14:14.345][14][debug][router] [source/common/router/router.cc:812] [Tags: "ConnectionId":"5508","StreamId":"2221905980130302041"] router decoding headers:
':authority', 'envoy:10000'
':path', '/bookings'
':method', 'OPTIONS'
':scheme', 'http'
'user-agent', 'Go-http-client/1.1'
'x-forwarded-proto', 'http'
'x-request-id', '31cb3a46-fb58-469a-aee0-98e52e7465f4'
'x-envoy-expected-rq-timeout-ms', '3000'

[2026-10-05 07:14:14.345][14][debug][pool] [source/common/conn_pool/conn_pool_base.cc:330] [Tags: "ConnectionId":"11"] using existing fully connected connection
[2026-10-05 07:14:14.345][14][debug][pool] [source/common/conn_pool/conn_pool_base.cc:247] [Tags: "ConnectionId":"11"] creating stream
[2026-10-05 07:14:14.345][14][debug][router] [source/common/router/upstream_request.cc:606] [Tags: "ConnectionId":"5508","StreamId":"2221905980130302041"] pool ready
[2026-10-05 07:14:14.345][14][debug][client] [source/common/http/codec_client.cc:150] [Tags: "ConnectionId":"11"] encode complete
[2026-10-05 07:14:14.345][14][debug][router] [source/common/router/router.cc:1700] [Tags: "ConnectionId":"5506","StreamId":"9384707194727099180"] upstream headers complete: end_stream=false
[2026-10-05 07:14:14.345][14][debug][lua] [source/extensions/filters/http/lua/lua_filter.cc:569] yielding for full body
[2026-10-05 07:14:14.345][14][debug][lua] [source/extensions/filters/common/lua/lua.cc:70] coroutine yielded
[2026-10-05 07:14:14.345][14][debug][client] [source/common/http/codec_client.cc:137] [Tags: "ConnectionId":"17"] response complete
[2026-10-05 07:14:14.345][14][debug][router] [source/common/router/router.cc:1153] Executing cleanup(): resetting retry_state_ and disabling timers
[2026-10-05 07:14:14.345][14][debug][lua] [source/extensions/filters/http/lua/lua_filter.cc:280] resuming body due to end stream
[2026-10-05 07:14:14.345][14][error][lua] [source/extensions/filters/common/lua/lua.cc:32] script log: POST /booking status=500 reason=inventory hold expired
reason: inventory hold expired
goroutine 25 [running]:
runtime/debug.Stack()
	runtime/debug/stack.go:26 +0x64
main.(*handler).fail(0x717f2fa262c0, {0x2e9060, 0x717f2fb31d10}, {0x717f2f962780, 0x4}, {0x717f2f962785, 0x8})
	envoy-log-generator/cmd/backend/main.go:169 +0x4c
main.(*handler).ServeHTTP(0x717f2fa262c0, {0x2e9060, 0x717f2fb31d10}, 0x717f2fb3d7c0)
	envoy-log-generator/cmd/backend/main.go:111 +0x690
net/http.serverHandler.ServeHTTP({0x2e7ed0?}, {0x2e9060?, 0x717f2fb31d10?}, 0x1?)
	net/http/server.go:3311 +0xb0
net/http.(*conn).serve(0x717f2fa54480, {0x2e96d0, 0x717f2fa13ad0})
	net/http/server.go:2067 +0x55c
created by net/http.(*Server).Serve in goroutine 1
	net/http/server.go:3464 +0x37c
[2026-10-05 07:14:14.345][14][debug][lua] [source/extensions/filters/common/lua/lua.cc:67] coroutine finished
[2026-10-05 07:14:14.345][14][debug][http] [source/common/http/conn_manager_impl.cc:1948] [Tags: "ConnectionId":"5506","StreamId":"9384707194727099180"] encoding headers via codec (end_stream=false):
':status', '500'
'content-type', 'text/plain; charset=utf-8'
'date', 'Mon, 05 Oct 2026 07:14:14 GMT'
'content-length', '704'
'x-envoy-upstream-service-time', '0'
'server', 'envoy'

[2026-10-05 07:14:14.345][14][debug][http] [source/common/http/conn_manager_impl.cc:2063] [Tags: "ConnectionId":"5506","StreamId":"9384707194727099180"] Codec completed encoding stream.
[2026-10-05 07:14:14.345][14][debug][router] [source/common/router/router.cc:1153] Executing cleanup(): resetting retry_state_ and disabling timers
[2026-10-05 07:14:14.345][14][debug][pool] [source/common/http/http1/conn_pool.cc:61] [Tags: "ConnectionId":"17"] response complete
[2026-10-05 07:14:14.345][14][debug][pool] [source/common/conn_pool/conn_pool_base.cc:282] [Tags: "ConnectionId":"17"] destroying stream: 0 active remaining, readyForStream false, currentUnusedCapacity 1
[2026-10-05 07:14:14.345][14][debug][http] [source/common/http/conn_manager_impl.cc:394] [Tags: "ConnectionId":"5528"] new stream
[2026-10-05 07:14:14.345][14][debug][http] [source/common/http/conn_manager_impl.cc:1291] [Tags: "ConnectionId":"5528","StreamId":"4040376641205898262"] request headers complete (end_stream=false):
':authority', 'envoy:10000'
':path', '/payments'
':method', 'POST'
'user-agent', 'Go-http-client/1.1'
'content-length', '56'
'content-type', 'application/json'

[2026-10-05 07:14:14.345][14][debug][connection] [./source/common/network/connection_impl.h:101] [Tags: "ConnectionId":"5528"] current connecting state: false
[2026-10-05 07:14:14.345][14][info][lua] [source/extensions/filters/common/lua/lua.cc:26] script log: accepted POST /payments
[2026-10-05 07:14:14.345][14][debug][lua] [source/extensions/filters/common/lua/lua.cc:67] coroutine finished
[2026-10-05 07:14:14.345][14][debug][router] [source/common/router/router.cc:537] [Tags: "ConnectionId":"5528","StreamId":"4040376641205898262"] cluster 'payments' match for URL '/payments'
[2026-10-05 07:14:14.345][14][debug][router] [source/common/router/router.cc:812] [Tags: "ConnectionId":"5528","StreamId":"4040376641205898262"] router decoding headers:
':authority', 'envoy:10000'
':path', '/payments'
':method', 'POST'
':scheme', 'http'
'user-agent', 'Go-http-client/1.1'
'content-length', '56'
'content-type', 'application/json'
'x-forwarded-proto', 'http'
'x-request-id', '7bea6c73-b2cf-473f-a0ea-5d14198dfbd1'
'x-envoy-expected-rq-timeout-ms', '3000'

[2026-10-05 07:14:14.345][14][debug][pool] [source/common/conn_pool/conn_pool_base.cc:330] [Tags: "ConnectionId":"6"] using existing fully connected connection
[2026-10-05 07:14:14.345][14][debug][pool] [source/common/conn_pool/conn_pool_base.cc:247] [Tags: "ConnectionId":"6"] creating stream
[2026-10-05 07:14:14.345][14][debug][router] [source/common/router/upstream_request.cc:606] [Tags: "ConnectionId":"5528","StreamId":"4040376641205898262"] pool ready
[2026-10-05 07:14:14.345][14][debug][router] [source/common/router/router.cc:993] [Tags: "ConnectionId":"5528","StreamId":"4040376641205898262"] router decoding data: 56
[2026-10-05 07:14:14.345][14][debug][http] [source/common/http/conn_manager_impl.cc:1274] [Tags: "ConnectionId":"5528","StreamId":"4040376641205898262"] request end stream timestamp recorded
[2026-10-05 07:14:14.345][14][debug][router] [source/common/router/router.cc:993] [Tags: "ConnectionId":"5528","StreamId":"4040376641205898262"] router decoding data: 0
[2026-10-05 07:14:14.345][14][debug][client] [source/common/http/codec_client.cc:150] [Tags: "ConnectionId":"6"] encode complete
[2026-10-05 07:14:14.345][14][debug][router] [source/common/router/router.cc:1700] [Tags: "ConnectionId":"5531","StreamId":"12146787364904320900"] upstream headers complete: end_stream=false
[2026-10-05 07:14:14.345][14][debug][lua] [source/extensions/filters/http/lua/lua_filter.cc:569] yielding for full body
[2026-10-05 07:14:14.345][14][debug][lua] [source/extensions/filters/common/lua/lua.cc:70] coroutine yielded
[2026-10-05 07:14:14.345][14][debug][client] [source/common/http/codec_client.cc:137] [Tags: "ConnectionId":"1750"] response complete
[2026-10-05 07:14:14.345][14][debug][router] [source/common/router/router.cc:1153] Executing cleanup(): resetting retry_state_ and disabling timers
[2026-10-05 07:14:14.345][14][debug][lua] [source/extensions/filters/http/lua/lua_filter.cc:280] resuming body due to end stream
[2026-10-05 07:14:14.345][14][error][lua] [source/extensions/filters/common/lua/lua.cc:32] script log: POST /foods/data status=500 reason=foods upstream returned 503
reason: foods upstream returned 503
goroutine 9716 [running]:
runtime/debug.Stack()
	runtime/debug/stack.go:26 +0x64
main.(*handler).fail(0x4b0717dac2c0, {0x2e9060, 0x4b0717fe6ff0}, {0x4b0717fdcd00, 0x4}, {0x4b0717fdcd05, 0xb})
	envoy-log-generator/cmd/backend/main.go:169 +0x4c
main.(*handler).ServeHTTP(0x4b0717dac2c0, {0x2e9060, 0x4b0717fe6ff0}, 0x4b0717ff8f00)
	envoy-log-generator/cmd/backend/main.go:111 +0x690
net/http.serverHandler.ServeHTTP({0x2e7ed0?}, {0x2e9060?, 0x4b0717fe6ff0?}, 0x1?)
	net/http/server.go:3311 +0xb0
net/http.(*conn).serve(0x4b07180a6ea0, {0x2e96d0, 0x4b0717da1ad0})
	net/http/server.go:2067 +0x55c
created by net/http.(*Server).Serve in goroutine 1
	net/http/server.go:3464 +0x37c
[2026-10-05 07:14:14.345][14][debug][lua] [source/extensions/filters/common/lua/lua.cc:67] coroutine finished
[2026-10-05 07:14:14.345][14][debug][http] [source/common/http/conn_manager_impl.cc:1948] [Tags: "ConnectionId":"5531","StreamId":"12146787364904320900"] encoding headers via codec (end_stream=false):
':status', '500'
'content-type', 'text/plain; charset=utf-8'
'date', 'Mon, 05 Oct 2026 07:14:14 GMT'
'content-length', '711'
'x-envoy-upstream-service-time', '0'
'server', 'envoy'

[2026-10-05 07:14:14.345][14][debug][http] [source/common/http/conn_manager_impl.cc:2063] [Tags: "ConnectionId":"5531","StreamId":"12146787364904320900"] Codec completed encoding stream.
[2026-10-05 07:14:14.345][14][debug][router] [source/common/router/router.cc:1153] Executing cleanup(): resetting retry_state_ and disabling timers
[2026-10-05 07:14:14.345][14][debug][pool] [source/common/http/http1/conn_pool.cc:61] [Tags: "ConnectionId":"1750"] response complete
[2026-10-05 07:14:14.345][14][debug][pool] [source/common/conn_pool/conn_pool_base.cc:282] [Tags: "ConnectionId":"1750"] destroying stream: 0 active remaining, readyForStream false, currentUnusedCapacity 1
[2026-10-05 07:14:14.345][14][debug][router] [source/common/router/router.cc:1700] [Tags: "ConnectionId":"5529","StreamId":"9797675239589487520"] upstream headers complete: end_stream=false
[2026-10-05 07:14:14.345][14][debug][lua] [source/extensions/filters/common/lua/lua.cc:23] script log: completed GET /users/usr-27335 status=200
[2026-10-05 07:14:14.345][14][debug][lua] [source/extensions/filters/common/lua/lua.cc:67] coroutine finished
[2026-10-05 07:14:14.345][14][debug][http] [source/common/http/conn_manager_impl.cc:1948] [Tags: "ConnectionId":"5529","StreamId":"9797675239589487520"] encoding headers via codec (end_stream=false):
':status', '200'
'content-type', 'application/json'
'date', 'Mon, 05 Oct 2026 07:14:14 GMT'
'content-length', '32'
'x-envoy-upstream-service-time', '0'
'server', 'envoy'

[2026-10-05 07:14:14.345][14][debug][client] [source/common/http/codec_client.cc:137] [Tags: "ConnectionId":"23"] response complete
[2026-10-05 07:14:14.345][14][debug][router] [source/common/router/router.cc:1153] Executing cleanup(): resetting retry_state_ and disabling timers
[2026-10-05 07:14:14.345][14][debug][http] [source/common/http/conn_manager_impl.cc:2063] [Tags: "ConnectionId":"5529","StreamId":"9797675239589487520"] Codec completed encoding stream.
[2026-10-05 07:14:14.345][14][debug][router] [source/common/router/router.cc:1153] Executing cleanup(): resetting retry_state_ and disabling timers
[2026-10-05 07:14:14.345][14][debug][pool] [source/common/http/http1/conn_pool.cc:61] [Tags: "ConnectionId":"23"] response complete
[2026-10-05 07:14:14.345][14][debug][pool] [source/common/conn_pool/conn_pool_base.cc:282] [Tags: "ConnectionId":"23"] destroying stream: 0 active remaining, readyForStream false, currentUnusedCapacity 1
[2026-10-05 07:14:14.345][14][debug][client] [source/common/http/codec_client.cc:137] [Tags: "ConnectionId":"11"] response complete
[2026-10-05 07:14:14.345][14][debug][router] [source/common/router/router.cc:1700] [Tags: "ConnectionId":"5508","StreamId":"2221905980130302041"] upstream headers complete: end_stream=true
[2026-10-05 07:14:14.345][14][debug][router] [source/common/router/router.cc:1153] Executing cleanup(): resetting retry_state_ and disabling timers
[2026-10-05 07:14:14.345][14][debug][lua] [source/extensions/filters/common/lua/lua.cc:23] script log: completed OPTIONS /bookings status=204
[2026-10-05 07:14:14.345][14][debug][lua] [source/extensions/filters/common/lua/lua.cc:67] coroutine finished
[2026-10-05 07:14:14.345][14][debug][http] [source/common/http/conn_manager_impl.cc:1948] [Tags: "ConnectionId":"5508","StreamId":"2221905980130302041"] encoding headers via codec (end_stream=true):
':status', '204'
'access-control-allow-methods', 'GET, OPTIONS'
'allow', 'GET, OPTIONS'
'date', 'Mon, 05 Oct 2026 07:14:14 GMT'
'x-envoy-upstream-service-time', '0'
'server', 'envoy'

[2026-10-05 07:14:14.345][14][debug][http] [source/common/http/conn_manager_impl.cc:2063] [Tags: "ConnectionId":"5508","StreamId":"2221905980130302041"] Codec completed encoding stream.
[2026-10-05 07:14:14.345][14][debug][router] [source/common/router/router.cc:1153] Executing cleanup(): resetting retry_state_ and disabling timers
[2026-10-05 07:14:14.345][14][debug][pool] [source/common/http/http1/conn_pool.cc:61] [Tags: "ConnectionId":"11"] response complete
[2026-10-05 07:14:14.345][14][debug][pool] [source/common/conn_pool/conn_pool_base.cc:282] [Tags: "ConnectionId":"11"] destroying stream: 0 active remaining, readyForStream false, currentUnusedCapacity 1
[2026-10-05 07:14:14.345][14][debug][router] [source/common/router/router.cc:1700] [Tags: "ConnectionId":"5525","StreamId":"11591686946641880164"] upstream headers complete: end_stream=false
[2026-10-05 07:14:14.345][14][debug][lua] [source/extensions/filters/common/lua/lua.cc:23] script log: completed PUT /order/ord-81444 status=200
[2026-10-05 07:14:14.345][14][debug][lua] [source/extensions/filters/common/lua/lua.cc:67] coroutine finished
[2026-10-05 07:14:14.345][14][debug][http] [source/common/http/conn_manager_impl.cc:1948] [Tags: "ConnectionId":"5525","StreamId":"11591686946641880164"] encoding headers via codec (end_stream=false):
':status', '200'
'content-type', 'application/json'
'date', 'Mon, 05 Oct 2026 07:14:14 GMT'
'content-length', '37'
'x-envoy-upstream-service-time', '0'
'server', 'envoy'

[2026-10-05 07:14:14.345][14][debug][client] [source/common/http/codec_client.cc:137] [Tags: "ConnectionId":"1746"] response complete
[2026-10-05 07:14:14.345][14][debug][router] [source/common/router/router.cc:1153] Executing cleanup(): resetting retry_state_ and disabling timers
[2026-10-05 07:14:14.345][14][debug][http] [source/common/http/conn_manager_impl.cc:2063] [Tags: "ConnectionId":"5525","StreamId":"11591686946641880164"] Codec completed encoding stream.
[2026-10-05 07:14:14.345][14][debug][router] [source/common/router/router.cc:1153] Executing cleanup(): resetting retry_state_ and disabling timers
[2026-10-05 07:14:14.345][14][debug][pool] [source/common/http/http1/conn_pool.cc:61] [Tags: "ConnectionId":"1746"] response complete
[2026-10-05 07:14:14.345][14][debug][pool] [source/common/conn_pool/conn_pool_base.cc:282] [Tags: "ConnectionId":"1746"] destroying stream: 0 active remaining, readyForStream false, currentUnusedCapacity 1
[2026-10-05 07:14:14.345][14][debug][router] [source/common/router/router.cc:1700] [Tags: "ConnectionId":"5528","StreamId":"4040376641205898262"] upstream headers complete: end_stream=false
[2026-10-05 07:14:14.346][14][debug][lua] [source/extensions/filters/http/lua/lua_filter.cc:569] yielding for full body
[2026-10-05 07:14:14.346][14][debug][lua] [source/extensions/filters/common/lua/lua.cc:70] coroutine yielded
[2026-10-05 07:14:14.346][14][debug][client] [source/common/http/codec_client.cc:137] [Tags: "ConnectionId":"6"] response complete
[2026-10-05 07:14:14.346][14][debug][router] [source/common/router/router.cc:1153] Executing cleanup(): resetting retry_state_ and disabling timers
[2026-10-05 07:14:14.346][14][debug][lua] [source/extensions/filters/http/lua/lua_filter.cc:280] resuming body due to end stream
[2026-10-05 07:14:14.346][14][error][lua] [source/extensions/filters/common/lua/lua.cc:32] script log: POST /payments status=500 reason=upstream returned 503
reason: upstream returned 503
goroutine 20 [running]:
runtime/debug.Stack()
	runtime/debug/stack.go:26 +0x64
main.(*handler).fail(0x5b2543e140c0, {0x2e9060, 0x5b25440333b0}, {0x5b254403a3c0, 0x4}, {0x5b254403a3c5, 0x9})
	envoy-log-generator/cmd/backend/main.go:169 +0x4c
main.(*handler).ServeHTTP(0x5b2543e140c0, {0x2e9060, 0x5b25440333b0}, 0x5b25440372c0)
	envoy-log-generator/cmd/backend/main.go:111 +0x690
net/http.serverHandler.ServeHTTP({0x2e7ed0?}, {0x2e9060?, 0x5b25440333b0?}, 0x1?)
	net/http/server.go:3311 +0xb0
net/http.(*conn).serve(0x5b2543e5a1b0, {0x2e96d0, 0x5b2543e1c240})
	net/http/server.go:2067 +0x55c
created by net/http.(*Server).Serve in goroutine 1
	net/http/server.go:3464 +0x37c
[2026-10-05 07:14:14.346][14][debug][lua] [source/extensions/filters/common/lua/lua.cc:67] coroutine finished
[2026-10-05 07:14:14.346][14][debug][http] [source/common/http/conn_manager_impl.cc:1948] [Tags: "ConnectionId":"5528","StreamId":"4040376641205898262"] encoding headers via codec (end_stream=false):
':status', '500'
'content-type', 'text/plain; charset=utf-8'
'date', 'Mon, 05 Oct 2026 07:14:14 GMT'
'content-length', '703'
'x-envoy-upstream-service-time', '0'
'server', 'envoy'

[2026-10-05 07:14:14.346][14][debug][http] [source/common/http/conn_manager_impl.cc:2063] [Tags: "ConnectionId":"5528","StreamId":"4040376641205898262"] Codec completed encoding stream.
[2026-10-05 07:14:14.346][14][debug][router] [source/common/router/router.cc:1153] Executing cleanup(): resetting retry_state_ and disabling timers
[2026-10-05 07:14:14.346][14][debug][pool] [source/common/http/http1/conn_pool.cc:61] [Tags: "ConnectionId":"6"] response complete
[2026-10-05 07:14:14.346][14][debug][pool] [source/common/conn_pool/conn_pool_base.cc:282] [Tags: "ConnectionId":"6"] destroying stream: 0 active remaining, readyForStream false, currentUnusedCapacity 1
[2026-10-05 07:14:14.362][14][debug][http] [source/common/http/conn_manager_impl.cc:394] [Tags: "ConnectionId":"5525"] new stream
[2026-10-05 07:14:14.362][14][debug][http] [source/common/http/conn_manager_impl.cc:1291] [Tags: "ConnectionId":"5525","StreamId":"1426594720112170686"] request headers complete (end_stream=true):
':authority', 'envoy:10000'
':path', '/payments/pay-77641'
':method', 'GET'
'user-agent', 'Go-http-client/1.1'

[2026-10-05 07:14:14.362][14][debug][http] [source/common/http/conn_manager_impl.cc:1274] [Tags: "ConnectionId":"5525","StreamId":"1426594720112170686"] request end stream timestamp recorded
[2026-10-05 07:14:14.362][14][debug][connection] [./source/common/network/connection_impl.h:101] [Tags: "ConnectionId":"5525"] current connecting state: false
[2026-10-05 07:14:14.362][14][info][lua] [source/extensions/filters/common/lua/lua.cc:26] script log: accepted GET /payments/pay-77641
[2026-10-05 07:14:14.362][14][debug][lua] [source/extensions/filters/common/lua/lua.cc:67] coroutine finished
[2026-10-05 07:14:14.362][14][debug][router] [source/common/router/router.cc:537] [Tags: "ConnectionId":"5525","StreamId":"1426594720112170686"] cluster 'payments' match for URL '/payments/pay-77641'
[2026-10-05 07:14:14.362][14][debug][router] [source/common/router/router.cc:812] [Tags: "ConnectionId":"5525","StreamId":"1426594720112170686"] router decoding headers:
':authority', 'envoy:10000'
':path', '/payments/pay-77641'
':method', 'GET'
':scheme', 'http'
'user-agent', 'Go-http-client/1.1'
'x-forwarded-proto', 'http'
'x-request-id', '84cc3436-d125-4132-8212-f8f545204f2d'
'x-envoy-expected-rq-timeout-ms', '3000'

[2026-10-05 07:14:14.362][14][debug][pool] [source/common/conn_pool/conn_pool_base.cc:330] [Tags: "ConnectionId":"6"] using existing fully connected connection
[2026-10-05 07:14:14.362][14][debug][pool] [source/common/conn_pool/conn_pool_base.cc:247] [Tags: "ConnectionId":"6"] creating stream
[2026-10-05 07:14:14.362][14][debug][router] [source/common/router/upstream_request.cc:606] [Tags: "ConnectionId":"5525","StreamId":"1426594720112170686"] pool ready
[2026-10-05 07:14:14.362][14][debug][client] [source/common/http/codec_client.cc:150] [Tags: "ConnectionId":"6"] encode complete
[2026-10-05 07:14:14.362][14][debug][http] [source/common/http/conn_manager_impl.cc:394] [Tags: "ConnectionId":"5508"] new stream
[2026-10-05 07:14:14.362][14][debug][http] [source/common/http/conn_manager_impl.cc:1291] [Tags: "ConnectionId":"5508","StreamId":"14420198029682209549"] request headers complete (end_stream=false):
':authority', 'envoy:10000'
':path', '/payments'
':method', 'POST'
'user-agent', 'Go-http-client/1.1'
'content-length', '55'
'content-type', 'application/json'

[2026-10-05 07:14:14.362][14][debug][connection] [./source/common/network/connection_impl.h:101] [Tags: "ConnectionId":"5508"] current connecting state: false
[2026-10-05 07:14:14.362][14][info][lua] [source/extensions/filters/common/lua/lua.cc:26] script log: accepted POST /payments
[2026-10-05 07:14:14.362][14][debug][lua] [source/extensions/filters/common/lua/lua.cc:67] coroutine finished
[2026-10-05 07:14:14.362][14][debug][router] [source/common/router/router.cc:537] [Tags: "ConnectionId":"5508","StreamId":"14420198029682209549"] cluster 'payments' match for URL '/payments'
[2026-10-05 07:14:14.362][14][debug][router] [source/common/router/router.cc:812] [Tags: "ConnectionId":"5508","StreamId":"14420198029682209549"] router decoding headers:
':authority', 'envoy:10000'
':path', '/payments'
':method', 'POST'
':scheme', 'http'
'user-agent', 'Go-http-client/1.1'
'content-length', '55'
'content-type', 'application/json'
'x-forwarded-proto', 'http'
'x-request-id', 'df263373-7912-4445-a47f-1a1b75fa9bf9'
'x-envoy-expected-rq-timeout-ms', '3000'

[2026-10-05 07:14:14.362][14][debug][pool] [source/common/conn_pool/conn_pool_base.cc:330] [Tags: "ConnectionId":"21"] using existing fully connected connection
[2026-10-05 07:14:14.362][14][debug][pool] [source/common/conn_pool/conn_pool_base.cc:247] [Tags: "ConnectionId":"21"] creating stream
[2026-10-05 07:14:14.362][14][debug][router] [source/common/router/upstream_request.cc:606] [Tags: "ConnectionId":"5508","StreamId":"14420198029682209549"] pool ready
[2026-10-05 07:14:14.362][14][debug][router] [source/common/router/router.cc:993] [Tags: "ConnectionId":"5508","StreamId":"14420198029682209549"] router decoding data: 55
[2026-10-05 07:14:14.362][14][debug][http] [source/common/http/conn_manager_impl.cc:1274] [Tags: "ConnectionId":"5508","StreamId":"14420198029682209549"] request end stream timestamp recorded
[2026-10-05 07:14:14.362][14][debug][router] [source/common/router/router.cc:993] [Tags: "ConnectionId":"5508","StreamId":"14420198029682209549"] router decoding data: 0
[2026-10-05 07:14:14.362][14][debug][client] [source/common/http/codec_client.cc:150] [Tags: "ConnectionId":"21"] encode complete
[2026-10-05 07:14:14.362][14][debug][http] [source/common/http/conn_manager_impl.cc:394] [Tags: "ConnectionId":"5529"] new stream
[2026-10-05 07:14:14.362][14][debug][http] [source/common/http/conn_manager_impl.cc:1291] [Tags: "ConnectionId":"5529","StreamId":"8463618322926234317"] request headers complete (end_stream=true):
':authority', 'envoy:10000'
':path', '/bookings/bk-23327'
':method', 'GET'
'user-agent', 'Go-http-client/1.1'

[2026-10-05 07:14:14.362][14][debug][http] [source/common/http/conn_manager_impl.cc:1274] [Tags: "ConnectionId":"5529","StreamId":"8463618322926234317"] request end stream timestamp recorded
[2026-10-05 07:14:14.362][14][debug][connection] [./source/common/network/connection_impl.h:101] [Tags: "ConnectionId":"5529"] current connecting state: false
[2026-10-05 07:14:14.362][14][info][lua] [source/extensions/filters/common/lua/lua.cc:26] script log: accepted GET /bookings/bk-23327
[2026-10-05 07:14:14.362][14][debug][lua] [source/extensions/filters/common/lua/lua.cc:67] coroutine finished
[2026-10-05 07:14:14.362][14][debug][router] [source/common/router/router.cc:537] [Tags: "ConnectionId":"5529","StreamId":"8463618322926234317"] cluster 'booking' match for URL '/bookings/bk-23327'
[2026-10-05 07:14:14.362][14][debug][router] [source/common/router/router.cc:812] [Tags: "ConnectionId":"5529","StreamId":"8463618322926234317"] router decoding headers:
':authority', 'envoy:10000'
':path', '/bookings/bk-23327'
':method', 'GET'
':scheme', 'http'
'user-agent', 'Go-http-client/1.1'
'x-forwarded-proto', 'http'
'x-request-id', 'ad32fb4c-b09d-4ecf-b6fe-d7046f1faba0'
'x-envoy-expected-rq-timeout-ms', '3000'

[2026-10-05 07:14:14.362][14][debug][pool] [source/common/conn_pool/conn_pool_base.cc:330] [Tags: "ConnectionId":"11"] using existing fully connected connection
[2026-10-05 07:14:14.362][14][debug][pool] [source/common/conn_pool/conn_pool_base.cc:247] [Tags: "ConnectionId":"11"] creating stream
[2026-10-05 07:14:14.362][14][debug][router] [source/common/router/upstream_request.cc:606] [Tags: "ConnectionId":"5529","StreamId":"8463618322926234317"] pool ready
[2026-10-05 07:14:14.362][14][debug][client] [source/common/http/codec_client.cc:150] [Tags: "ConnectionId":"11"] encode complete
[2026-10-05 07:14:14.362][14][debug][http] [source/common/http/conn_manager_impl.cc:394] [Tags: "ConnectionId":"5523"] new stream
[2026-10-05 07:14:14.362][14][debug][http] [source/common/http/conn_manager_impl.cc:1291] [Tags: "ConnectionId":"5523","StreamId":"15176743498171946681"] request headers complete (end_stream=false):
':authority', 'envoy:10000'
':path', '/booking'
':method', 'POST'
'user-agent', 'Go-http-client/1.1'
'content-length', '58'
'content-type', 'application/json'

[2026-10-05 07:14:14.362][14][debug][connection] [./source/common/network/connection_impl.h:101] [Tags: "ConnectionId":"5523"] current connecting state: false
[2026-10-05 07:14:14.362][14][info][lua] [source/extensions/filters/common/lua/lua.cc:26] script log: accepted POST /booking
[2026-10-05 07:14:14.362][14][debug][lua] [source/extensions/filters/common/lua/lua.cc:67] coroutine finished
[2026-10-05 07:14:14.362][14][debug][router] [source/common/router/router.cc:537] [Tags: "ConnectionId":"5523","StreamId":"15176743498171946681"] cluster 'booking' match for URL '/booking'
[2026-10-05 07:14:14.362][14][debug][router] [source/common/router/router.cc:812] [Tags: "ConnectionId":"5523","StreamId":"15176743498171946681"] router decoding headers:
':authority', 'envoy:10000'
':path', '/booking'
':method', 'POST'
':scheme', 'http'
'user-agent', 'Go-http-client/1.1'
'content-length', '58'
'content-type', 'application/json'
'x-forwarded-proto', 'http'
'x-request-id', '58919b45-c4b8-4b19-b983-a967c47c5147'
'x-envoy-expected-rq-timeout-ms', '3000'

[2026-10-05 07:14:14.362][14][debug][pool] [source/common/conn_pool/conn_pool_base.cc:330] [Tags: "ConnectionId":"17"] using existing fully connected connection
[2026-10-05 07:14:14.362][14][debug][pool] [source/common/conn_pool/conn_pool_base.cc:247] [Tags: "ConnectionId":"17"] creating stream
[2026-10-05 07:14:14.362][14][debug][router] [source/common/router/upstream_request.cc:606] [Tags: "ConnectionId":"5523","StreamId":"15176743498171946681"] pool ready
[2026-10-05 07:14:14.362][14][debug][router] [source/common/router/router.cc:993] [Tags: "ConnectionId":"5523","StreamId":"15176743498171946681"] router decoding data: 58
[2026-10-05 07:14:14.362][14][debug][http] [source/common/http/conn_manager_impl.cc:1274] [Tags: "ConnectionId":"5523","StreamId":"15176743498171946681"] request end stream timestamp recorded
[2026-10-05 07:14:14.362][14][debug][router] [source/common/router/router.cc:993] [Tags: "ConnectionId":"5523","StreamId":"15176743498171946681"] router decoding data: 0
[2026-10-05 07:14:14.362][14][debug][client] [source/common/http/codec_client.cc:150] [Tags: "ConnectionId":"17"] encode complete
[2026-10-05 07:14:14.362][14][debug][http] [source/common/http/conn_manager_impl.cc:394] [Tags: "ConnectionId":"5528"] new stream
[2026-10-05 07:14:14.362][14][debug][http] [source/common/http/conn_manager_impl.cc:1291] [Tags: "ConnectionId":"5528","StreamId":"2803991563542022602"] request headers complete (end_stream=true):
':authority', 'envoy:10000'
':path', '/bookings'
':method', 'OPTIONS'
'user-agent', 'Go-http-client/1.1'

[2026-10-05 07:14:14.362][14][debug][http] [source/common/http/conn_manager_impl.cc:1274] [Tags: "ConnectionId":"5528","StreamId":"2803991563542022602"] request end stream timestamp recorded
[2026-10-05 07:14:14.362][14][debug][connection] [./source/common/network/connection_impl.h:101] [Tags: "ConnectionId":"5528"] current connecting state: false
[2026-10-05 07:14:14.362][14][info][lua] [source/extensions/filters/common/lua/lua.cc:26] script log: accepted OPTIONS /bookings
[2026-10-05 07:14:14.362][14][debug][lua] [source/extensions/filters/common/lua/lua.cc:67] coroutine finished
[2026-10-05 07:14:14.362][14][debug][router] [source/common/router/router.cc:537] [Tags: "ConnectionId":"5528","StreamId":"2803991563542022602"] cluster 'booking' match for URL '/bookings'
[2026-10-05 07:14:14.362][14][debug][router] [source/common/router/router.cc:812] [Tags: "ConnectionId":"5528","StreamId":"2803991563542022602"] router decoding headers:
':authority', 'envoy:10000'
':path', '/bookings'
':method', 'OPTIONS'
':scheme', 'http'
'user-agent', 'Go-http-client/1.1'
'x-forwarded-proto', 'http'
'x-request-id', '8f35f010-1722-4c55-bdd7-716472b75109'
'x-envoy-expected-rq-timeout-ms', '3000'

[2026-10-05 07:14:14.362][14][debug][pool] [source/common/conn_pool/conn_pool_base.cc:330] [Tags: "ConnectionId":"19"] using existing fully connected connection
[2026-10-05 07:14:14.362][14][debug][pool] [source/common/conn_pool/conn_pool_base.cc:247] [Tags: "ConnectionId":"19"] creating stream
[2026-10-05 07:14:14.362][14][debug][router] [source/common/router/upstream_request.cc:606] [Tags: "ConnectionId":"5528","StreamId":"2803991563542022602"] pool ready
[2026-10-05 07:14:14.362][14][debug][client] [source/common/http/codec_client.cc:150] [Tags: "ConnectionId":"19"] encode complete
[2026-10-05 07:14:14.362][14][debug][http] [source/common/http/conn_manager_impl.cc:394] [Tags: "ConnectionId":"5531"] new stream
[2026-10-05 07:14:14.362][14][debug][http] [source/common/http/conn_manager_impl.cc:1291] [Tags: "ConnectionId":"5531","StreamId":"2665521179199593110"] request headers complete (end_stream=true):
':authority', 'envoy:10000'
':path', '/users/usr-50292'
':method', 'GET'
'user-agent', 'Go-http-client/1.1'

[2026-10-05 07:14:14.362][14][debug][http] [source/common/http/conn_manager_impl.cc:1274] [Tags: "ConnectionId":"5531","StreamId":"2665521179199593110"] request end stream timestamp recorded
[2026-10-05 07:14:14.362][14][debug][connection] [./source/common/network/connection_impl.h:101] [Tags: "ConnectionId":"5531"] current connecting state: false
[2026-10-05 07:14:14.362][14][info][lua] [source/extensions/filters/common/lua/lua.cc:26] script log: accepted GET /users/usr-50292
[2026-10-05 07:14:14.362][14][debug][lua] [source/extensions/filters/common/lua/lua.cc:67] coroutine finished
[2026-10-05 07:14:14.362][14][debug][router] [source/common/router/router.cc:537] [Tags: "ConnectionId":"5531","StreamId":"2665521179199593110"] cluster 'users' match for URL '/users/usr-50292'
[2026-10-05 07:14:14.362][14][debug][router] [source/common/router/router.cc:812] [Tags: "ConnectionId":"5531","StreamId":"2665521179199593110"] router decoding headers:
':authority', 'envoy:10000'
':path', '/users/usr-50292'
':method', 'GET'
':scheme', 'http'
'user-agent', 'Go-http-client/1.1'
'x-forwarded-proto', 'http'
'x-request-id', '9fd792b9-3f23-4579-af25-a5472882cd19'
'x-envoy-expected-rq-timeout-ms', '3000'

[2026-10-05 07:14:14.362][14][debug][pool] [source/common/conn_pool/conn_pool_base.cc:330] [Tags: "ConnectionId":"23"] using existing fully connected connection
[2026-10-05 07:14:14.362][14][debug][pool] [source/common/conn_pool/conn_pool_base.cc:247] [Tags: "ConnectionId":"23"] creating stream
[2026-10-05 07:14:14.362][14][debug][router] [source/common/router/upstream_request.cc:606] [Tags: "ConnectionId":"5531","StreamId":"2665521179199593110"] pool ready
[2026-10-05 07:14:14.362][14][debug][client] [source/common/http/codec_client.cc:150] [Tags: "ConnectionId":"23"] encode complete
[2026-10-05 07:14:14.362][14][debug][http] [source/common/http/conn_manager_impl.cc:394] [Tags: "ConnectionId":"5506"] new stream
[2026-10-05 07:14:14.362][14][debug][http] [source/common/http/conn_manager_impl.cc:1291] [Tags: "ConnectionId":"5506","StreamId":"11968595231751501818"] request headers complete (end_stream=false):
':authority', 'envoy:10000'
':path', '/order/ord-81073'
':method', 'PUT'
'user-agent', 'Go-http-client/1.1'
'content-length', '22'
'content-type', 'application/json'

[2026-10-05 07:14:14.362][14][debug][connection] [./source/common/network/connection_impl.h:101] [Tags: "ConnectionId":"5506"] current connecting state: false
[2026-10-05 07:14:14.362][14][info][lua] [source/extensions/filters/common/lua/lua.cc:26] script log: accepted PUT /order/ord-81073
[2026-10-05 07:14:14.362][14][debug][lua] [source/extensions/filters/common/lua/lua.cc:67] coroutine finished
[2026-10-05 07:14:14.362][14][debug][router] [source/common/router/router.cc:537] [Tags: "ConnectionId":"5506","StreamId":"11968595231751501818"] cluster 'orders' match for URL '/order/ord-81073'
[2026-10-05 07:14:14.362][14][debug][router] [source/common/router/router.cc:812] [Tags: "ConnectionId":"5506","StreamId":"11968595231751501818"] router decoding headers:
':authority', 'envoy:10000'
':path', '/order/ord-81073'
':method', 'PUT'
':scheme', 'http'
'user-agent', 'Go-http-client/1.1'
'content-length', '22'
'content-type', 'application/json'
'x-forwarded-proto', 'http'
'x-request-id', '4414ad74-dfae-46df-b90c-cc9879e57a68'
'x-envoy-expected-rq-timeout-ms', '3000'

[2026-10-05 07:14:14.362][14][debug][pool] [source/common/conn_pool/conn_pool_base.cc:330] [Tags: "ConnectionId":"1746"] using existing fully connected connection
[2026-10-05 07:14:14.362][14][debug][pool] [source/common/conn_pool/conn_pool_base.cc:247] [Tags: "ConnectionId":"1746"] creating stream
[2026-10-05 07:14:14.362][14][debug][router] [source/common/router/upstream_request.cc:606] [Tags: "ConnectionId":"5506","StreamId":"11968595231751501818"] pool ready
[2026-10-05 07:14:14.362][14][debug][router] [source/common/router/router.cc:993] [Tags: "ConnectionId":"5506","StreamId":"11968595231751501818"] router decoding data: 22
[2026-10-05 07:14:14.362][14][debug][http] [source/common/http/conn_manager_impl.cc:1274] [Tags: "ConnectionId":"5506","StreamId":"11968595231751501818"] request end stream timestamp recorded
[2026-10-05 07:14:14.362][14][debug][router] [source/common/router/router.cc:993] [Tags: "ConnectionId":"5506","StreamId":"11968595231751501818"] router decoding data: 0
[2026-10-05 07:14:14.362][14][debug][client] [source/common/http/codec_client.cc:150] [Tags: "ConnectionId":"1746"] encode complete
[2026-10-05 07:14:14.362][14][debug][http] [source/common/http/conn_manager_impl.cc:394] [Tags: "ConnectionId":"5515"] new stream
[2026-10-05 07:14:14.362][14][debug][http] [source/common/http/conn_manager_impl.cc:1291] [Tags: "ConnectionId":"5515","StreamId":"13720483635070056168"] request headers complete (end_stream=true):
':authority', 'envoy:10000'
':path', '/bookings/bk-75636'
':method', 'GET'
'user-agent', 'Go-http-client/1.1'

[2026-10-05 07:14:14.362][14][debug][http] [source/common/http/conn_manager_impl.cc:1274] [Tags: "ConnectionId":"5515","StreamId":"13720483635070056168"] request end stream timestamp recorded
[2026-10-05 07:14:14.362][14][debug][connection] [./source/common/network/connection_impl.h:101] [Tags: "ConnectionId":"5515"] current connecting state: false
[2026-10-05 07:14:14.362][14][info][lua] [source/extensions/filters/common/lua/lua.cc:26] script log: accepted GET /bookings/bk-75636
[2026-10-05 07:14:14.362][14][debug][lua] [source/extensions/filters/common/lua/lua.cc:67] coroutine finished
[2026-10-05 07:14:14.362][14][debug][router] [source/common/router/router.cc:537] [Tags: "ConnectionId":"5515","StreamId":"13720483635070056168"] cluster 'booking' match for URL '/bookings/bk-75636'
[2026-10-05 07:14:14.362][14][debug][router] [source/common/router/router.cc:812] [Tags: "ConnectionId":"5515","StreamId":"13720483635070056168"] router decoding headers:
':authority', 'envoy:10000'
':path', '/bookings/bk-75636'
':method', 'GET'
':scheme', 'http'
'user-agent', 'Go-http-client/1.1'
'x-forwarded-proto', 'http'
'x-request-id', 'f4e2914e-d1ff-4143-a0b1-0b3ec8322dfa'
'x-envoy-expected-rq-timeout-ms', '3000'

[2026-10-05 07:14:14.362][14][debug][pool] [source/common/conn_pool/conn_pool_base.cc:330] [Tags: "ConnectionId":"2"] using existing fully connected connection
[2026-10-05 07:14:14.362][14][debug][pool] [source/common/conn_pool/conn_pool_base.cc:247] [Tags: "ConnectionId":"2"] creating stream
[2026-10-05 07:14:14.362][14][debug][router] [source/common/router/upstream_request.cc:606] [Tags: "ConnectionId":"5515","StreamId":"13720483635070056168"] pool ready
[2026-10-05 07:14:14.362][14][debug][client] [source/common/http/codec_client.cc:150] [Tags: "ConnectionId":"2"] encode complete
[2026-10-05 07:14:14.362][14][debug][http] [source/common/http/conn_manager_impl.cc:394] [Tags: "ConnectionId":"5527"] new stream
[2026-10-05 07:14:14.362][14][debug][http] [source/common/http/conn_manager_impl.cc:1291] [Tags: "ConnectionId":"5527","StreamId":"17692362388629434454"] request headers complete (end_stream=true):
':authority', 'envoy:10000'
':path', '/payments/pay-58216'
':method', 'GET'
'user-agent', 'Go-http-client/1.1'

[2026-10-05 07:14:14.362][14][debug][http] [source/common/http/conn_manager_impl.cc:1274] [Tags: "ConnectionId":"5527","StreamId":"17692362388629434454"] request end stream timestamp recorded
[2026-10-05 07:14:14.362][14][debug][connection] [./source/common/network/connection_impl.h:101] [Tags: "ConnectionId":"5527"] current connecting state: false
[2026-10-05 07:14:14.362][14][info][lua] [source/extensions/filters/common/lua/lua.cc:26] script log: accepted GET /payments/pay-58216
[2026-10-05 07:14:14.362][14][debug][lua] [source/extensions/filters/common/lua/lua.cc:67] coroutine finished
[2026-10-05 07:14:14.362][14][debug][router] [source/common/router/router.cc:537] [Tags: "ConnectionId":"5527","StreamId":"17692362388629434454"] cluster 'payments' match for URL '/payments/pay-58216'
[2026-10-05 07:14:14.362][14][debug][router] [source/common/router/router.cc:812] [Tags: "ConnectionId":"5527","StreamId":"17692362388629434454"] router decoding headers:
':authority', 'envoy:10000'
':path', '/payments/pay-58216'
':method', 'GET'
':scheme', 'http'
'user-agent', 'Go-http-client/1.1'
'x-forwarded-proto', 'http'
'x-request-id', '83c0a828-f19e-4556-b4cb-bc835b0adf2d'
'x-envoy-expected-rq-timeout-ms', '3000'

[2026-10-05 07:14:14.362][14][debug][pool] [source/common/conn_pool/conn_pool_base.cc:330] [Tags: "ConnectionId":"1749"] using existing fully connected connection
[2026-10-05 07:14:14.362][14][debug][pool] [source/common/conn_pool/conn_pool_base.cc:247] [Tags: "ConnectionId":"1749"] creating stream
[2026-10-05 07:14:14.362][14][debug][router] [source/common/router/upstream_request.cc:606] [Tags: "ConnectionId":"5527","StreamId":"17692362388629434454"] pool ready
[2026-10-05 07:14:14.362][14][debug][client] [source/common/http/codec_client.cc:150] [Tags: "ConnectionId":"1749"] encode complete
[2026-10-05 07:14:14.362][14][debug][client] [source/common/http/codec_client.cc:137] [Tags: "ConnectionId":"19"] response complete
[2026-10-05 07:14:14.362][14][debug][router] [source/common/router/router.cc:1700] [Tags: "ConnectionId":"5528","StreamId":"2803991563542022602"] upstream headers complete: end_stream=true
[2026-10-05 07:14:14.362][14][debug][router] [source/common/router/router.cc:1153] Executing cleanup(): resetting retry_state_ and disabling timers
[2026-10-05 07:14:14.362][14][debug][lua] [source/extensions/filters/common/lua/lua.cc:23] script log: completed OPTIONS /bookings status=204
[2026-10-05 07:14:14.362][14][debug][lua] [source/extensions/filters/common/lua/lua.cc:67] coroutine finished
[2026-10-05 07:14:14.362][14][debug][http] [source/common/http/conn_manager_impl.cc:1948] [Tags: "ConnectionId":"5528","StreamId":"2803991563542022602"] encoding headers via codec (end_stream=true):
':status', '204'
'access-control-allow-methods', 'GET, OPTIONS'
'allow', 'GET, OPTIONS'
'date', 'Mon, 05 Oct 2026 07:14:14 GMT'
'x-envoy-upstream-service-time', '0'
'server', 'envoy'

[2026-10-05 07:14:14.362][14][debug][http] [source/common/http/conn_manager_impl.cc:2063] [Tags: "ConnectionId":"5528","StreamId":"2803991563542022602"] Codec completed encoding stream.
[2026-10-05 07:14:14.362][14][debug][router] [source/common/router/router.cc:1153] Executing cleanup(): resetting retry_state_ and disabling timers
[2026-10-05 07:14:14.362][14][debug][pool] [source/common/http/http1/conn_pool.cc:61] [Tags: "ConnectionId":"19"] response complete
[2026-10-05 07:14:14.362][14][debug][pool] [source/common/conn_pool/conn_pool_base.cc:282] [Tags: "ConnectionId":"19"] destroying stream: 0 active remaining, readyForStream false, currentUnusedCapacity 1
[2026-10-05 07:14:14.362][14][debug][router] [source/common/router/router.cc:1700] [Tags: "ConnectionId":"5523","StreamId":"15176743498171946681"] upstream headers complete: end_stream=false
[2026-10-05 07:14:14.362][14][debug][lua] [source/extensions/filters/common/lua/lua.cc:23] script log: completed POST /booking status=200
[2026-10-05 07:14:14.362][14][debug][lua] [source/extensions/filters/common/lua/lua.cc:67] coroutine finished
[2026-10-05 07:14:14.362][14][debug][http] [source/common/http/conn_manager_impl.cc:1948] [Tags: "ConnectionId":"5523","StreamId":"15176743498171946681"] encoding headers via codec (end_stream=false):
':status', '200'
'content-type', 'application/json'
'date', 'Mon, 05 Oct 2026 07:14:14 GMT'
'content-length', '15'
'x-envoy-upstream-service-time', '0'
'server', 'envoy'

[2026-10-05 07:14:14.362][14][debug][client] [source/common/http/codec_client.cc:137] [Tags: "ConnectionId":"17"] response complete
[2026-10-05 07:14:14.362][14][debug][router] [source/common/router/router.cc:1153] Executing cleanup(): resetting retry_state_ and disabling timers
[2026-10-05 07:14:14.362][14][debug][http] [source/common/http/conn_manager_impl.cc:2063] [Tags: "ConnectionId":"5523","StreamId":"15176743498171946681"] Codec completed encoding stream.
[2026-10-05 07:14:14.362][14][debug][router] [source/common/router/router.cc:1153] Executing cleanup(): resetting retry_state_ and disabling timers
[2026-10-05 07:14:14.362][14][debug][pool] [source/common/http/http1/conn_pool.cc:61] [Tags: "ConnectionId":"17"] response complete
[2026-10-05 07:14:14.362][14][debug][pool] [source/common/conn_pool/conn_pool_base.cc:282] [Tags: "ConnectionId":"17"] destroying stream: 0 active remaining, readyForStream false, currentUnusedCapacity 1
[2026-10-05 07:14:14.362][14][debug][router] [source/common/router/router.cc:1700] [Tags: "ConnectionId":"5531","StreamId":"2665521179199593110"] upstream headers complete: end_stream=false
[2026-10-05 07:14:14.363][14][debug][lua] [source/extensions/filters/common/lua/lua.cc:23] script log: completed GET /users/usr-50292 status=200
[2026-10-05 07:14:14.363][14][debug][lua] [source/extensions/filters/common/lua/lua.cc:67] coroutine finished
[2026-10-05 07:14:14.363][14][debug][http] [source/common/http/conn_manager_impl.cc:1948] [Tags: "ConnectionId":"5531","StreamId":"2665521179199593110"] encoding headers via codec (end_stream=false):
':status', '200'
'content-type', 'application/json'
'date', 'Mon, 05 Oct 2026 07:14:14 GMT'
'content-length', '32'
'x-envoy-upstream-service-time', '0'
'server', 'envoy'

[2026-10-05 07:14:14.363][14][debug][client] [source/common/http/codec_client.cc:137] [Tags: "ConnectionId":"23"] response complete
[2026-10-05 07:14:14.363][14][debug][router] [source/common/router/router.cc:1153] Executing cleanup(): resetting retry_state_ and disabling timers
[2026-10-05 07:14:14.363][14][debug][http] [source/common/http/conn_manager_impl.cc:2063] [Tags: "ConnectionId":"5531","StreamId":"2665521179199593110"] Codec completed encoding stream.
[2026-10-05 07:14:14.363][14][debug][router] [source/common/router/router.cc:1153] Executing cleanup(): resetting retry_state_ and disabling timers
[2026-10-05 07:14:14.363][14][debug][pool] [source/common/http/http1/conn_pool.cc:61] [Tags: "ConnectionId":"23"] response complete
[2026-10-05 07:14:14.363][14][debug][pool] [source/common/conn_pool/conn_pool_base.cc:282] [Tags: "ConnectionId":"23"] destroying stream: 0 active remaining, readyForStream false, currentUnusedCapacity 1
[2026-10-05 07:14:14.363][14][debug][router] [source/common/router/router.cc:1700] [Tags: "ConnectionId":"5529","StreamId":"8463618322926234317"] upstream headers complete: end_stream=false
[2026-10-05 07:14:14.363][14][debug][lua] [source/extensions/filters/common/lua/lua.cc:23] script log: completed GET /bookings/bk-23327 status=200
[2026-10-05 07:14:14.363][14][debug][lua] [source/extensions/filters/common/lua/lua.cc:67] coroutine finished
[2026-10-05 07:14:14.363][14][debug][http] [source/common/http/conn_manager_impl.cc:1948] [Tags: "ConnectionId":"5529","StreamId":"8463618322926234317"] encoding headers via codec (end_stream=false):
':status', '200'
'content-type', 'application/json'
'date', 'Mon, 05 Oct 2026 07:14:14 GMT'
'content-length', '31'
'x-envoy-upstream-service-time', '0'
'server', 'envoy'

[2026-10-05 07:14:14.363][14][debug][client] [source/common/http/codec_client.cc:137] [Tags: "ConnectionId":"11"] response complete
[2026-10-05 07:14:14.363][14][debug][router] [source/common/router/router.cc:1153] Executing cleanup(): resetting retry_state_ and disabling timers
[2026-10-05 07:14:14.363][14][debug][http] [source/common/http/conn_manager_impl.cc:2063] [Tags: "ConnectionId":"5529","StreamId":"8463618322926234317"] Codec completed encoding stream.
[2026-10-05 07:14:14.363][14][debug][router] [source/common/router/router.cc:1153] Executing cleanup(): resetting retry_state_ and disabling timers
[2026-10-05 07:14:14.363][14][debug][pool] [source/common/http/http1/conn_pool.cc:61] [Tags: "ConnectionId":"11"] response complete
[2026-10-05 07:14:14.363][14][debug][pool] [source/common/conn_pool/conn_pool_base.cc:282] [Tags: "ConnectionId":"11"] destroying stream: 0 active remaining, readyForStream false, currentUnusedCapacity 1
[2026-10-05 07:14:14.363][14][debug][router] [source/common/router/router.cc:1700] [Tags: "ConnectionId":"5515","StreamId":"13720483635070056168"] upstream headers complete: end_stream=false
[2026-10-05 07:14:14.363][14][debug][lua] [source/extensions/filters/common/lua/lua.cc:23] script log: completed GET /bookings/bk-75636 status=200
[2026-10-05 07:14:14.363][14][debug][lua] [source/extensions/filters/common/lua/lua.cc:67] coroutine finished
[2026-10-05 07:14:14.363][14][debug][http] [source/common/http/conn_manager_impl.cc:1948] [Tags: "ConnectionId":"5515","StreamId":"13720483635070056168"] encoding headers via codec (end_stream=false):
':status', '200'
'content-type', 'application/json'
'date', 'Mon, 05 Oct 2026 07:14:14 GMT'
'content-length', '31'
'x-envoy-upstream-service-time', '0'
'server', 'envoy'

[2026-10-05 07:14:14.363][14][debug][client] [source/common/http/codec_client.cc:137] [Tags: "ConnectionId":"2"] response complete
[2026-10-05 07:14:14.363][14][debug][router] [source/common/router/router.cc:1153] Executing cleanup(): resetting retry_state_ and disabling timers
[2026-10-05 07:14:14.363][14][debug][http] [source/common/http/conn_manager_impl.cc:2063] [Tags: "ConnectionId":"5515","StreamId":"13720483635070056168"] Codec completed encoding stream.
[2026-10-05 07:14:14.363][14][debug][router] [source/common/router/router.cc:1153] Executing cleanup(): resetting retry_state_ and disabling timers
[2026-10-05 07:14:14.363][14][debug][pool] [source/common/http/http1/conn_pool.cc:61] [Tags: "ConnectionId":"2"] response complete
[2026-10-05 07:14:14.363][14][debug][pool] [source/common/conn_pool/conn_pool_base.cc:282] [Tags: "ConnectionId":"2"] destroying stream: 0 active remaining, readyForStream false, currentUnusedCapacity 1
[2026-10-05 07:14:14.363][14][debug][router] [source/common/router/router.cc:1700] [Tags: "ConnectionId":"5506","StreamId":"11968595231751501818"] upstream headers complete: end_stream=false
[2026-10-05 07:14:14.363][14][debug][lua] [source/extensions/filters/common/lua/lua.cc:23] script log: completed PUT /order/ord-81073 status=200
[2026-10-05 07:14:14.363][14][debug][lua] [source/extensions/filters/common/lua/lua.cc:67] coroutine finished
[2026-10-05 07:14:14.363][14][debug][http] [source/common/http/conn_manager_impl.cc:1948] [Tags: "ConnectionId":"5506","StreamId":"11968595231751501818"] encoding headers via codec (end_stream=false):
':status', '200'
'content-type', 'application/json'
'date', 'Mon, 05 Oct 2026 07:14:14 GMT'
'content-length', '37'
'x-envoy-upstream-service-time', '0'
'server', 'envoy'

[2026-10-05 07:14:14.363][14][debug][client] [source/common/http/codec_client.cc:137] [Tags: "ConnectionId":"1746"] response complete
[2026-10-05 07:14:14.363][14][debug][router] [source/common/router/router.cc:1153] Executing cleanup(): resetting retry_state_ and disabling timers
[2026-10-05 07:14:14.363][14][debug][http] [source/common/http/conn_manager_impl.cc:2063] [Tags: "ConnectionId":"5506","StreamId":"11968595231751501818"] Codec completed encoding stream.
[2026-10-05 07:14:14.363][14][debug][router] [source/common/router/router.cc:1153] Executing cleanup(): resetting retry_state_ and disabling timers
[2026-10-05 07:14:14.363][14][debug][pool] [source/common/http/http1/conn_pool.cc:61] [Tags: "ConnectionId":"1746"] response complete
[2026-10-05 07:14:14.363][14][debug][pool] [source/common/conn_pool/conn_pool_base.cc:282] [Tags: "ConnectionId":"1746"] destroying stream: 0 active remaining, readyForStream false, currentUnusedCapacity 1
[2026-10-05 07:14:14.363][14][debug][http] [source/common/http/conn_manager_impl.cc:394] [Tags: "ConnectionId":"5528"] new stream
[2026-10-05 07:14:14.363][14][debug][http] [source/common/http/conn_manager_impl.cc:1291] [Tags: "ConnectionId":"5528","StreamId":"3352741959786668962"] request headers complete (end_stream=false):
':authority', 'envoy:10000'
':path', '/booking'
':method', 'POST'
'user-agent', 'Go-http-client/1.1'
'content-length', '58'
'content-type', 'application/json'

[2026-10-05 07:14:14.363][14][debug][connection] [./source/common/network/connection_impl.h:101] [Tags: "ConnectionId":"5528"] current connecting state: false
[2026-10-05 07:14:14.363][14][info][lua] [source/extensions/filters/common/lua/lua.cc:26] script log: accepted POST /booking
[2026-10-05 07:14:14.363][14][debug][lua] [source/extensions/filters/common/lua/lua.cc:67] coroutine finished
[2026-10-05 07:14:14.363][14][debug][router] [source/common/router/router.cc:537] [Tags: "ConnectionId":"5528","StreamId":"3352741959786668962"] cluster 'booking' match for URL '/booking'
[2026-10-05 07:14:14.363][14][debug][router] [source/common/router/router.cc:812] [Tags: "ConnectionId":"5528","StreamId":"3352741959786668962"] router decoding headers:
':authority', 'envoy:10000'
':path', '/booking'
':method', 'POST'
':scheme', 'http'
'user-agent', 'Go-http-client/1.1'
'content-length', '58'
'content-type', 'application/json'
'x-forwarded-proto', 'http'
'x-request-id', '109f6449-a181-4e8f-9ac0-686e0f6b1bdb'
'x-envoy-expected-rq-timeout-ms', '3000'

[2026-10-05 07:14:14.363][14][debug][pool] [source/common/conn_pool/conn_pool_base.cc:330] [Tags: "ConnectionId":"2"] using existing fully connected connection
[2026-10-05 07:14:14.363][14][debug][pool] [source/common/conn_pool/conn_pool_base.cc:247] [Tags: "ConnectionId":"2"] creating stream
[2026-10-05 07:14:14.363][14][debug][router] [source/common/router/upstream_request.cc:606] [Tags: "ConnectionId":"5528","StreamId":"3352741959786668962"] pool ready
[2026-10-05 07:14:14.363][14][debug][router] [source/common/router/router.cc:993] [Tags: "ConnectionId":"5528","StreamId":"3352741959786668962"] router decoding data: 58
[2026-10-05 07:14:14.363][14][debug][http] [source/common/http/conn_manager_impl.cc:1274] [Tags: "ConnectionId":"5528","StreamId":"3352741959786668962"] request end stream timestamp recorded
[2026-10-05 07:14:14.363][14][debug][router] [source/common/router/router.cc:993] [Tags: "ConnectionId":"5528","StreamId":"3352741959786668962"] router decoding data: 0
[2026-10-05 07:14:14.363][14][debug][client] [source/common/http/codec_client.cc:150] [Tags: "ConnectionId":"2"] encode complete
[2026-10-05 07:14:14.363][14][debug][router] [source/common/router/router.cc:1700] [Tags: "ConnectionId":"5508","StreamId":"14420198029682209549"] upstream headers complete: end_stream=false
[2026-10-05 07:14:14.363][14][debug][lua] [source/extensions/filters/common/lua/lua.cc:23] script log: completed POST /payments status=200
[2026-10-05 07:14:14.363][14][debug][lua] [source/extensions/filters/common/lua/lua.cc:67] coroutine finished
[2026-10-05 07:14:14.363][14][debug][http] [source/common/http/conn_manager_impl.cc:1948] [Tags: "ConnectionId":"5508","StreamId":"14420198029682209549"] encoding headers via codec (end_stream=false):
':status', '200'
'content-type', 'application/json'
'date', 'Mon, 05 Oct 2026 07:14:14 GMT'
'content-length', '15'
'x-envoy-upstream-service-time', '1'
'server', 'envoy'

[2026-10-05 07:14:14.363][14][debug][client] [source/common/http/codec_client.cc:137] [Tags: "ConnectionId":"21"] response complete
[2026-10-05 07:14:14.363][14][debug][router] [source/common/router/router.cc:1153] Executing cleanup(): resetting retry_state_ and disabling timers
[2026-10-05 07:14:14.363][14][debug][http] [source/common/http/conn_manager_impl.cc:2063] [Tags: "ConnectionId":"5508","StreamId":"14420198029682209549"] Codec completed encoding stream.
[2026-10-05 07:14:14.363][14][debug][router] [source/common/router/router.cc:1153] Executing cleanup(): resetting retry_state_ and disabling timers
[2026-10-05 07:14:14.363][14][debug][pool] [source/common/http/http1/conn_pool.cc:61] [Tags: "ConnectionId":"21"] response complete
[2026-10-05 07:14:14.363][14][debug][pool] [source/common/conn_pool/conn_pool_base.cc:282] [Tags: "ConnectionId":"21"] destroying stream: 0 active remaining, readyForStream false, currentUnusedCapacity 1
[2026-10-05 07:14:14.363][14][debug][router] [source/common/router/router.cc:1700] [Tags: "ConnectionId":"5525","StreamId":"1426594720112170686"] upstream headers complete: end_stream=false
[2026-10-05 07:14:14.363][14][debug][lua] [source/extensions/filters/common/lua/lua.cc:23] script log: completed GET /payments/pay-77641 status=200
[2026-10-05 07:14:14.363][14][debug][lua] [source/extensions/filters/common/lua/lua.cc:67] coroutine finished
[2026-10-05 07:14:14.363][14][debug][http] [source/common/http/conn_manager_impl.cc:1948] [Tags: "ConnectionId":"5525","StreamId":"1426594720112170686"] encoding headers via codec (end_stream=false):
':status', '200'
'content-type', 'application/json'
'date', 'Mon, 05 Oct 2026 07:14:14 GMT'
'content-length', '32'
'x-envoy-upstream-service-time', '1'
'server', 'envoy'

[2026-10-05 07:14:14.363][14][debug][client] [source/common/http/codec_client.cc:137] [Tags: "ConnectionId":"6"] response complete
[2026-10-05 07:14:14.363][14][debug][router] [source/common/router/router.cc:1153] Executing cleanup(): resetting retry_state_ and disabling timers
[2026-10-05 07:14:14.363][14][debug][http] [source/common/http/conn_manager_impl.cc:2063] [Tags: "ConnectionId":"5525","StreamId":"1426594720112170686"] Codec completed encoding stream.
[2026-10-05 07:14:14.363][14][debug][router] [source/common/router/router.cc:1153] Executing cleanup(): resetting retry_state_ and disabling timers
[2026-10-05 07:14:14.363][14][debug][pool] [source/common/http/http1/conn_pool.cc:61] [Tags: "ConnectionId":"6"] response complete
[2026-10-05 07:14:14.363][14][debug][pool] [source/common/conn_pool/conn_pool_base.cc:282] [Tags: "ConnectionId":"6"] destroying stream: 0 active remaining, readyForStream false, currentUnusedCapacity 1
[2026-10-05 07:14:14.363][14][debug][router] [source/common/router/router.cc:1700] [Tags: "ConnectionId":"5527","StreamId":"17692362388629434454"] upstream headers complete: end_stream=false
[2026-10-05 07:14:14.363][14][debug][lua] [source/extensions/filters/http/lua/lua_filter.cc:569] yielding for full body
[2026-10-05 07:14:14.363][14][debug][lua] [source/extensions/filters/common/lua/lua.cc:70] coroutine yielded
[2026-10-05 07:14:14.363][14][debug][client] [source/common/http/codec_client.cc:137] [Tags: "ConnectionId":"1749"] response complete
[2026-10-05 07:14:14.363][14][debug][router] [source/common/router/router.cc:1153] Executing cleanup(): resetting retry_state_ and disabling timers
[2026-10-05 07:14:14.363][14][debug][lua] [source/extensions/filters/http/lua/lua_filter.cc:280] resuming body due to end stream
[2026-10-05 07:14:14.363][14][error][lua] [source/extensions/filters/common/lua/lua.cc:32] script log: GET /payments/pay-58216 status=500 reason=upstream returned 503
reason: upstream returned 503
goroutine 19423 [running]:
runtime/debug.Stack()
	runtime/debug/stack.go:26 +0x64
main.(*handler).fail(0x5b2543e140c0, {0x2e9060, 0x5b2544033590}, {0x5b254400d9a0, 0x3}, {0x5b254400d9a4, 0x13})
	envoy-log-generator/cmd/backend/main.go:169 +0x4c
main.(*handler).ServeHTTP(0x5b2543e140c0, {0x2e9060, 0x5b2544033590}, 0x5b2544037540)
	envoy-log-generator/cmd/backend/main.go:111 +0x690
net/http.serverHandler.ServeHTTP({0x5b2543e14340?}, {0x2e9060?, 0x5b2544033590?}, 0x1?)
	net/http/server.go:3311 +0xb0
net/http.(*conn).serve(0x5b2543f48f30, {0x2e96d0, 0x5b2543e1c240})
	net/http/server.go:2067 +0x55c
created by net/http.(*Server).Serve in goroutine 1
	net/http/server.go:3464 +0x37c
[2026-10-05 07:14:14.363][14][debug][lua] [source/extensions/filters/common/lua/lua.cc:67] coroutine finished
[2026-10-05 07:14:14.363][14][debug][http] [source/common/http/conn_manager_impl.cc:1948] [Tags: "ConnectionId":"5527","StreamId":"17692362388629434454"] encoding headers via codec (end_stream=false):
':status', '500'
'content-type', 'text/plain; charset=utf-8'
'date', 'Mon, 05 Oct 2026 07:14:14 GMT'
'content-length', '713'
'x-envoy-upstream-service-time', '0'
'server', 'envoy'

[2026-10-05 07:14:14.363][14][debug][http] [source/common/http/conn_manager_impl.cc:2063] [Tags: "ConnectionId":"5527","StreamId":"17692362388629434454"] Codec completed encoding stream.
[2026-10-05 07:14:14.363][14][debug][router] [source/common/router/router.cc:1153] Executing cleanup(): resetting retry_state_ and disabling timers
[2026-10-05 07:14:14.363][14][debug][pool] [source/common/http/http1/conn_pool.cc:61] [Tags: "ConnectionId":"1749"] response complete
[2026-10-05 07:14:14.363][14][debug][pool] [source/common/conn_pool/conn_pool_base.cc:282] [Tags: "ConnectionId":"1749"] destroying stream: 0 active remaining, readyForStream false, currentUnusedCapacity 1
[2026-10-05 07:14:14.363][14][debug][http] [source/common/http/conn_manager_impl.cc:394] [Tags: "ConnectionId":"5470"] new stream
[2026-10-05 07:14:14.363][14][debug][http] [source/common/http/conn_manager_impl.cc:1291] [Tags: "ConnectionId":"5470","StreamId":"8782187254154835135"] request headers complete (end_stream=false):
':authority', 'envoy:10000'
':path', '/foods/data'
':method', 'POST'
'user-agent', 'Go-http-client/1.1'
'content-length', '26'
'content-type', 'application/json'

[2026-10-05 07:14:14.363][14][debug][connection] [./source/common/network/connection_impl.h:101] [Tags: "ConnectionId":"5470"] current connecting state: false
[2026-10-05 07:14:14.363][14][info][lua] [source/extensions/filters/common/lua/lua.cc:26] script log: accepted POST /foods/data
[2026-10-05 07:14:14.363][14][debug][lua] [source/extensions/filters/common/lua/lua.cc:67] coroutine finished
[2026-10-05 07:14:14.363][14][debug][router] [source/common/router/router.cc:537] [Tags: "ConnectionId":"5470","StreamId":"8782187254154835135"] cluster 'foods' match for URL '/foods/data'
[2026-10-05 07:14:14.363][14][debug][router] [source/common/router/router.cc:812] [Tags: "ConnectionId":"5470","StreamId":"8782187254154835135"] router decoding headers:
':authority', 'envoy:10000'
':path', '/foods/data'
':method', 'POST'
':scheme', 'http'
'user-agent', 'Go-http-client/1.1'
'content-length', '26'
'content-type', 'application/json'
'x-forwarded-proto', 'http'
'x-request-id', '7570bff0-0c51-4ac0-9108-d7ea516471b5'
'x-envoy-expected-rq-timeout-ms', '3000'

[2026-10-05 07:14:14.363][14][debug][pool] [source/common/conn_pool/conn_pool_base.cc:330] [Tags: "ConnectionId":"1750"] using existing fully connected connection
[2026-10-05 07:14:14.363][14][debug][pool] [source/common/conn_pool/conn_pool_base.cc:247] [Tags: "ConnectionId":"1750"] creating stream
[2026-10-05 07:14:14.363][14][debug][router] [source/common/router/upstream_request.cc:606] [Tags: "ConnectionId":"5470","StreamId":"8782187254154835135"] pool ready
[2026-10-05 07:14:14.363][14][debug][router] [source/common/router/router.cc:993] [Tags: "ConnectionId":"5470","StreamId":"8782187254154835135"] router decoding data: 26
[2026-10-05 07:14:14.363][14][debug][http] [source/common/http/conn_manager_impl.cc:1274] [Tags: "ConnectionId":"5470","StreamId":"8782187254154835135"] request end stream timestamp recorded
[2026-10-05 07:14:14.363][14][debug][router] [source/common/router/router.cc:993] [Tags: "ConnectionId":"5470","StreamId":"8782187254154835135"] router decoding data: 0
[2026-10-05 07:14:14.363][14][debug][client] [source/common/http/codec_client.cc:150] [Tags: "ConnectionId":"1750"] encode complete
[2026-10-05 07:14:14.363][14][debug][http] [source/common/http/conn_manager_impl.cc:394] [Tags: "ConnectionId":"5529"] new stream
[2026-10-05 07:14:14.363][14][debug][http] [source/common/http/conn_manager_impl.cc:1291] [Tags: "ConnectionId":"5529","StreamId":"3956634138305562660"] request headers complete (end_stream=false):
':authority', 'envoy:10000'
':path', '/order/ord-90139'
':method', 'PUT'
'user-agent', 'Go-http-client/1.1'
'content-length', '22'
'content-type', 'application/json'

[2026-10-05 07:14:14.363][14][debug][connection] [./source/common/network/connection_impl.h:101] [Tags: "ConnectionId":"5529"] current connecting state: false
[2026-10-05 07:14:14.363][14][info][lua] [source/extensions/filters/common/lua/lua.cc:26] script log: accepted PUT /order/ord-90139
[2026-10-05 07:14:14.363][14][debug][lua] [source/extensions/filters/common/lua/lua.cc:67] coroutine finished
[2026-10-05 07:14:14.363][14][debug][router] [source/common/router/router.cc:537] [Tags: "ConnectionId":"5529","StreamId":"3956634138305562660"] cluster 'orders' match for URL '/order/ord-90139'
[2026-10-05 07:14:14.363][14][debug][router] [source/common/router/router.cc:812] [Tags: "ConnectionId":"5529","StreamId":"3956634138305562660"] router decoding headers:
':authority', 'envoy:10000'
':path', '/order/ord-90139'
':method', 'PUT'
':scheme', 'http'
'user-agent', 'Go-http-client/1.1'
'content-length', '22'
'content-type', 'application/json'
'x-forwarded-proto', 'http'
'x-request-id', '96cccb51-ab1e-44c1-a389-f19bc3522742'
'x-envoy-expected-rq-timeout-ms', '3000'

[2026-10-05 07:14:14.363][14][debug][pool] [source/common/conn_pool/conn_pool_base.cc:330] [Tags: "ConnectionId":"1746"] using existing fully connected connection
[2026-10-05 07:14:14.363][14][debug][pool] [source/common/conn_pool/conn_pool_base.cc:247] [Tags: "ConnectionId":"1746"] creating stream
[2026-10-05 07:14:14.363][14][debug][router] [source/common/router/upstream_request.cc:606] [Tags: "ConnectionId":"5529","StreamId":"3956634138305562660"] pool ready
[2026-10-05 07:14:14.363][14][debug][router] [source/common/router/router.cc:993] [Tags: "ConnectionId":"5529","StreamId":"3956634138305562660"] router decoding data: 22
[2026-10-05 07:14:14.363][14][debug][http] [source/common/http/conn_manager_impl.cc:1274] [Tags: "ConnectionId":"5529","StreamId":"3956634138305562660"] request end stream timestamp recorded
[2026-10-05 07:14:14.363][14][debug][router] [source/common/router/router.cc:993] [Tags: "ConnectionId":"5529","StreamId":"3956634138305562660"] router decoding data: 0
[2026-10-05 07:14:14.363][14][debug][client] [source/common/http/codec_client.cc:150] [Tags: "ConnectionId":"1746"] encode complete
[2026-10-05 07:14:14.363][14][debug][router] [source/common/router/router.cc:1700] [Tags: "ConnectionId":"5528","StreamId":"3352741959786668962"] upstream headers complete: end_stream=false
[2026-10-05 07:14:14.363][14][debug][lua] [source/extensions/filters/common/lua/lua.cc:23] script log: completed POST /booking status=200
[2026-10-05 07:14:14.363][14][debug][lua] [source/extensions/filters/common/lua/lua.cc:67] coroutine finished
[2026-10-05 07:14:14.363][14][debug][http] [source/common/http/conn_manager_impl.cc:1948] [Tags: "ConnectionId":"5528","StreamId":"3352741959786668962"] encoding headers via codec (end_stream=false):
':status', '200'
'content-type', 'application/json'
'date', 'Mon, 05 Oct 2026 07:14:14 GMT'
'content-length', '15'
'x-envoy-upstream-service-time', '0'
'server', 'envoy'

[2026-10-05 07:14:14.363][14][debug][client] [source/common/http/codec_client.cc:137] [Tags: "ConnectionId":"2"] response complete
[2026-10-05 07:14:14.363][14][debug][router] [source/common/router/router.cc:1153] Executing cleanup(): resetting retry_state_ and disabling timers
[2026-10-05 07:14:14.363][14][debug][http] [source/common/http/conn_manager_impl.cc:2063] [Tags: "ConnectionId":"5528","StreamId":"3352741959786668962"] Codec completed encoding stream.
[2026-10-05 07:14:14.363][14][debug][router] [source/common/router/router.cc:1153] Executing cleanup(): resetting retry_state_ and disabling timers
[2026-10-05 07:14:14.363][14][debug][pool] [source/common/http/http1/conn_pool.cc:61] [Tags: "ConnectionId":"2"] response complete
[2026-10-05 07:14:14.363][14][debug][pool] [source/common/conn_pool/conn_pool_base.cc:282] [Tags: "ConnectionId":"2"] destroying stream: 0 active remaining, readyForStream false, currentUnusedCapacity 1
[2026-10-05 07:14:14.363][14][debug][http] [source/common/http/conn_manager_impl.cc:394] [Tags: "ConnectionId":"5523"] new stream
[2026-10-05 07:14:14.363][14][debug][http] [source/common/http/conn_manager_impl.cc:1291] [Tags: "ConnectionId":"5523","StreamId":"13294579500799872470"] request headers complete (end_stream=true):
':authority', 'envoy:10000'
':path', '/bookings'
':method', 'OPTIONS'
'user-agent', 'Go-http-client/1.1'

[2026-10-05 07:14:14.363][14][debug][http] [source/common/http/conn_manager_impl.cc:1274] [Tags: "ConnectionId":"5523","StreamId":"13294579500799872470"] request end stream timestamp recorded
[2026-10-05 07:14:14.363][14][debug][connection] [./source/common/network/connection_impl.h:101] [Tags: "ConnectionId":"5523"] current connecting state: false
[2026-10-05 07:14:14.363][14][info][lua] [source/extensions/filters/common/lua/lua.cc:26] script log: accepted OPTIONS /bookings
[2026-10-05 07:14:14.363][14][debug][lua] [source/extensions/filters/common/lua/lua.cc:67] coroutine finished
[2026-10-05 07:14:14.363][14][debug][router] [source/common/router/router.cc:537] [Tags: "ConnectionId":"5523","StreamId":"13294579500799872470"] cluster 'booking' match for URL '/bookings'
[2026-10-05 07:14:14.363][14][debug][router] [source/common/router/router.cc:812] [Tags: "ConnectionId":"5523","StreamId":"13294579500799872470"] router decoding headers:
':authority', 'envoy:10000'
':path', '/bookings'
':method', 'OPTIONS'
':scheme', 'http'
'user-agent', 'Go-http-client/1.1'
'x-forwarded-proto', 'http'
'x-request-id', 'dc44afd9-e634-4b65-9824-3eedc0510635'
'x-envoy-expected-rq-timeout-ms', '3000'

[2026-10-05 07:14:14.363][14][debug][pool] [source/common/conn_pool/conn_pool_base.cc:330] [Tags: "ConnectionId":"2"] using existing fully connected connection
[2026-10-05 07:14:14.363][14][debug][pool] [source/common/conn_pool/conn_pool_base.cc:247] [Tags: "ConnectionId":"2"] creating stream
[2026-10-05 07:14:14.363][14][debug][router] [source/common/router/upstream_request.cc:606] [Tags: "ConnectionId":"5523","StreamId":"13294579500799872470"] pool ready
[2026-10-05 07:14:14.363][14][debug][client] [source/common/http/codec_client.cc:150] [Tags: "ConnectionId":"2"] encode complete
[2026-10-05 07:14:14.363][14][debug][http] [source/common/http/conn_manager_impl.cc:394] [Tags: "ConnectionId":"5508"] new stream
[2026-10-05 07:14:14.363][14][debug][http] [source/common/http/conn_manager_impl.cc:1291] [Tags: "ConnectionId":"5508","StreamId":"13273381836251840291"] request headers complete (end_stream=true):
':authority', 'envoy:10000'
':path', '/users/usr-55640'
':method', 'GET'
'user-agent', 'Go-http-client/1.1'

[2026-10-05 07:14:14.363][14][debug][http] [source/common/http/conn_manager_impl.cc:1274] [Tags: "ConnectionId":"5508","StreamId":"13273381836251840291"] request end stream timestamp recorded
[2026-10-05 07:14:14.363][14][debug][connection] [./source/common/network/connection_impl.h:101] [Tags: "ConnectionId":"5508"] current connecting state: false
[2026-10-05 07:14:14.363][14][info][lua] [source/extensions/filters/common/lua/lua.cc:26] script log: accepted GET /users/usr-55640
[2026-10-05 07:14:14.363][14][debug][lua] [source/extensions/filters/common/lua/lua.cc:67] coroutine finished
[2026-10-05 07:14:14.363][14][debug][router] [source/common/router/router.cc:537] [Tags: "ConnectionId":"5508","StreamId":"13273381836251840291"] cluster 'users' match for URL '/users/usr-55640'
[2026-10-05 07:14:14.363][14][debug][router] [source/common/router/router.cc:812] [Tags: "ConnectionId":"5508","StreamId":"13273381836251840291"] router decoding headers:
':authority', 'envoy:10000'
':path', '/users/usr-55640'
':method', 'GET'
':scheme', 'http'
'user-agent', 'Go-http-client/1.1'
'x-forwarded-proto', 'http'
'x-request-id', '893c71bb-38c2-4fe8-a790-bec7686ead61'
'x-envoy-expected-rq-timeout-ms', '3000'

[2026-10-05 07:14:14.363][14][debug][pool] [source/common/conn_pool/conn_pool_base.cc:330] [Tags: "ConnectionId":"23"] using existing fully connected connection
[2026-10-05 07:14:14.363][14][debug][pool] [source/common/conn_pool/conn_pool_base.cc:247] [Tags: "ConnectionId":"23"] creating stream
[2026-10-05 07:14:14.363][14][debug][router] [source/common/router/upstream_request.cc:606] [Tags: "ConnectionId":"5508","StreamId":"13273381836251840291"] pool ready
[2026-10-05 07:14:14.363][14][debug][client] [source/common/http/codec_client.cc:150] [Tags: "ConnectionId":"23"] encode complete
[2026-10-05 07:14:14.363][14][debug][http] [source/common/http/conn_manager_impl.cc:394] [Tags: "ConnectionId":"5521"] new stream
[2026-10-05 07:14:14.363][14][debug][http] [source/common/http/conn_manager_impl.cc:1291] [Tags: "ConnectionId":"5521","StreamId":"2892207418435292516"] request headers complete (end_stream=false):
':authority', 'envoy:10000'
':path', '/foods/data'
':method', 'POST'
'user-agent', 'Go-http-client/1.1'
'content-length', '26'
'content-type', 'application/json'

[2026-10-05 07:14:14.363][14][debug][connection] [./source/common/network/connection_impl.h:101] [Tags: "ConnectionId":"5521"] current connecting state: false
[2026-10-05 07:14:14.363][14][info][lua] [source/extensions/filters/common/lua/lua.cc:26] script log: accepted POST /foods/data
[2026-10-05 07:14:14.363][14][debug][lua] [source/extensions/filters/common/lua/lua.cc:67] coroutine finished
[2026-10-05 07:14:14.363][14][debug][router] [source/common/router/router.cc:537] [Tags: "ConnectionId":"5521","StreamId":"2892207418435292516"] cluster 'foods' match for URL '/foods/data'
[2026-10-05 07:14:14.363][14][debug][router] [source/common/router/router.cc:812] [Tags: "ConnectionId":"5521","StreamId":"2892207418435292516"] router decoding headers:
':authority', 'envoy:10000'
':path', '/foods/data'
':method', 'POST'
':scheme', 'http'
'user-agent', 'Go-http-client/1.1'
'content-length', '26'
'content-type', 'application/json'
'x-forwarded-proto', 'http'
'x-request-id', '86c39351-603a-40a8-9b6f-1f8647aed2fd'
'x-envoy-expected-rq-timeout-ms', '3000'

[2026-10-05 07:14:14.363][14][debug][pool] [source/common/conn_pool/conn_pool_base.cc:330] [Tags: "ConnectionId":"1751"] using existing fully connected connection
[2026-10-05 07:14:14.363][14][debug][pool] [source/common/conn_pool/conn_pool_base.cc:247] [Tags: "ConnectionId":"1751"] creating stream
[2026-10-05 07:14:14.363][14][debug][router] [source/common/router/upstream_request.cc:606] [Tags: "ConnectionId":"5521","StreamId":"2892207418435292516"] pool ready
[2026-10-05 07:14:14.363][14][debug][router] [source/common/router/router.cc:993] [Tags: "ConnectionId":"5521","StreamId":"2892207418435292516"] router decoding data: 26
[2026-10-05 07:14:14.363][14][debug][http] [source/common/http/conn_manager_impl.cc:1274] [Tags: "ConnectionId":"5521","StreamId":"2892207418435292516"] request end stream timestamp recorded
[2026-10-05 07:14:14.363][14][debug][router] [source/common/router/router.cc:993] [Tags: "ConnectionId":"5521","StreamId":"2892207418435292516"] router decoding data: 0
[2026-10-05 07:14:14.363][14][debug][client] [source/common/http/codec_client.cc:150] [Tags: "ConnectionId":"1751"] encode complete
[2026-10-05 07:14:14.363][14][debug][http] [source/common/http/conn_manager_impl.cc:394] [Tags: "ConnectionId":"5515"] new stream
[2026-10-05 07:14:14.363][14][debug][http] [source/common/http/conn_manager_impl.cc:1291] [Tags: "ConnectionId":"5515","StreamId":"12841189481073132780"] request headers complete (end_stream=false):
':authority', 'envoy:10000'
':path', '/payments'
':method', 'POST'
'user-agent', 'Go-http-client/1.1'
'content-length', '56'
'content-type', 'application/json'

[2026-10-05 07:14:14.363][14][debug][connection] [./source/common/network/connection_impl.h:101] [Tags: "ConnectionId":"5515"] current connecting state: false
[2026-10-05 07:14:14.363][14][info][lua] [source/extensions/filters/common/lua/lua.cc:26] script log: accepted POST /payments
[2026-10-05 07:14:14.363][14][debug][lua] [source/extensions/filters/common/lua/lua.cc:67] coroutine finished
[2026-10-05 07:14:14.363][14][debug][router] [source/common/router/router.cc:537] [Tags: "ConnectionId":"5515","StreamId":"12841189481073132780"] cluster 'payments' match for URL '/payments'
[2026-10-05 07:14:14.363][14][debug][router] [source/common/router/router.cc:812] [Tags: "ConnectionId":"5515","StreamId":"12841189481073132780"] router decoding headers:
':authority', 'envoy:10000'
':path', '/payments'
':method', 'POST'
':scheme', 'http'
'user-agent', 'Go-http-client/1.1'
'content-length', '56'
'content-type', 'application/json'
'x-forwarded-proto', 'http'
'x-request-id', '1a959744-0ca5-4d16-8687-7896a099bdc1'
'x-envoy-expected-rq-timeout-ms', '3000'

[2026-10-05 07:14:14.363][14][debug][pool] [source/common/conn_pool/conn_pool_base.cc:330] [Tags: "ConnectionId":"1749"] using existing fully connected connection
[2026-10-05 07:14:14.363][14][debug][pool] [source/common/conn_pool/conn_pool_base.cc:247] [Tags: "ConnectionId":"1749"] creating stream
[2026-10-05 07:14:14.363][14][debug][router] [source/common/router/upstream_request.cc:606] [Tags: "ConnectionId":"5515","StreamId":"12841189481073132780"] pool ready
[2026-10-05 07:14:14.363][14][debug][router] [source/common/router/router.cc:993] [Tags: "ConnectionId":"5515","StreamId":"12841189481073132780"] router decoding data: 56
[2026-10-05 07:14:14.363][14][debug][http] [source/common/http/conn_manager_impl.cc:1274] [Tags: "ConnectionId":"5515","StreamId":"12841189481073132780"] request end stream timestamp recorded
[2026-10-05 07:14:14.363][14][debug][router] [source/common/router/router.cc:993] [Tags: "ConnectionId":"5515","StreamId":"12841189481073132780"] router decoding data: 0
[2026-10-05 07:14:14.363][14][debug][client] [source/common/http/codec_client.cc:150] [Tags: "ConnectionId":"1749"] encode complete
[2026-10-05 07:14:14.364][14][debug][router] [source/common/router/router.cc:1700] [Tags: "ConnectionId":"5470","StreamId":"8782187254154835135"] upstream headers complete: end_stream=false
[2026-10-05 07:14:14.364][14][debug][lua] [source/extensions/filters/common/lua/lua.cc:23] script log: completed POST /foods/data status=200
[2026-10-05 07:14:14.364][14][debug][lua] [source/extensions/filters/common/lua/lua.cc:67] coroutine finished
[2026-10-05 07:14:14.364][14][debug][http] [source/common/http/conn_manager_impl.cc:1948] [Tags: "ConnectionId":"5470","StreamId":"8782187254154835135"] encoding headers via codec (end_stream=false):
':status', '200'
'content-type', 'application/json'
'date', 'Mon, 05 Oct 2026 07:14:14 GMT'
'content-length', '15'
'x-envoy-upstream-service-time', '0'
'server', 'envoy'

[2026-10-05 07:14:14.364][14][debug][client] [source/common/http/codec_client.cc:137] [Tags: "ConnectionId":"1750"] response complete
[2026-10-05 07:14:14.364][14][debug][router] [source/common/router/router.cc:1153] Executing cleanup(): resetting retry_state_ and disabling timers
[2026-10-05 07:14:14.364][14][debug][http] [source/common/http/conn_manager_impl.cc:2063] [Tags: "ConnectionId":"5470","StreamId":"8782187254154835135"] Codec completed encoding stream.
[2026-10-05 07:14:14.364][14][debug][router] [source/common/router/router.cc:1153] Executing cleanup(): resetting retry_state_ and disabling timers
[2026-10-05 07:14:14.364][14][debug][pool] [source/common/http/http1/conn_pool.cc:61] [Tags: "ConnectionId":"1750"] response complete
[2026-10-05 07:14:14.364][14][debug][pool] [source/common/conn_pool/conn_pool_base.cc:282] [Tags: "ConnectionId":"1750"] destroying stream: 0 active remaining, readyForStream false, currentUnusedCapacity 1
[2026-10-05 07:14:14.364][14][debug][router] [source/common/router/router.cc:1700] [Tags: "ConnectionId":"5529","StreamId":"3956634138305562660"] upstream headers complete: end_stream=false
[2026-10-05 07:14:14.364][14][debug][lua] [source/extensions/filters/common/lua/lua.cc:23] script log: completed PUT /order/ord-90139 status=200
[2026-10-05 07:14:14.364][14][debug][lua] [source/extensions/filters/common/lua/lua.cc:67] coroutine finished
[2026-10-05 07:14:14.364][14][debug][http] [source/common/http/conn_manager_impl.cc:1948] [Tags: "ConnectionId":"5529","StreamId":"3956634138305562660"] encoding headers via codec (end_stream=false):
':status', '200'
'content-type', 'application/json'
'date', 'Mon, 05 Oct 2026 07:14:14 GMT'
'content-length', '37'
'x-envoy-upstream-service-time', '0'
'server', 'envoy'

[2026-10-05 07:14:14.364][14][debug][client] [source/common/http/codec_client.cc:137] [Tags: "ConnectionId":"1746"] response complete
[2026-10-05 07:14:14.364][14][debug][router] [source/common/router/router.cc:1153] Executing cleanup(): resetting retry_state_ and disabling timers
[2026-10-05 07:14:14.364][14][debug][http] [source/common/http/conn_manager_impl.cc:2063] [Tags: "ConnectionId":"5529","StreamId":"3956634138305562660"] Codec completed encoding stream.
[2026-10-05 07:14:14.364][14][debug][router] [source/common/router/router.cc:1153] Executing cleanup(): resetting retry_state_ and disabling timers
[2026-10-05 07:14:14.364][14][debug][pool] [source/common/http/http1/conn_pool.cc:61] [Tags: "ConnectionId":"1746"] response complete
[2026-10-05 07:14:14.364][14][debug][pool] [source/common/conn_pool/conn_pool_base.cc:282] [Tags: "ConnectionId":"1746"] destroying stream: 0 active remaining, readyForStream false, currentUnusedCapacity 1
[2026-10-05 07:14:14.364][14][debug][client] [source/common/http/codec_client.cc:137] [Tags: "ConnectionId":"2"] response complete
[2026-10-05 07:14:14.364][14][debug][router] [source/common/router/router.cc:1700] [Tags: "ConnectionId":"5523","StreamId":"13294579500799872470"] upstream headers complete: end_stream=true
[2026-10-05 07:14:14.364][14][debug][router] [source/common/router/router.cc:1153] Executing cleanup(): resetting retry_state_ and disabling timers
[2026-10-05 07:14:14.364][14][debug][lua] [source/extensions/filters/common/lua/lua.cc:23] script log: completed OPTIONS /bookings status=204
[2026-10-05 07:14:14.364][14][debug][lua] [source/extensions/filters/common/lua/lua.cc:67] coroutine finished
[2026-10-05 07:14:14.364][14][debug][http] [source/common/http/conn_manager_impl.cc:1948] [Tags: "ConnectionId":"5523","StreamId":"13294579500799872470"] encoding headers via codec (end_stream=true):
':status', '204'
'access-control-allow-methods', 'GET, OPTIONS'
'allow', 'GET, OPTIONS'
'date', 'Mon, 05 Oct 2026 07:14:14 GMT'
'x-envoy-upstream-service-time', '0'
'server', 'envoy'

[2026-10-05 07:14:14.364][14][debug][http] [source/common/http/conn_manager_impl.cc:2063] [Tags: "ConnectionId":"5523","StreamId":"13294579500799872470"] Codec completed encoding stream.
[2026-10-05 07:14:14.364][14][debug][router] [source/common/router/router.cc:1153] Executing cleanup(): resetting retry_state_ and disabling timers
[2026-10-05 07:14:14.364][14][debug][pool] [source/common/http/http1/conn_pool.cc:61] [Tags: "ConnectionId":"2"] response complete
[2026-10-05 07:14:14.364][14][debug][pool] [source/common/conn_pool/conn_pool_base.cc:282] [Tags: "ConnectionId":"2"] destroying stream: 0 active remaining, readyForStream false, currentUnusedCapacity 1
[2026-10-05 07:14:14.364][14][debug][router] [source/common/router/router.cc:1700] [Tags: "ConnectionId":"5521","StreamId":"2892207418435292516"] upstream headers complete: end_stream=false
[2026-10-05 07:14:14.364][14][debug][lua] [source/extensions/filters/common/lua/lua.cc:23] script log: completed POST /foods/data status=200
[2026-10-05 07:14:14.364][14][debug][lua] [source/extensions/filters/common/lua/lua.cc:67] coroutine finished
[2026-10-05 07:14:14.364][14][debug][http] [source/common/http/conn_manager_impl.cc:1948] [Tags: "ConnectionId":"5521","StreamId":"2892207418435292516"] encoding headers via codec (end_stream=false):
':status', '200'
'content-type', 'application/json'
'date', 'Mon, 05 Oct 2026 07:14:14 GMT'
'content-length', '15'
'x-envoy-upstream-service-time', '0'
'server', 'envoy'

[2026-10-05 07:14:14.364][14][debug][client] [source/common/http/codec_client.cc:137] [Tags: "ConnectionId":"1751"] response complete
[2026-10-05 07:14:14.364][14][debug][router] [source/common/router/router.cc:1153] Executing cleanup(): resetting retry_state_ and disabling timers
[2026-10-05 07:14:14.364][14][debug][http] [source/common/http/conn_manager_impl.cc:2063] [Tags: "ConnectionId":"5521","StreamId":"2892207418435292516"] Codec completed encoding stream.
[2026-10-05 07:14:14.364][14][debug][router] [source/common/router/router.cc:1153] Executing cleanup(): resetting retry_state_ and disabling timers
[2026-10-05 07:14:14.364][14][debug][pool] [source/common/http/http1/conn_pool.cc:61] [Tags: "ConnectionId":"1751"] response complete
[2026-10-05 07:14:14.364][14][debug][pool] [source/common/conn_pool/conn_pool_base.cc:282] [Tags: "ConnectionId":"1751"] destroying stream: 0 active remaining, readyForStream false, currentUnusedCapacity 1
[2026-10-05 07:14:14.364][14][debug][router] [source/common/router/router.cc:1700] [Tags: "ConnectionId":"5515","StreamId":"12841189481073132780"] upstream headers complete: end_stream=false
[2026-10-05 07:14:14.364][14][debug][lua] [source/extensions/filters/common/lua/lua.cc:23] script log: completed POST /payments status=200
[2026-10-05 07:14:14.364][14][debug][lua] [source/extensions/filters/common/lua/lua.cc:67] coroutine finished
[2026-10-05 07:14:14.364][14][debug][http] [source/common/http/conn_manager_impl.cc:1948] [Tags: "ConnectionId":"5515","StreamId":"12841189481073132780"] encoding headers via codec (end_stream=false):
':status', '200'
'content-type', 'application/json'
'date', 'Mon, 05 Oct 2026 07:14:14 GMT'
'content-length', '15'
'x-envoy-upstream-service-time', '0'
'server', 'envoy'

[2026-10-05 07:14:14.364][14][debug][client] [source/common/http/codec_client.cc:137] [Tags: "ConnectionId":"1749"] response complete
[2026-10-05 07:14:14.364][14][debug][router] [source/common/router/router.cc:1153] Executing cleanup(): resetting retry_state_ and disabling timers
[2026-10-05 07:14:14.364][14][debug][http] [source/common/http/conn_manager_impl.cc:2063] [Tags: "ConnectionId":"5515","StreamId":"12841189481073132780"] Codec completed encoding stream.
[2026-10-05 07:14:14.364][14][debug][router] [source/common/router/router.cc:1153] Executing cleanup(): resetting retry_state_ and disabling timers
[2026-10-05 07:14:14.364][14][debug][pool] [source/common/http/http1/conn_pool.cc:61] [Tags: "ConnectionId":"1749"] response complete
[2026-10-05 07:14:14.364][14][debug][pool] [source/common/conn_pool/conn_pool_base.cc:282] [Tags: "ConnectionId":"1749"] destroying stream: 0 active remaining, readyForStream false, currentUnusedCapacity 1
[2026-10-05 07:14:14.364][14][debug][router] [source/common/router/router.cc:1700] [Tags: "ConnectionId":"5508","StreamId":"13273381836251840291"] upstream headers complete: end_stream=false
[2026-10-05 07:14:14.364][14][debug][lua] [source/extensions/filters/common/lua/lua.cc:23] script log: completed GET /users/usr-55640 status=200
[2026-10-05 07:14:14.364][14][debug][lua] [source/extensions/filters/common/lua/lua.cc:67] coroutine finished
[2026-10-05 07:14:14.364][14][debug][http] [source/common/http/conn_manager_impl.cc:1948] [Tags: "ConnectionId":"5508","StreamId":"13273381836251840291"] encoding headers via codec (end_stream=false):
':status', '200'
'content-type', 'application/json'
'date', 'Mon, 05 Oct 2026 07:14:14 GMT'
'content-length', '32'
'x-envoy-upstream-service-time', '0'
'server', 'envoy'

[2026-10-05 07:14:14.364][14][debug][client] [source/common/http/codec_client.cc:137] [Tags: "ConnectionId":"23"] response complete
[2026-10-05 07:14:14.364][14][debug][router] [source/common/router/router.cc:1153] Executing cleanup(): resetting retry_state_ and disabling timers
[2026-10-05 07:14:14.364][14][debug][http] [source/common/http/conn_manager_impl.cc:2063] [Tags: "ConnectionId":"5508","StreamId":"13273381836251840291"] Codec completed encoding stream.
[2026-10-05 07:14:14.364][14][debug][router] [source/common/router/router.cc:1153] Executing cleanup(): resetting retry_state_ and disabling timers
[2026-10-05 07:14:14.364][14][debug][pool] [source/common/http/http1/conn_pool.cc:61] [Tags: "ConnectionId":"23"] response complete
[2026-10-05 07:14:14.364][14][debug][pool] [source/common/conn_pool/conn_pool_base.cc:282] [Tags: "ConnectionId":"23"] destroying stream: 0 active remaining, readyForStream false, currentUnusedCapacity 1
[2026-10-05 07:14:14.380][14][debug][http] [source/common/http/conn_manager_impl.cc:394] [Tags: "ConnectionId":"5515"] new stream
[2026-10-05 07:14:14.380][14][debug][http] [source/common/http/conn_manager_impl.cc:1291] [Tags: "ConnectionId":"5515","StreamId":"12267485450789838898"] request headers complete (end_stream=false):
':authority', 'envoy:10000'
':path', '/order/ord-46118'
':method', 'PUT'
'user-agent', 'Go-http-client/1.1'
'content-length', '22'
'content-type', 'application/json'

[2026-10-05 07:14:14.380][14][debug][connection] [./source/common/network/connection_impl.h:101] [Tags: "ConnectionId":"5515"] current connecting state: false
[2026-10-05 07:14:14.380][14][info][lua] [source/extensions/filters/common/lua/lua.cc:26] script log: accepted PUT /order/ord-46118
[2026-10-05 07:14:14.380][14][debug][lua] [source/extensions/filters/common/lua/lua.cc:67] coroutine finished
[2026-10-05 07:14:14.380][14][debug][router] [source/common/router/router.cc:537] [Tags: "ConnectionId":"5515","StreamId":"12267485450789838898"] cluster 'orders' match for URL '/order/ord-46118'
[2026-10-05 07:14:14.380][14][debug][router] [source/common/router/router.cc:812] [Tags: "ConnectionId":"5515","StreamId":"12267485450789838898"] router decoding headers:
':authority', 'envoy:10000'
':path', '/order/ord-46118'
':method', 'PUT'
':scheme', 'http'
'user-agent', 'Go-http-client/1.1'
'content-length', '22'
'content-type', 'application/json'
'x-forwarded-proto', 'http'
'x-request-id', '025e2787-7d46-48d2-a1fc-c3a3e71f5a3a'
'x-envoy-expected-rq-timeout-ms', '3000'

[2026-10-05 07:14:14.380][14][debug][pool] [source/common/conn_pool/conn_pool_base.cc:330] [Tags: "ConnectionId":"1746"] using existing fully connected connection
[2026-10-05 07:14:14.380][14][debug][pool] [source/common/conn_pool/conn_pool_base.cc:247] [Tags: "ConnectionId":"1746"] creating stream
[2026-10-05 07:14:14.380][14][debug][router] [source/common/router/upstream_request.cc:606] [Tags: "ConnectionId":"5515","StreamId":"12267485450789838898"] pool ready
[2026-10-05 07:14:14.380][14][debug][router] [source/common/router/router.cc:993] [Tags: "ConnectionId":"5515","StreamId":"12267485450789838898"] router decoding data: 22
[2026-10-05 07:14:14.380][14][debug][http] [source/common/http/conn_manager_impl.cc:1274] [Tags: "ConnectionId":"5515","StreamId":"12267485450789838898"] request end stream timestamp recorded
[2026-10-05 07:14:14.380][14][debug][router] [source/common/router/router.cc:993] [Tags: "ConnectionId":"5515","StreamId":"12267485450789838898"] router decoding data: 0
[2026-10-05 07:14:14.380][14][debug][client] [source/common/http/codec_client.cc:150] [Tags: "ConnectionId":"1746"] encode complete
[2026-10-05 07:14:14.380][14][debug][http] [source/common/http/conn_manager_impl.cc:394] [Tags: "ConnectionId":"5470"] new stream
[2026-10-05 07:14:14.380][14][debug][http] [source/common/http/conn_manager_impl.cc:1291] [Tags: "ConnectionId":"5470","StreamId":"8634055259363668167"] request headers complete (end_stream=true):
':authority', 'envoy:10000'
':path', '/users/usr-40331'
':method', 'GET'
'user-agent', 'Go-http-client/1.1'

[2026-10-05 07:14:14.380][14][debug][http] [source/common/http/conn_manager_impl.cc:1274] [Tags: "ConnectionId":"5470","StreamId":"8634055259363668167"] request end stream timestamp recorded
[2026-10-05 07:14:14.380][14][debug][connection] [./source/common/network/connection_impl.h:101] [Tags: "ConnectionId":"5470"] current connecting state: false
[2026-10-05 07:14:14.380][14][info][lua] [source/extensions/filters/common/lua/lua.cc:26] script log: accepted GET /users/usr-40331
[2026-10-05 07:14:14.380][14][debug][lua] [source/extensions/filters/common/lua/lua.cc:67] coroutine finished
[2026-10-05 07:14:14.380][14][debug][router] [source/common/router/router.cc:537] [Tags: "ConnectionId":"5470","StreamId":"8634055259363668167"] cluster 'users' match for URL '/users/usr-40331'
[2026-10-05 07:14:14.380][14][debug][router] [source/common/router/router.cc:812] [Tags: "ConnectionId":"5470","StreamId":"8634055259363668167"] router decoding headers:
':authority', 'envoy:10000'
':path', '/users/usr-40331'
':method', 'GET'
':scheme', 'http'
'user-agent', 'Go-http-client/1.1'
'x-forwarded-proto', 'http'
'x-request-id', '72787943-d374-416a-bc9f-29693d228488'
'x-envoy-expected-rq-timeout-ms', '3000'

[2026-10-05 07:14:14.380][14][debug][pool] [source/common/conn_pool/conn_pool_base.cc:330] [Tags: "ConnectionId":"23"] using existing fully connected connection
[2026-10-05 07:14:14.380][14][debug][pool] [source/common/conn_pool/conn_pool_base.cc:247] [Tags: "ConnectionId":"23"] creating stream
[2026-10-05 07:14:14.380][14][debug][router] [source/common/router/upstream_request.cc:606] [Tags: "ConnectionId":"5470","StreamId":"8634055259363668167"] pool ready
[2026-10-05 07:14:14.380][14][debug][client] [source/common/http/codec_client.cc:150] [Tags: "ConnectionId":"23"] encode complete
[2026-10-05 07:14:14.380][14][debug][http] [source/common/http/conn_manager_impl.cc:394] [Tags: "ConnectionId":"5508"] new stream
[2026-10-05 07:14:14.380][14][debug][http] [source/common/http/conn_manager_impl.cc:1291] [Tags: "ConnectionId":"5508","StreamId":"5665780352030420446"] request headers complete (end_stream=true):
':authority', 'envoy:10000'
':path', '/payments/pay-94380'
':method', 'GET'
'user-agent', 'Go-http-client/1.1'

[2026-10-05 07:14:14.380][14][debug][http] [source/common/http/conn_manager_impl.cc:1274] [Tags: "ConnectionId":"5508","StreamId":"5665780352030420446"] request end stream timestamp recorded
[2026-10-05 07:14:14.380][14][debug][connection] [./source/common/network/connection_impl.h:101] [Tags: "ConnectionId":"5508"] current connecting state: false
[2026-10-05 07:14:14.380][14][info][lua] [source/extensions/filters/common/lua/lua.cc:26] script log: accepted GET /payments/pay-94380
[2026-10-05 07:14:14.380][14][debug][lua] [source/extensions/filters/common/lua/lua.cc:67] coroutine finished
[2026-10-05 07:14:14.380][14][debug][router] [source/common/router/router.cc:537] [Tags: "ConnectionId":"5508","StreamId":"5665780352030420446"] cluster 'payments' match for URL '/payments/pay-94380'
[2026-10-05 07:14:14.380][14][debug][router] [source/common/router/router.cc:812] [Tags: "ConnectionId":"5508","StreamId":"5665780352030420446"] router decoding headers:
':authority', 'envoy:10000'
':path', '/payments/pay-94380'
':method', 'GET'
':scheme', 'http'
'user-agent', 'Go-http-client/1.1'
'x-forwarded-proto', 'http'
'x-request-id', '941d98a5-f3b7-44c6-a7c3-27af7ddd1ae7'
'x-envoy-expected-rq-timeout-ms', '3000'

[2026-10-05 07:14:14.380][14][debug][pool] [source/common/conn_pool/conn_pool_base.cc:330] [Tags: "ConnectionId":"1749"] using existing fully connected connection
[2026-10-05 07:14:14.380][14][debug][pool] [source/common/conn_pool/conn_pool_base.cc:247] [Tags: "ConnectionId":"1749"] creating stream
[2026-10-05 07:14:14.380][14][debug][router] [source/common/router/upstream_request.cc:606] [Tags: "ConnectionId":"5508","StreamId":"5665780352030420446"] pool ready
[2026-10-05 07:14:14.380][14][debug][client] [source/common/http/codec_client.cc:150] [Tags: "ConnectionId":"1749"] encode complete
[2026-10-05 07:14:14.381][14][debug][http] [source/common/http/conn_manager_impl.cc:394] [Tags: "ConnectionId":"5528"] new stream
[2026-10-05 07:14:14.381][14][debug][http] [source/common/http/conn_manager_impl.cc:1291] [Tags: "ConnectionId":"5528","StreamId":"3802821437750820306"] request headers complete (end_stream=true):
':authority', 'envoy:10000'
':path', '/bookings'
':method', 'OPTIONS'
'user-agent', 'Go-http-client/1.1'

[2026-10-05 07:14:14.381][14][debug][http] [source/common/http/conn_manager_impl.cc:1274] [Tags: "ConnectionId":"5528","StreamId":"3802821437750820306"] request end stream timestamp recorded
[2026-10-05 07:14:14.381][14][debug][connection] [./source/common/network/connection_impl.h:101] [Tags: "ConnectionId":"5528"] current connecting state: false
[2026-10-05 07:14:14.381][14][info][lua] [source/extensions/filters/common/lua/lua.cc:26] script log: accepted OPTIONS /bookings
[2026-10-05 07:14:14.381][14][debug][lua] [source/extensions/filters/common/lua/lua.cc:67] coroutine finished
[2026-10-05 07:14:14.381][14][debug][router] [source/common/router/router.cc:537] [Tags: "ConnectionId":"5528","StreamId":"3802821437750820306"] cluster 'booking' match for URL '/bookings'
[2026-10-05 07:14:14.381][14][debug][router] [source/common/router/router.cc:812] [Tags: "ConnectionId":"5528","StreamId":"3802821437750820306"] router decoding headers:
':authority', 'envoy:10000'
':path', '/bookings'
':method', 'OPTIONS'
':scheme', 'http'
'user-agent', 'Go-http-client/1.1'
'x-forwarded-proto', 'http'
'x-request-id', '4133ee79-dcb7-4e0b-a152-b116cc7a5870'
'x-envoy-expected-rq-timeout-ms', '3000'

[2026-10-05 07:14:14.381][14][debug][pool] [source/common/conn_pool/conn_pool_base.cc:330] [Tags: "ConnectionId":"2"] using existing fully connected connection
[2026-10-05 07:14:14.381][14][debug][pool] [source/common/conn_pool/conn_pool_base.cc:247] [Tags: "ConnectionId":"2"] creating stream
[2026-10-05 07:14:14.381][14][debug][router] [source/common/router/upstream_request.cc:606] [Tags: "ConnectionId":"5528","StreamId":"3802821437750820306"] pool ready
[2026-10-05 07:14:14.381][14][debug][client] [source/common/http/codec_client.cc:150] [Tags: "ConnectionId":"2"] encode complete
[2026-10-05 07:14:14.381][14][debug][http] [source/common/http/conn_manager_impl.cc:394] [Tags: "ConnectionId":"5521"] new stream
[2026-10-05 07:14:14.381][14][debug][http] [source/common/http/conn_manager_impl.cc:1291] [Tags: "ConnectionId":"5521","StreamId":"16463165345514649071"] request headers complete (end_stream=false):
':authority', 'envoy:10000'
':path', '/payments'
':method', 'POST'
'user-agent', 'Go-http-client/1.1'
'content-length', '57'
'content-type', 'application/json'

[2026-10-05 07:14:14.381][14][debug][connection] [./source/common/network/connection_impl.h:101] [Tags: "ConnectionId":"5521"] current connecting state: false
[2026-10-05 07:14:14.381][14][info][lua] [source/extensions/filters/common/lua/lua.cc:26] script log: accepted POST /payments
[2026-10-05 07:14:14.381][14][debug][lua] [source/extensions/filters/common/lua/lua.cc:67] coroutine finished
[2026-10-05 07:14:14.381][14][debug][router] [source/common/router/router.cc:537] [Tags: "ConnectionId":"5521","StreamId":"16463165345514649071"] cluster 'payments' match for URL '/payments'
[2026-10-05 07:14:14.381][14][debug][router] [source/common/router/router.cc:812] [Tags: "ConnectionId":"5521","StreamId":"16463165345514649071"] router decoding headers:
':authority', 'envoy:10000'
':path', '/payments'
':method', 'POST'
':scheme', 'http'
'user-agent', 'Go-http-client/1.1'
'content-length', '57'
'content-type', 'application/json'
'x-forwarded-proto', 'http'
'x-request-id', 'a6dd18a0-1f1c-46fd-aaad-8c9bc59c187e'
'x-envoy-expected-rq-timeout-ms', '3000'

[2026-10-05 07:14:14.381][14][debug][pool] [source/common/conn_pool/conn_pool_base.cc:330] [Tags: "ConnectionId":"6"] using existing fully connected connection
[2026-10-05 07:14:14.381][14][debug][pool] [source/common/conn_pool/conn_pool_base.cc:247] [Tags: "ConnectionId":"6"] creating stream
[2026-10-05 07:14:14.381][14][debug][router] [source/common/router/upstream_request.cc:606] [Tags: "ConnectionId":"5521","StreamId":"16463165345514649071"] pool ready
[2026-10-05 07:14:14.381][14][debug][router] [source/common/router/router.cc:993] [Tags: "ConnectionId":"5521","StreamId":"16463165345514649071"] router decoding data: 57
[2026-10-05 07:14:14.381][14][debug][http] [source/common/http/conn_manager_impl.cc:1274] [Tags: "ConnectionId":"5521","StreamId":"16463165345514649071"] request end stream timestamp recorded
[2026-10-05 07:14:14.381][14][debug][router] [source/common/router/router.cc:993] [Tags: "ConnectionId":"5521","StreamId":"16463165345514649071"] router decoding data: 0
[2026-10-05 07:14:14.381][14][debug][client] [source/common/http/codec_client.cc:150] [Tags: "ConnectionId":"6"] encode complete
[2026-10-05 07:14:14.381][14][debug][http] [source/common/http/conn_manager_impl.cc:394] [Tags: "ConnectionId":"5506"] new stream
[2026-10-05 07:14:14.381][14][debug][http] [source/common/http/conn_manager_impl.cc:1291] [Tags: "ConnectionId":"5506","StreamId":"16288023476863801588"] request headers complete (end_stream=true):
':authority', 'envoy:10000'
':path', '/bookings/bk-67589'
':method', 'GET'
'user-agent', 'Go-http-client/1.1'

[2026-10-05 07:14:14.381][14][debug][http] [source/common/http/conn_manager_impl.cc:1274] [Tags: "ConnectionId":"5506","StreamId":"16288023476863801588"] request end stream timestamp recorded
[2026-10-05 07:14:14.381][14][debug][connection] [./source/common/network/connection_impl.h:101] [Tags: "ConnectionId":"5506"] current connecting state: false
[2026-10-05 07:14:14.381][14][info][lua] [source/extensions/filters/common/lua/lua.cc:26] script log: accepted GET /bookings/bk-67589
[2026-10-05 07:14:14.381][14][debug][lua] [source/extensions/filters/common/lua/lua.cc:67] coroutine finished
[2026-10-05 07:14:14.381][14][debug][router] [source/common/router/router.cc:537] [Tags: "ConnectionId":"5506","StreamId":"16288023476863801588"] cluster 'booking' match for URL '/bookings/bk-67589'
[2026-10-05 07:14:14.381][14][debug][router] [source/common/router/router.cc:812] [Tags: "ConnectionId":"5506","StreamId":"16288023476863801588"] router decoding headers:
':authority', 'envoy:10000'
':path', '/bookings/bk-67589'
':method', 'GET'
':scheme', 'http'
'user-agent', 'Go-http-client/1.1'
'x-forwarded-proto', 'http'
'x-request-id', '1556e025-acde-4180-a742-13cd03c7216d'
'x-envoy-expected-rq-timeout-ms', '3000'

[2026-10-05 07:14:14.381][14][debug][pool] [source/common/conn_pool/conn_pool_base.cc:330] [Tags: "ConnectionId":"11"] using existing fully connected connection
[2026-10-05 07:14:14.381][14][debug][pool] [source/common/conn_pool/conn_pool_base.cc:247] [Tags: "ConnectionId":"11"] creating stream
[2026-10-05 07:14:14.381][14][debug][router] [source/common/router/upstream_request.cc:606] [Tags: "ConnectionId":"5506","StreamId":"16288023476863801588"] pool ready
[2026-10-05 07:14:14.381][14][debug][client] [source/common/http/codec_client.cc:150] [Tags: "ConnectionId":"11"] encode complete
[2026-10-05 07:14:14.381][14][debug][http] [source/common/http/conn_manager_impl.cc:394] [Tags: "ConnectionId":"5527"] new stream
[2026-10-05 07:14:14.381][14][debug][http] [source/common/http/conn_manager_impl.cc:1291] [Tags: "ConnectionId":"5527","StreamId":"13187514998947891440"] request headers complete (end_stream=true):
':authority', 'envoy:10000'
':path', '/payments/pay-64381'
':method', 'GET'
'user-agent', 'Go-http-client/1.1'

[2026-10-05 07:14:14.381][14][debug][http] [source/common/http/conn_manager_impl.cc:1274] [Tags: "ConnectionId":"5527","StreamId":"13187514998947891440"] request end stream timestamp recorded
[2026-10-05 07:14:14.381][14][debug][connection] [./source/common/network/connection_impl.h:101] [Tags: "ConnectionId":"5527"] current connecting state: false
[2026-10-05 07:14:14.381][14][info][lua] [source/extensions/filters/common/lua/lua.cc:26] script log: accepted GET /payments/pay-64381
[2026-10-05 07:14:14.381][14][debug][lua] [source/extensions/filters/common/lua/lua.cc:67] coroutine finished
[2026-10-05 07:14:14.381][14][debug][router] [source/common/router/router.cc:537] [Tags: "ConnectionId":"5527","StreamId":"13187514998947891440"] cluster 'payments' match for URL '/payments/pay-64381'
[2026-10-05 07:14:14.381][14][debug][router] [source/common/router/router.cc:812] [Tags: "ConnectionId":"5527","StreamId":"13187514998947891440"] router decoding headers:
':authority', 'envoy:10000'
':path', '/payments/pay-64381'
':method', 'GET'
':scheme', 'http'
'user-agent', 'Go-http-client/1.1'
'x-forwarded-proto', 'http'
'x-request-id', 'ff5811a9-815c-40c8-b4e4-5843c1ec1d36'
'x-envoy-expected-rq-timeout-ms', '3000'

[2026-10-05 07:14:14.381][14][debug][pool] [source/common/conn_pool/conn_pool_base.cc:330] [Tags: "ConnectionId":"21"] using existing fully connected connection
[2026-10-05 07:14:14.381][14][debug][pool] [source/common/conn_pool/conn_pool_base.cc:247] [Tags: "ConnectionId":"21"] creating stream
[2026-10-05 07:14:14.381][14][debug][router] [source/common/router/upstream_request.cc:606] [Tags: "ConnectionId":"5527","StreamId":"13187514998947891440"] pool ready
[2026-10-05 07:14:14.381][14][debug][client] [source/common/http/codec_client.cc:150] [Tags: "ConnectionId":"21"] encode complete
[2026-10-05 07:14:14.381][14][debug][http] [source/common/http/conn_manager_impl.cc:394] [Tags: "ConnectionId":"5529"] new stream
[2026-10-05 07:14:14.381][14][debug][http] [source/common/http/conn_manager_impl.cc:1291] [Tags: "ConnectionId":"5529","StreamId":"16612770079616905763"] request headers complete (end_stream=true):
':authority', 'envoy:10000'
':path', '/bookings/bk-81144'
':method', 'GET'
'user-agent', 'Go-http-client/1.1'

[2026-10-05 07:14:14.381][14][debug][http] [source/common/http/conn_manager_impl.cc:1274] [Tags: "ConnectionId":"5529","StreamId":"16612770079616905763"] request end stream timestamp recorded
[2026-10-05 07:14:14.381][14][debug][connection] [./source/common/network/connection_impl.h:101] [Tags: "ConnectionId":"5529"] current connecting state: false
[2026-10-05 07:14:14.381][14][info][lua] [source/extensions/filters/common/lua/lua.cc:26] script log: accepted GET /bookings/bk-81144
[2026-10-05 07:14:14.381][14][debug][lua] [source/extensions/filters/common/lua/lua.cc:67] coroutine finished
[2026-10-05 07:14:14.381][14][debug][router] [source/common/router/router.cc:537] [Tags: "ConnectionId":"5529","StreamId":"16612770079616905763"] cluster 'booking' match for URL '/bookings/bk-81144'
[2026-10-05 07:14:14.381][14][debug][router] [source/common/router/router.cc:812] [Tags: "ConnectionId":"5529","StreamId":"16612770079616905763"] router decoding headers:
':authority', 'envoy:10000'
':path', '/bookings/bk-81144'
':method', 'GET'
':scheme', 'http'
'user-agent', 'Go-http-client/1.1'
'x-forwarded-proto', 'http'
'x-request-id', 'f6bfb48b-ca51-4af6-bc7a-7bf934279be2'
'x-envoy-expected-rq-timeout-ms', '3000'

[2026-10-05 07:14:14.381][14][debug][pool] [source/common/conn_pool/conn_pool_base.cc:330] [Tags: "ConnectionId":"17"] using existing fully connected connection
[2026-10-05 07:14:14.381][14][debug][pool] [source/common/conn_pool/conn_pool_base.cc:247] [Tags: "ConnectionId":"17"] creating stream
[2026-10-05 07:14:14.381][14][debug][router] [source/common/router/upstream_request.cc:606] [Tags: "ConnectionId":"5529","StreamId":"16612770079616905763"] pool ready
[2026-10-05 07:14:14.381][14][debug][client] [source/common/http/codec_client.cc:150] [Tags: "ConnectionId":"17"] encode complete
[2026-10-05 07:14:14.381][14][debug][http] [source/common/http/conn_manager_impl.cc:394] [Tags: "ConnectionId":"5523"] new stream
[2026-10-05 07:14:14.381][14][debug][http] [source/common/http/conn_manager_impl.cc:1291] [Tags: "ConnectionId":"5523","StreamId":"3158168066810989334"] request headers complete (end_stream=false):
':authority', 'envoy:10000'
':path', '/booking'
':method', 'POST'
'user-agent', 'Go-http-client/1.1'
'content-length', '58'
'content-type', 'application/json'

[2026-10-05 07:14:14.381][14][debug][connection] [./source/common/network/connection_impl.h:101] [Tags: "ConnectionId":"5523"] current connecting state: false
[2026-10-05 07:14:14.381][14][info][lua] [source/extensions/filters/common/lua/lua.cc:26] script log: accepted POST /booking
[2026-10-05 07:14:14.381][14][debug][lua] [source/extensions/filters/common/lua/lua.cc:67] coroutine finished
[2026-10-05 07:14:14.381][14][debug][router] [source/common/router/router.cc:537] [Tags: "ConnectionId":"5523","StreamId":"3158168066810989334"] cluster 'booking' match for URL '/booking'
[2026-10-05 07:14:14.381][14][debug][router] [source/common/router/router.cc:812] [Tags: "ConnectionId":"5523","StreamId":"3158168066810989334"] router decoding headers:
':authority', 'envoy:10000'
':path', '/booking'
':method', 'POST'
':scheme', 'http'
'user-agent', 'Go-http-client/1.1'
'content-length', '58'
'content-type', 'application/json'
'x-forwarded-proto', 'http'
'x-request-id', '408b92e4-0851-4e7d-80f0-b4efda0afde5'
'x-envoy-expected-rq-timeout-ms', '3000'

[2026-10-05 07:14:14.381][14][debug][pool] [source/common/conn_pool/conn_pool_base.cc:330] [Tags: "ConnectionId":"19"] using existing fully connected connection
[2026-10-05 07:14:14.381][14][debug][pool] [source/common/conn_pool/conn_pool_base.cc:247] [Tags: "ConnectionId":"19"] creating stream
[2026-10-05 07:14:14.381][14][debug][router] [source/common/router/upstream_request.cc:606] [Tags: "ConnectionId":"5523","StreamId":"3158168066810989334"] pool ready
[2026-10-05 07:14:14.381][14][debug][router] [source/common/router/router.cc:993] [Tags: "ConnectionId":"5523","StreamId":"3158168066810989334"] router decoding data: 58
[2026-10-05 07:14:14.381][14][debug][http] [source/common/http/conn_manager_impl.cc:1274] [Tags: "ConnectionId":"5523","StreamId":"3158168066810989334"] request end stream timestamp recorded
[2026-10-05 07:14:14.381][14][debug][router] [source/common/router/router.cc:993] [Tags: "ConnectionId":"5523","StreamId":"3158168066810989334"] router decoding data: 0
[2026-10-05 07:14:14.381][14][debug][client] [source/common/http/codec_client.cc:150] [Tags: "ConnectionId":"19"] encode complete
[2026-10-05 07:14:14.381][14][debug][router] [source/common/router/router.cc:1700] [Tags: "ConnectionId":"5470","StreamId":"8634055259363668167"] upstream headers complete: end_stream=false
[2026-10-05 07:14:14.381][14][debug][lua] [source/extensions/filters/common/lua/lua.cc:23] script log: completed GET /users/usr-40331 status=200
[2026-10-05 07:14:14.381][14][debug][lua] [source/extensions/filters/common/lua/lua.cc:67] coroutine finished
[2026-10-05 07:14:14.381][14][debug][http] [source/common/http/conn_manager_impl.cc:1948] [Tags: "ConnectionId":"5470","StreamId":"8634055259363668167"] encoding headers via codec (end_stream=false):
':status', '200'
'content-type', 'application/json'
'date', 'Mon, 05 Oct 2026 07:14:14 GMT'
'content-length', '32'
'x-envoy-upstream-service-time', '0'
'server', 'envoy'

[2026-10-05 07:14:14.381][14][debug][client] [source/common/http/codec_client.cc:137] [Tags: "ConnectionId":"23"] response complete
[2026-10-05 07:14:14.381][14][debug][router] [source/common/router/router.cc:1153] Executing cleanup(): resetting retry_state_ and disabling timers
[2026-10-05 07:14:14.381][14][debug][http] [source/common/http/conn_manager_impl.cc:2063] [Tags: "ConnectionId":"5470","StreamId":"8634055259363668167"] Codec completed encoding stream.
[2026-10-05 07:14:14.381][14][debug][router] [source/common/router/router.cc:1153] Executing cleanup(): resetting retry_state_ and disabling timers
[2026-10-05 07:14:14.381][14][debug][pool] [source/common/http/http1/conn_pool.cc:61] [Tags: "ConnectionId":"23"] response complete
[2026-10-05 07:14:14.381][14][debug][pool] [source/common/conn_pool/conn_pool_base.cc:282] [Tags: "ConnectionId":"23"] destroying stream: 0 active remaining, readyForStream false, currentUnusedCapacity 1
[2026-10-05 07:14:14.381][14][debug][router] [source/common/router/router.cc:1700] [Tags: "ConnectionId":"5515","StreamId":"12267485450789838898"] upstream headers complete: end_stream=false
[2026-10-05 07:14:14.381][14][debug][lua] [source/extensions/filters/common/lua/lua.cc:23] script log: completed PUT /order/ord-46118 status=200
[2026-10-05 07:14:14.381][14][debug][lua] [source/extensions/filters/common/lua/lua.cc:67] coroutine finished
[2026-10-05 07:14:14.381][14][debug][http] [source/common/http/conn_manager_impl.cc:1948] [Tags: "ConnectionId":"5515","StreamId":"12267485450789838898"] encoding headers via codec (end_stream=false):
':status', '200'
'content-type', 'application/json'
'date', 'Mon, 05 Oct 2026 07:14:14 GMT'
'content-length', '37'
'x-envoy-upstream-service-time', '0'
'server', 'envoy'

[2026-10-05 07:14:14.381][14][debug][client] [source/common/http/codec_client.cc:137] [Tags: "ConnectionId":"1746"] response complete
[2026-10-05 07:14:14.381][14][debug][router] [source/common/router/router.cc:1153] Executing cleanup(): resetting retry_state_ and disabling timers
[2026-10-05 07:14:14.381][14][debug][http] [source/common/http/conn_manager_impl.cc:2063] [Tags: "ConnectionId":"5515","StreamId":"12267485450789838898"] Codec completed encoding stream.
[2026-10-05 07:14:14.381][14][debug][router] [source/common/router/router.cc:1153] Executing cleanup(): resetting retry_state_ and disabling timers
[2026-10-05 07:14:14.381][14][debug][pool] [source/common/http/http1/conn_pool.cc:61] [Tags: "ConnectionId":"1746"] response complete
[2026-10-05 07:14:14.381][14][debug][pool] [source/common/conn_pool/conn_pool_base.cc:282] [Tags: "ConnectionId":"1746"] destroying stream: 0 active remaining, readyForStream false, currentUnusedCapacity 1
[2026-10-05 07:14:14.381][14][debug][http] [source/common/http/conn_manager_impl.cc:394] [Tags: "ConnectionId":"5531"] new stream
[2026-10-05 07:14:14.381][14][debug][http] [source/common/http/conn_manager_impl.cc:1291] [Tags: "ConnectionId":"5531","StreamId":"8471304210229359942"] request headers complete (end_stream=false):
':authority', 'envoy:10000'
':path', '/booking'
':method', 'POST'
'user-agent', 'Go-http-client/1.1'
'content-length', '58'
'content-type', 'application/json'

[2026-10-05 07:14:14.381][14][debug][connection] [./source/common/network/connection_impl.h:101] [Tags: "ConnectionId":"5531"] current connecting state: false
[2026-10-05 07:14:14.381][14][info][lua] [source/extensions/filters/common/lua/lua.cc:26] script log: accepted POST /booking
[2026-10-05 07:14:14.381][14][debug][lua] [source/extensions/filters/common/lua/lua.cc:67] coroutine finished
[2026-10-05 07:14:14.381][14][debug][router] [source/common/router/router.cc:537] [Tags: "ConnectionId":"5531","StreamId":"8471304210229359942"] cluster 'booking' match for URL '/booking'
[2026-10-05 07:14:14.381][14][debug][router] [source/common/router/router.cc:812] [Tags: "ConnectionId":"5531","StreamId":"8471304210229359942"] router decoding headers:
':authority', 'envoy:10000'
':path', '/booking'
':method', 'POST'
':scheme', 'http'
'user-agent', 'Go-http-client/1.1'
'content-length', '58'
'content-type', 'application/json'
'x-forwarded-proto', 'http'
'x-request-id', '825a0c65-1f39-4311-9565-9a5708cb2233'
'x-envoy-expected-rq-timeout-ms', '3000'

[2026-10-05 07:14:14.381][14][debug][pool] [source/common/conn_pool/conn_pool_base.cc:330] [Tags: "ConnectionId":"1748"] using existing fully connected connection
[2026-10-05 07:14:14.381][14][debug][pool] [source/common/conn_pool/conn_pool_base.cc:247] [Tags: "ConnectionId":"1748"] creating stream
[2026-10-05 07:14:14.381][14][debug][router] [source/common/router/upstream_request.cc:606] [Tags: "ConnectionId":"5531","StreamId":"8471304210229359942"] pool ready
[2026-10-05 07:14:14.381][14][debug][router] [source/common/router/router.cc:993] [Tags: "ConnectionId":"5531","StreamId":"8471304210229359942"] router decoding data: 58
[2026-10-05 07:14:14.381][14][debug][http] [source/common/http/conn_manager_impl.cc:1274] [Tags: "ConnectionId":"5531","StreamId":"8471304210229359942"] request end stream timestamp recorded
[2026-10-05 07:14:14.381][14][debug][router] [source/common/router/router.cc:993] [Tags: "ConnectionId":"5531","StreamId":"8471304210229359942"] router decoding data: 0
[2026-10-05 07:14:14.381][14][debug][client] [source/common/http/codec_client.cc:150] [Tags: "ConnectionId":"1748"] encode complete
[2026-10-05 07:14:14.381][14][debug][router] [source/common/router/router.cc:1700] [Tags: "ConnectionId":"5523","StreamId":"3158168066810989334"] upstream headers complete: end_stream=false
[2026-10-05 07:14:14.381][14][debug][lua] [source/extensions/filters/common/lua/lua.cc:23] script log: completed POST /booking status=200
[2026-10-05 07:14:14.381][14][debug][lua] [source/extensions/filters/common/lua/lua.cc:67] coroutine finished
[2026-10-05 07:14:14.381][14][debug][http] [source/common/http/conn_manager_impl.cc:1948] [Tags: "ConnectionId":"5523","StreamId":"3158168066810989334"] encoding headers via codec (end_stream=false):
':status', '200'
'content-type', 'application/json'
'date', 'Mon, 05 Oct 2026 07:14:14 GMT'
'content-length', '15'
'x-envoy-upstream-service-time', '0'
'server', 'envoy'

[2026-10-05 07:14:14.381][14][debug][client] [source/common/http/codec_client.cc:137] [Tags: "ConnectionId":"19"] response complete
[2026-10-05 07:14:14.381][14][debug][router] [source/common/router/router.cc:1153] Executing cleanup(): resetting retry_state_ and disabling timers
[2026-10-05 07:14:14.381][14][debug][http] [source/common/http/conn_manager_impl.cc:2063] [Tags: "ConnectionId":"5523","StreamId":"3158168066810989334"] Codec completed encoding stream.
[2026-10-05 07:14:14.381][14][debug][router] [source/common/router/router.cc:1153] Executing cleanup(): resetting retry_state_ and disabling timers
[2026-10-05 07:14:14.381][14][debug][pool] [source/common/http/http1/conn_pool.cc:61] [Tags: "ConnectionId":"19"] response complete
[2026-10-05 07:14:14.381][14][debug][pool] [source/common/conn_pool/conn_pool_base.cc:282] [Tags: "ConnectionId":"19"] destroying stream: 0 active remaining, readyForStream false, currentUnusedCapacity 1
[2026-10-05 07:14:14.381][14][debug][router] [source/common/router/router.cc:1700] [Tags: "ConnectionId":"5508","StreamId":"5665780352030420446"] upstream headers complete: end_stream=false
[2026-10-05 07:14:14.382][14][debug][lua] [source/extensions/filters/common/lua/lua.cc:23] script log: completed GET /payments/pay-94380 status=200
[2026-10-05 07:14:14.382][14][debug][lua] [source/extensions/filters/common/lua/lua.cc:67] coroutine finished
[2026-10-05 07:14:14.382][14][debug][http] [source/common/http/conn_manager_impl.cc:1948] [Tags: "ConnectionId":"5508","StreamId":"5665780352030420446"] encoding headers via codec (end_stream=false):
':status', '200'
'content-type', 'application/json'
'date', 'Mon, 05 Oct 2026 07:14:14 GMT'
'content-length', '32'
'x-envoy-upstream-service-time', '0'
'server', 'envoy'

[2026-10-05 07:14:14.382][14][debug][client] [source/common/http/codec_client.cc:137] [Tags: "ConnectionId":"1749"] response complete
[2026-10-05 07:14:14.382][14][debug][router] [source/common/router/router.cc:1153] Executing cleanup(): resetting retry_state_ and disabling timers
[2026-10-05 07:14:14.382][14][debug][http] [source/common/http/conn_manager_impl.cc:2063] [Tags: "ConnectionId":"5508","StreamId":"5665780352030420446"] Codec completed encoding stream.
[2026-10-05 07:14:14.382][14][debug][router] [source/common/router/router.cc:1153] Executing cleanup(): resetting retry_state_ and disabling timers
[2026-10-05 07:14:14.382][14][debug][pool] [source/common/http/http1/conn_pool.cc:61] [Tags: "ConnectionId":"1749"] response complete
[2026-10-05 07:14:14.382][14][debug][pool] [source/common/conn_pool/conn_pool_base.cc:282] [Tags: "ConnectionId":"1749"] destroying stream: 0 active remaining, readyForStream false, currentUnusedCapacity 1
[2026-10-05 07:14:14.382][14][debug][router] [source/common/router/router.cc:1700] [Tags: "ConnectionId":"5527","StreamId":"13187514998947891440"] upstream headers complete: end_stream=false
[2026-10-05 07:14:14.382][14][debug][lua] [source/extensions/filters/common/lua/lua.cc:23] script log: completed GET /payments/pay-64381 status=200
[2026-10-05 07:14:14.382][14][debug][lua] [source/extensions/filters/common/lua/lua.cc:67] coroutine finished
[2026-10-05 07:14:14.382][14][debug][http] [source/common/http/conn_manager_impl.cc:1948] [Tags: "ConnectionId":"5527","StreamId":"13187514998947891440"] encoding headers via codec (end_stream=false):
':status', '200'
'content-type', 'application/json'
'date', 'Mon, 05 Oct 2026 07:14:14 GMT'
'content-length', '32'
'x-envoy-upstream-service-time', '1'
'server', 'envoy'

[2026-10-05 07:14:14.382][14][debug][client] [source/common/http/codec_client.cc:137] [Tags: "ConnectionId":"21"] response complete
[2026-10-05 07:14:14.382][14][debug][router] [source/common/router/router.cc:1153] Executing cleanup(): resetting retry_state_ and disabling timers
[2026-10-05 07:14:14.382][14][debug][http] [source/common/http/conn_manager_impl.cc:2063] [Tags: "ConnectionId":"5527","StreamId":"13187514998947891440"] Codec completed encoding stream.
[2026-10-05 07:14:14.382][14][debug][router] [source/common/router/router.cc:1153] Executing cleanup(): resetting retry_state_ and disabling timers
[2026-10-05 07:14:14.382][14][debug][pool] [source/common/http/http1/conn_pool.cc:61] [Tags: "ConnectionId":"21"] response complete
[2026-10-05 07:14:14.382][14][debug][pool] [source/common/conn_pool/conn_pool_base.cc:282] [Tags: "ConnectionId":"21"] destroying stream: 0 active remaining, readyForStream false, currentUnusedCapacity 1
[2026-10-05 07:14:14.382][14][debug][router] [source/common/router/router.cc:1700] [Tags: "ConnectionId":"5529","StreamId":"16612770079616905763"] upstream headers complete: end_stream=false
[2026-10-05 07:14:14.382][14][debug][lua] [source/extensions/filters/common/lua/lua.cc:23] script log: completed GET /bookings/bk-81144 status=200
[2026-10-05 07:14:14.382][14][debug][lua] [source/extensions/filters/common/lua/lua.cc:67] coroutine finished
[2026-10-05 07:14:14.382][14][debug][http] [source/common/http/conn_manager_impl.cc:1948] [Tags: "ConnectionId":"5529","StreamId":"16612770079616905763"] encoding headers via codec (end_stream=false):
':status', '200'
'content-type', 'application/json'
'date', 'Mon, 05 Oct 2026 07:14:14 GMT'
'content-length', '31'
'x-envoy-upstream-service-time', '1'
'server', 'envoy'

[2026-10-05 07:14:14.382][14][debug][client] [source/common/http/codec_client.cc:137] [Tags: "ConnectionId":"17"] response complete
[2026-10-05 07:14:14.382][14][debug][router] [source/common/router/router.cc:1153] Executing cleanup(): resetting retry_state_ and disabling timers
[2026-10-05 07:14:14.382][14][debug][http] [source/common/http/conn_manager_impl.cc:2063] [Tags: "ConnectionId":"5529","StreamId":"16612770079616905763"] Codec completed encoding stream.
[2026-10-05 07:14:14.382][14][debug][router] [source/common/router/router.cc:1153] Executing cleanup(): resetting retry_state_ and disabling timers
[2026-10-05 07:14:14.382][14][debug][pool] [source/common/http/http1/conn_pool.cc:61] [Tags: "ConnectionId":"17"] response complete
[2026-10-05 07:14:14.382][14][debug][pool] [source/common/conn_pool/conn_pool_base.cc:282] [Tags: "ConnectionId":"17"] destroying stream: 0 active remaining, readyForStream false, currentUnusedCapacity 1
[2026-10-05 07:14:14.382][14][debug][http] [source/common/http/conn_manager_impl.cc:394] [Tags: "ConnectionId":"5515"] new stream
[2026-10-05 07:14:14.382][14][debug][http] [source/common/http/conn_manager_impl.cc:1291] [Tags: "ConnectionId":"5515","StreamId":"7433905948938260267"] request headers complete (end_stream=false):
':authority', 'envoy:10000'
':path', '/foods/data'
':method', 'POST'
'user-agent', 'Go-http-client/1.1'
'content-length', '26'
'content-type', 'application/json'

[2026-10-05 07:14:14.382][14][debug][connection] [./source/common/network/connection_impl.h:101] [Tags: "ConnectionId":"5515"] current connecting state: false
[2026-10-05 07:14:14.382][14][info][lua] [source/extensions/filters/common/lua/lua.cc:26] script log: accepted POST /foods/data
[2026-10-05 07:14:14.382][14][debug][lua] [source/extensions/filters/common/lua/lua.cc:67] coroutine finished
[2026-10-05 07:14:14.382][14][debug][router] [source/common/router/router.cc:537] [Tags: "ConnectionId":"5515","StreamId":"7433905948938260267"] cluster 'foods' match for URL '/foods/data'
[2026-10-05 07:14:14.382][14][debug][router] [source/common/router/router.cc:812] [Tags: "ConnectionId":"5515","StreamId":"7433905948938260267"] router decoding headers:
':authority', 'envoy:10000'
':path', '/foods/data'
':method', 'POST'
':scheme', 'http'
'user-agent', 'Go-http-client/1.1'
'content-length', '26'
'content-type', 'application/json'
'x-forwarded-proto', 'http'
'x-request-id', 'c63c6e47-32eb-4894-be2f-c3b0939b8a59'
'x-envoy-expected-rq-timeout-ms', '3000'

[2026-10-05 07:14:14.382][14][debug][pool] [source/common/conn_pool/conn_pool_base.cc:330] [Tags: "ConnectionId":"1751"] using existing fully connected connection
[2026-10-05 07:14:14.382][14][debug][pool] [source/common/conn_pool/conn_pool_base.cc:247] [Tags: "ConnectionId":"1751"] creating stream
[2026-10-05 07:14:14.382][14][debug][router] [source/common/router/upstream_request.cc:606] [Tags: "ConnectionId":"5515","StreamId":"7433905948938260267"] pool ready
[2026-10-05 07:14:14.382][14][debug][router] [source/common/router/router.cc:993] [Tags: "ConnectionId":"5515","StreamId":"7433905948938260267"] router decoding data: 26
[2026-10-05 07:14:14.382][14][debug][http] [source/common/http/conn_manager_impl.cc:1274] [Tags: "ConnectionId":"5515","StreamId":"7433905948938260267"] request end stream timestamp recorded
[2026-10-05 07:14:14.382][14][debug][router] [source/common/router/router.cc:993] [Tags: "ConnectionId":"5515","StreamId":"7433905948938260267"] router decoding data: 0
[2026-10-05 07:14:14.382][14][debug][client] [source/common/http/codec_client.cc:150] [Tags: "ConnectionId":"1751"] encode complete
[2026-10-05 07:14:14.382][14][debug][router] [source/common/router/router.cc:1700] [Tags: "ConnectionId":"5506","StreamId":"16288023476863801588"] upstream headers complete: end_stream=false
[2026-10-05 07:14:14.382][14][debug][lua] [source/extensions/filters/common/lua/lua.cc:23] script log: completed GET /bookings/bk-67589 status=200
[2026-10-05 07:14:14.382][14][debug][lua] [source/extensions/filters/common/lua/lua.cc:67] coroutine finished
[2026-10-05 07:14:14.382][14][debug][http] [source/common/http/conn_manager_impl.cc:1948] [Tags: "ConnectionId":"5506","StreamId":"16288023476863801588"] encoding headers via codec (end_stream=false):
':status', '200'
'content-type', 'application/json'
'date', 'Mon, 05 Oct 2026 07:14:14 GMT'
'content-length', '31'
'x-envoy-upstream-service-time', '1'
'server', 'envoy'

[2026-10-05 07:14:14.382][14][debug][client] [source/common/http/codec_client.cc:137] [Tags: "ConnectionId":"11"] response complete
[2026-10-05 07:14:14.382][14][debug][router] [source/common/router/router.cc:1153] Executing cleanup(): resetting retry_state_ and disabling timers
[2026-10-05 07:14:14.382][14][debug][http] [source/common/http/conn_manager_impl.cc:2063] [Tags: "ConnectionId":"5506","StreamId":"16288023476863801588"] Codec completed encoding stream.
[2026-10-05 07:14:14.382][14][debug][router] [source/common/router/router.cc:1153] Executing cleanup(): resetting retry_state_ and disabling timers
[2026-10-05 07:14:14.382][14][debug][pool] [source/common/http/http1/conn_pool.cc:61] [Tags: "ConnectionId":"11"] response complete
[2026-10-05 07:14:14.382][14][debug][pool] [source/common/conn_pool/conn_pool_base.cc:282] [Tags: "ConnectionId":"11"] destroying stream: 0 active remaining, readyForStream false, currentUnusedCapacity 1
[2026-10-05 07:14:14.382][14][debug][router] [source/common/router/router.cc:1700] [Tags: "ConnectionId":"5521","StreamId":"16463165345514649071"] upstream headers complete: end_stream=false
[2026-10-05 07:14:14.382][14][debug][lua] [source/extensions/filters/common/lua/lua.cc:23] script log: completed POST /payments status=200
[2026-10-05 07:14:14.382][14][debug][lua] [source/extensions/filters/common/lua/lua.cc:67] coroutine finished
[2026-10-05 07:14:14.382][14][debug][http] [source/common/http/conn_manager_impl.cc:1948] [Tags: "ConnectionId":"5521","StreamId":"16463165345514649071"] encoding headers via codec (end_stream=false):
':status', '200'
'content-type', 'application/json'
'date', 'Mon, 05 Oct 2026 07:14:14 GMT'
'content-length', '15'
'x-envoy-upstream-service-time', '1'
'server', 'envoy'

[2026-10-05 07:14:14.382][14][debug][client] [source/common/http/codec_client.cc:137] [Tags: "ConnectionId":"6"] response complete
[2026-10-05 07:14:14.382][14][debug][router] [source/common/router/router.cc:1153] Executing cleanup(): resetting retry_state_ and disabling timers
[2026-10-05 07:14:14.382][14][debug][http] [source/common/http/conn_manager_impl.cc:2063] [Tags: "ConnectionId":"5521","StreamId":"16463165345514649071"] Codec completed encoding stream.
[2026-10-05 07:14:14.382][14][debug][router] [source/common/router/router.cc:1153] Executing cleanup(): resetting retry_state_ and disabling timers
[2026-10-05 07:14:14.382][14][debug][pool] [source/common/http/http1/conn_pool.cc:61] [Tags: "ConnectionId":"6"] response complete
[2026-10-05 07:14:14.382][14][debug][pool] [source/common/conn_pool/conn_pool_base.cc:282] [Tags: "ConnectionId":"6"] destroying stream: 0 active remaining, readyForStream false, currentUnusedCapacity 1
[2026-10-05 07:14:14.382][14][debug][client] [source/common/http/codec_client.cc:137] [Tags: "ConnectionId":"2"] response complete
[2026-10-05 07:14:14.382][14][debug][router] [source/common/router/router.cc:1700] [Tags: "ConnectionId":"5528","StreamId":"3802821437750820306"] upstream headers complete: end_stream=true
[2026-10-05 07:14:14.382][14][debug][router] [source/common/router/router.cc:1153] Executing cleanup(): resetting retry_state_ and disabling timers
[2026-10-05 07:14:14.382][14][debug][lua] [source/extensions/filters/common/lua/lua.cc:23] script log: completed OPTIONS /bookings status=204
[2026-10-05 07:14:14.382][14][debug][lua] [source/extensions/filters/common/lua/lua.cc:67] coroutine finished
[2026-10-05 07:14:14.382][14][debug][http] [source/common/http/conn_manager_impl.cc:1948] [Tags: "ConnectionId":"5528","StreamId":"3802821437750820306"] encoding headers via codec (end_stream=true):
':status', '204'
'access-control-allow-methods', 'GET, OPTIONS'
'allow', 'GET, OPTIONS'
'date', 'Mon, 05 Oct 2026 07:14:14 GMT'
'x-envoy-upstream-service-time', '1'
'server', 'envoy'

[2026-10-05 07:14:14.382][14][debug][http] [source/common/http/conn_manager_impl.cc:2063] [Tags: "ConnectionId":"5528","StreamId":"3802821437750820306"] Codec completed encoding stream.
[2026-10-05 07:14:14.382][14][debug][router] [source/common/router/router.cc:1153] Executing cleanup(): resetting retry_state_ and disabling timers
[2026-10-05 07:14:14.382][14][debug][pool] [source/common/http/http1/conn_pool.cc:61] [Tags: "ConnectionId":"2"] response complete
[2026-10-05 07:14:14.382][14][debug][pool] [source/common/conn_pool/conn_pool_base.cc:282] [Tags: "ConnectionId":"2"] destroying stream: 0 active remaining, readyForStream false, currentUnusedCapacity 1
[2026-10-05 07:14:14.382][14][debug][router] [source/common/router/router.cc:1700] [Tags: "ConnectionId":"5531","StreamId":"8471304210229359942"] upstream headers complete: end_stream=false
[2026-10-05 07:14:14.382][14][debug][lua] [source/extensions/filters/common/lua/lua.cc:23] script log: completed POST /booking status=200
[2026-10-05 07:14:14.382][14][debug][lua] [source/extensions/filters/common/lua/lua.cc:67] coroutine finished
[2026-10-05 07:14:14.382][14][debug][http] [source/common/http/conn_manager_impl.cc:1948] [Tags: "ConnectionId":"5531","StreamId":"8471304210229359942"] encoding headers via codec (end_stream=false):
':status', '200'
'content-type', 'application/json'
'date', 'Mon, 05 Oct 2026 07:14:14 GMT'
'content-length', '15'
'x-envoy-upstream-service-time', '0'
'server', 'envoy'

[2026-10-05 07:14:14.382][14][debug][client] [source/common/http/codec_client.cc:137] [Tags: "ConnectionId":"1748"] response complete
[2026-10-05 07:14:14.382][14][debug][router] [source/common/router/router.cc:1153] Executing cleanup(): resetting retry_state_ and disabling timers
[2026-10-05 07:14:14.382][14][debug][http] [source/common/http/conn_manager_impl.cc:2063] [Tags: "ConnectionId":"5531","StreamId":"8471304210229359942"] Codec completed encoding stream.
[2026-10-05 07:14:14.382][14][debug][router] [source/common/router/router.cc:1153] Executing cleanup(): resetting retry_state_ and disabling timers
[2026-10-05 07:14:14.382][14][debug][pool] [source/common/http/http1/conn_pool.cc:61] [Tags: "ConnectionId":"1748"] response complete
[2026-10-05 07:14:14.382][14][debug][pool] [source/common/conn_pool/conn_pool_base.cc:282] [Tags: "ConnectionId":"1748"] destroying stream: 0 active remaining, readyForStream false, currentUnusedCapacity 1
[2026-10-05 07:14:14.382][14][debug][http] [source/common/http/conn_manager_impl.cc:394] [Tags: "ConnectionId":"5525"] new stream
[2026-10-05 07:14:14.382][14][debug][http] [source/common/http/conn_manager_impl.cc:1291] [Tags: "ConnectionId":"5525","StreamId":"15796057716911085353"] request headers complete (end_stream=false):
':authority', 'envoy:10000'
':path', '/foods/data'
':method', 'POST'
'user-agent', 'Go-http-client/1.1'
'content-length', '26'
'content-type', 'application/json'

[2026-10-05 07:14:14.382][14][debug][connection] [./source/common/network/connection_impl.h:101] [Tags: "ConnectionId":"5525"] current connecting state: false
[2026-10-05 07:14:14.382][14][info][lua] [source/extensions/filters/common/lua/lua.cc:26] script log: accepted POST /foods/data
[2026-10-05 07:14:14.382][14][debug][lua] [source/extensions/filters/common/lua/lua.cc:67] coroutine finished
[2026-10-05 07:14:14.382][14][debug][router] [source/common/router/router.cc:537] [Tags: "ConnectionId":"5525","StreamId":"15796057716911085353"] cluster 'foods' match for URL '/foods/data'
[2026-10-05 07:14:14.382][14][debug][router] [source/common/router/router.cc:812] [Tags: "ConnectionId":"5525","StreamId":"15796057716911085353"] router decoding headers:
':authority', 'envoy:10000'
':path', '/foods/data'
':method', 'POST'
':scheme', 'http'
'user-agent', 'Go-http-client/1.1'
'content-length', '26'
'content-type', 'application/json'
'x-forwarded-proto', 'http'
'x-request-id', '8793b1f0-11ce-453f-a88d-495ce949d8cf'
'x-envoy-expected-rq-timeout-ms', '3000'

[2026-10-05 07:14:14.382][14][debug][pool] [source/common/conn_pool/conn_pool_base.cc:330] [Tags: "ConnectionId":"1750"] using existing fully connected connection
[2026-10-05 07:14:14.382][14][debug][pool] [source/common/conn_pool/conn_pool_base.cc:247] [Tags: "ConnectionId":"1750"] creating stream
[2026-10-05 07:14:14.382][14][debug][router] [source/common/router/upstream_request.cc:606] [Tags: "ConnectionId":"5525","StreamId":"15796057716911085353"] pool ready
[2026-10-05 07:14:14.382][14][debug][router] [source/common/router/router.cc:993] [Tags: "ConnectionId":"5525","StreamId":"15796057716911085353"] router decoding data: 26
[2026-10-05 07:14:14.382][14][debug][http] [source/common/http/conn_manager_impl.cc:1274] [Tags: "ConnectionId":"5525","StreamId":"15796057716911085353"] request end stream timestamp recorded
[2026-10-05 07:14:14.382][14][debug][router] [source/common/router/router.cc:993] [Tags: "ConnectionId":"5525","StreamId":"15796057716911085353"] router decoding data: 0
[2026-10-05 07:14:14.382][14][debug][client] [source/common/http/codec_client.cc:150] [Tags: "ConnectionId":"1750"] encode complete
[2026-10-05 07:14:14.382][14][debug][http] [source/common/http/conn_manager_impl.cc:394] [Tags: "ConnectionId":"5530"] new stream
[2026-10-05 07:14:14.382][14][debug][http] [source/common/http/conn_manager_impl.cc:1291] [Tags: "ConnectionId":"5530","StreamId":"5032025019750470875"] request headers complete (end_stream=false):
':authority', 'envoy:10000'
':path', '/order/ord-62610'
':method', 'PUT'
'user-agent', 'Go-http-client/1.1'
'content-length', '22'
'content-type', 'application/json'

[2026-10-05 07:14:14.382][14][debug][connection] [./source/common/network/connection_impl.h:101] [Tags: "ConnectionId":"5530"] current connecting state: false
[2026-10-05 07:14:14.382][14][info][lua] [source/extensions/filters/common/lua/lua.cc:26] script log: accepted PUT /order/ord-62610
[2026-10-05 07:14:14.382][14][debug][lua] [source/extensions/filters/common/lua/lua.cc:67] coroutine finished
[2026-10-05 07:14:14.382][14][debug][router] [source/common/router/router.cc:537] [Tags: "ConnectionId":"5530","StreamId":"5032025019750470875"] cluster 'orders' match for URL '/order/ord-62610'
[2026-10-05 07:14:14.382][14][debug][router] [source/common/router/router.cc:812] [Tags: "ConnectionId":"5530","StreamId":"5032025019750470875"] router decoding headers:
':authority', 'envoy:10000'
':path', '/order/ord-62610'
':method', 'PUT'
':scheme', 'http'
'user-agent', 'Go-http-client/1.1'
'content-length', '22'
'content-type', 'application/json'
'x-forwarded-proto', 'http'
'x-request-id', 'dce09dd4-b079-4b59-a278-99100b7fe2ec'
'x-envoy-expected-rq-timeout-ms', '3000'

[2026-10-05 07:14:14.382][14][debug][pool] [source/common/conn_pool/conn_pool_base.cc:330] [Tags: "ConnectionId":"1746"] using existing fully connected connection
[2026-10-05 07:14:14.382][14][debug][pool] [source/common/conn_pool/conn_pool_base.cc:247] [Tags: "ConnectionId":"1746"] creating stream
[2026-10-05 07:14:14.382][14][debug][router] [source/common/router/upstream_request.cc:606] [Tags: "ConnectionId":"5530","StreamId":"5032025019750470875"] pool ready
[2026-10-05 07:14:14.382][14][debug][router] [source/common/router/router.cc:993] [Tags: "ConnectionId":"5530","StreamId":"5032025019750470875"] router decoding data: 22
[2026-10-05 07:14:14.382][14][debug][http] [source/common/http/conn_manager_impl.cc:1274] [Tags: "ConnectionId":"5530","StreamId":"5032025019750470875"] request end stream timestamp recorded
[2026-10-05 07:14:14.382][14][debug][router] [source/common/router/router.cc:993] [Tags: "ConnectionId":"5530","StreamId":"5032025019750470875"] router decoding data: 0
[2026-10-05 07:14:14.382][14][debug][client] [source/common/http/codec_client.cc:150] [Tags: "ConnectionId":"1746"] encode complete
[2026-10-05 07:14:14.382][14][debug][http] [source/common/http/conn_manager_impl.cc:394] [Tags: "ConnectionId":"5526"] new stream
[2026-10-05 07:14:14.382][14][debug][http] [source/common/http/conn_manager_impl.cc:1291] [Tags: "ConnectionId":"5526","StreamId":"1310472631489373706"] request headers complete (end_stream=true):
':authority', 'envoy:10000'
':path', '/bookings'
':method', 'OPTIONS'
'user-agent', 'Go-http-client/1.1'

[2026-10-05 07:14:14.382][14][debug][http] [source/common/http/conn_manager_impl.cc:1274] [Tags: "ConnectionId":"5526","StreamId":"1310472631489373706"] request end stream timestamp recorded
[2026-10-05 07:14:14.382][14][debug][connection] [./source/common/network/connection_impl.h:101] [Tags: "ConnectionId":"5526"] current connecting state: false
[2026-10-05 07:14:14.382][14][info][lua] [source/extensions/filters/common/lua/lua.cc:26] script log: accepted OPTIONS /bookings
[2026-10-05 07:14:14.382][14][debug][lua] [source/extensions/filters/common/lua/lua.cc:67] coroutine finished
[2026-10-05 07:14:14.382][14][debug][router] [source/common/router/router.cc:537] [Tags: "ConnectionId":"5526","StreamId":"1310472631489373706"] cluster 'booking' match for URL '/bookings'
[2026-10-05 07:14:14.382][14][debug][router] [source/common/router/router.cc:812] [Tags: "ConnectionId":"5526","StreamId":"1310472631489373706"] router decoding headers:
':authority', 'envoy:10000'
':path', '/bookings'
':method', 'OPTIONS'
':scheme', 'http'
'user-agent', 'Go-http-client/1.1'
'x-forwarded-proto', 'http'
'x-request-id', 'dbf34e29-be31-4ca8-90b8-f59c281d64a6'
'x-envoy-expected-rq-timeout-ms', '3000'

[2026-10-05 07:14:14.382][14][debug][pool] [source/common/conn_pool/conn_pool_base.cc:330] [Tags: "ConnectionId":"1748"] using existing fully connected connection
[2026-10-05 07:14:14.382][14][debug][pool] [source/common/conn_pool/conn_pool_base.cc:247] [Tags: "ConnectionId":"1748"] creating stream
[2026-10-05 07:14:14.382][14][debug][router] [source/common/router/upstream_request.cc:606] [Tags: "ConnectionId":"5526","StreamId":"1310472631489373706"] pool ready
[2026-10-05 07:14:14.382][14][debug][client] [source/common/http/codec_client.cc:150] [Tags: "ConnectionId":"1748"] encode complete
[2026-10-05 07:14:14.382][14][debug][router] [source/common/router/router.cc:1700] [Tags: "ConnectionId":"5515","StreamId":"7433905948938260267"] upstream headers complete: end_stream=false
[2026-10-05 07:14:14.382][14][debug][lua] [source/extensions/filters/common/lua/lua.cc:23] script log: completed POST /foods/data status=200
[2026-10-05 07:14:14.382][14][debug][lua] [source/extensions/filters/common/lua/lua.cc:67] coroutine finished
[2026-10-05 07:14:14.382][14][debug][http] [source/common/http/conn_manager_impl.cc:1948] [Tags: "ConnectionId":"5515","StreamId":"7433905948938260267"] encoding headers via codec (end_stream=false):
':status', '200'
'content-type', 'application/json'
'date', 'Mon, 05 Oct 2026 07:14:14 GMT'
'content-length', '15'
'x-envoy-upstream-service-time', '0'
'server', 'envoy'

[2026-10-05 07:14:14.382][14][debug][client] [source/common/http/codec_client.cc:137] [Tags: "ConnectionId":"1751"] response complete
[2026-10-05 07:14:14.382][14][debug][router] [source/common/router/router.cc:1153] Executing cleanup(): resetting retry_state_ and disabling timers
[2026-10-05 07:14:14.382][14][debug][http] [source/common/http/conn_manager_impl.cc:2063] [Tags: "ConnectionId":"5515","StreamId":"7433905948938260267"] Codec completed encoding stream.
[2026-10-05 07:14:14.382][14][debug][router] [source/common/router/router.cc:1153] Executing cleanup(): resetting retry_state_ and disabling timers
[2026-10-05 07:14:14.382][14][debug][pool] [source/common/http/http1/conn_pool.cc:61] [Tags: "ConnectionId":"1751"] response complete
[2026-10-05 07:14:14.382][14][debug][pool] [source/common/conn_pool/conn_pool_base.cc:282] [Tags: "ConnectionId":"1751"] destroying stream: 0 active remaining, readyForStream false, currentUnusedCapacity 1
[2026-10-05 07:14:14.382][14][debug][http] [source/common/http/conn_manager_impl.cc:394] [Tags: "ConnectionId":"5531"] new stream
[2026-10-05 07:14:14.382][14][debug][http] [source/common/http/conn_manager_impl.cc:1291] [Tags: "ConnectionId":"5531","StreamId":"8451156963398616993"] request headers complete (end_stream=false):
':authority', 'envoy:10000'
':path', '/payments'
':method', 'POST'
'user-agent', 'Go-http-client/1.1'
'content-length', '57'
'content-type', 'application/json'

[2026-10-05 07:14:14.382][14][debug][connection] [./source/common/network/connection_impl.h:101] [Tags: "ConnectionId":"5531"] current connecting state: false
[2026-10-05 07:14:14.382][14][info][lua] [source/extensions/filters/common/lua/lua.cc:26] script log: accepted POST /payments
[2026-10-05 07:14:14.382][14][debug][lua] [source/extensions/filters/common/lua/lua.cc:67] coroutine finished
[2026-10-05 07:14:14.382][14][debug][router] [source/common/router/router.cc:537] [Tags: "ConnectionId":"5531","StreamId":"8451156963398616993"] cluster 'payments' match for URL '/payments'
[2026-10-05 07:14:14.382][14][debug][router] [source/common/router/router.cc:812] [Tags: "ConnectionId":"5531","StreamId":"8451156963398616993"] router decoding headers:
':authority', 'envoy:10000'
':path', '/payments'
':method', 'POST'
':scheme', 'http'
'user-agent', 'Go-http-client/1.1'
'content-length', '57'
'content-type', 'application/json'
'x-forwarded-proto', 'http'
'x-request-id', '0bd66925-5673-462c-9071-7f63d8e02f69'
'x-envoy-expected-rq-timeout-ms', '3000'

[2026-10-05 07:14:14.382][14][debug][pool] [source/common/conn_pool/conn_pool_base.cc:330] [Tags: "ConnectionId":"6"] using existing fully connected connection
[2026-10-05 07:14:14.382][14][debug][pool] [source/common/conn_pool/conn_pool_base.cc:247] [Tags: "ConnectionId":"6"] creating stream
[2026-10-05 07:14:14.382][14][debug][router] [source/common/router/upstream_request.cc:606] [Tags: "ConnectionId":"5531","StreamId":"8451156963398616993"] pool ready
[2026-10-05 07:14:14.382][14][debug][router] [source/common/router/router.cc:993] [Tags: "ConnectionId":"5531","StreamId":"8451156963398616993"] router decoding data: 57
[2026-10-05 07:14:14.382][14][debug][http] [source/common/http/conn_manager_impl.cc:1274] [Tags: "ConnectionId":"5531","StreamId":"8451156963398616993"] request end stream timestamp recorded
[2026-10-05 07:14:14.382][14][debug][router] [source/common/router/router.cc:993] [Tags: "ConnectionId":"5531","StreamId":"8451156963398616993"] router decoding data: 0
[2026-10-05 07:14:14.382][14][debug][client] [source/common/http/codec_client.cc:150] [Tags: "ConnectionId":"6"] encode complete
[2026-10-05 07:14:14.382][14][debug][http] [source/common/http/conn_manager_impl.cc:394] [Tags: "ConnectionId":"5508"] new stream
[2026-10-05 07:14:14.382][14][debug][http] [source/common/http/conn_manager_impl.cc:1291] [Tags: "ConnectionId":"5508","StreamId":"18435180272770092098"] request headers complete (end_stream=true):
':authority', 'envoy:10000'
':path', '/users/usr-40514'
':method', 'GET'
'user-agent', 'Go-http-client/1.1'

[2026-10-05 07:14:14.382][14][debug][http] [source/common/http/conn_manager_impl.cc:1274] [Tags: "ConnectionId":"5508","StreamId":"18435180272770092098"] request end stream timestamp recorded
[2026-10-05 07:14:14.382][14][debug][connection] [./source/common/network/connection_impl.h:101] [Tags: "ConnectionId":"5508"] current connecting state: false
[2026-10-05 07:14:14.382][14][info][lua] [source/extensions/filters/common/lua/lua.cc:26] script log: accepted GET /users/usr-40514
[2026-10-05 07:14:14.382][14][debug][lua] [source/extensions/filters/common/lua/lua.cc:67] coroutine finished
[2026-10-05 07:14:14.382][14][debug][router] [source/common/router/router.cc:537] [Tags: "ConnectionId":"5508","StreamId":"18435180272770092098"] cluster 'users' match for URL '/users/usr-40514'
[2026-10-05 07:14:14.382][14][debug][router] [source/common/router/router.cc:812] [Tags: "ConnectionId":"5508","StreamId":"18435180272770092098"] router decoding headers:
':authority', 'envoy:10000'
':path', '/users/usr-40514'
':method', 'GET'
':scheme', 'http'
'user-agent', 'Go-http-client/1.1'
'x-forwarded-proto', 'http'
'x-request-id', '8cab5a5c-9e7d-499f-80d7-eeb722ce34ef'
'x-envoy-expected-rq-timeout-ms', '3000'

[2026-10-05 07:14:14.382][14][debug][pool] [source/common/conn_pool/conn_pool_base.cc:330] [Tags: "ConnectionId":"23"] using existing fully connected connection
[2026-10-05 07:14:14.382][14][debug][pool] [source/common/conn_pool/conn_pool_base.cc:247] [Tags: "ConnectionId":"23"] creating stream
[2026-10-05 07:14:14.382][14][debug][router] [source/common/router/upstream_request.cc:606] [Tags: "ConnectionId":"5508","StreamId":"18435180272770092098"] pool ready
[2026-10-05 07:14:14.382][14][debug][client] [source/common/http/codec_client.cc:150] [Tags: "ConnectionId":"23"] encode complete
[2026-10-05 07:14:14.383][14][debug][client] [source/common/http/codec_client.cc:137] [Tags: "ConnectionId":"1748"] response complete
[2026-10-05 07:14:14.383][14][debug][router] [source/common/router/router.cc:1700] [Tags: "ConnectionId":"5526","StreamId":"1310472631489373706"] upstream headers complete: end_stream=true
[2026-10-05 07:14:14.383][14][debug][router] [source/common/router/router.cc:1153] Executing cleanup(): resetting retry_state_ and disabling timers
[2026-10-05 07:14:14.383][14][debug][lua] [source/extensions/filters/common/lua/lua.cc:23] script log: completed OPTIONS /bookings status=204
[2026-10-05 07:14:14.383][14][debug][lua] [source/extensions/filters/common/lua/lua.cc:67] coroutine finished
[2026-10-05 07:14:14.383][14][debug][http] [source/common/http/conn_manager_impl.cc:1948] [Tags: "ConnectionId":"5526","StreamId":"1310472631489373706"] encoding headers via codec (end_stream=true):
':status', '204'
'access-control-allow-methods', 'GET, OPTIONS'
'allow', 'GET, OPTIONS'
'date', 'Mon, 05 Oct 2026 07:14:14 GMT'
'x-envoy-upstream-service-time', '0'
'server', 'envoy'

[2026-10-05 07:14:14.383][14][debug][http] [source/common/http/conn_manager_impl.cc:2063] [Tags: "ConnectionId":"5526","StreamId":"1310472631489373706"] Codec completed encoding stream.
[2026-10-05 07:14:14.383][14][debug][router] [source/common/router/router.cc:1153] Executing cleanup(): resetting retry_state_ and disabling timers
[2026-10-05 07:14:14.383][14][debug][pool] [source/common/http/http1/conn_pool.cc:61] [Tags: "ConnectionId":"1748"] response complete
[2026-10-05 07:14:14.383][14][debug][pool] [source/common/conn_pool/conn_pool_base.cc:282] [Tags: "ConnectionId":"1748"] destroying stream: 0 active remaining, readyForStream false, currentUnusedCapacity 1
[2026-10-05 07:14:14.383][14][debug][router] [source/common/router/router.cc:1700] [Tags: "ConnectionId":"5525","StreamId":"15796057716911085353"] upstream headers complete: end_stream=false
[2026-10-05 07:14:14.383][14][debug][lua] [source/extensions/filters/common/lua/lua.cc:23] script log: completed POST /foods/data status=200
[2026-10-05 07:14:14.383][14][debug][lua] [source/extensions/filters/common/lua/lua.cc:67] coroutine finished
[2026-10-05 07:14:14.383][14][debug][http] [source/common/http/conn_manager_impl.cc:1948] [Tags: "ConnectionId":"5525","StreamId":"15796057716911085353"] encoding headers via codec (end_stream=false):
':status', '200'
'content-type', 'application/json'
'date', 'Mon, 05 Oct 2026 07:14:14 GMT'
'content-length', '15'
'x-envoy-upstream-service-time', '0'
'server', 'envoy'

[2026-10-05 07:14:14.383][14][debug][client] [source/common/http/codec_client.cc:137] [Tags: "ConnectionId":"1750"] response complete
[2026-10-05 07:14:14.383][14][debug][router] [source/common/router/router.cc:1153] Executing cleanup(): resetting retry_state_ and disabling timers
[2026-10-05 07:14:14.383][14][debug][http] [source/common/http/conn_manager_impl.cc:2063] [Tags: "ConnectionId":"5525","StreamId":"15796057716911085353"] Codec completed encoding stream.
[2026-10-05 07:14:14.383][14][debug][router] [source/common/router/router.cc:1153] Executing cleanup(): resetting retry_state_ and disabling timers
[2026-10-05 07:14:14.383][14][debug][pool] [source/common/http/http1/conn_pool.cc:61] [Tags: "ConnectionId":"1750"] response complete
[2026-10-05 07:14:14.383][14][debug][pool] [source/common/conn_pool/conn_pool_base.cc:282] [Tags: "ConnectionId":"1750"] destroying stream: 0 active remaining, readyForStream false, currentUnusedCapacity 1
[2026-10-05 07:14:14.383][14][debug][router] [source/common/router/router.cc:1700] [Tags: "ConnectionId":"5531","StreamId":"8451156963398616993"] upstream headers complete: end_stream=false
[2026-10-05 07:14:14.383][14][debug][lua] [source/extensions/filters/common/lua/lua.cc:23] script log: completed POST /payments status=200
[2026-10-05 07:14:14.383][14][debug][lua] [source/extensions/filters/common/lua/lua.cc:67] coroutine finished
[2026-10-05 07:14:14.383][14][debug][http] [source/common/http/conn_manager_impl.cc:1948] [Tags: "ConnectionId":"5531","StreamId":"8451156963398616993"] encoding headers via codec (end_stream=false):
':status', '200'
'content-type', 'application/json'
'date', 'Mon, 05 Oct 2026 07:14:14 GMT'
'content-length', '15'
'x-envoy-upstream-service-time', '0'
'server', 'envoy'

[2026-10-05 07:14:14.383][14][debug][client] [source/common/http/codec_client.cc:137] [Tags: "ConnectionId":"6"] response complete
[2026-10-05 07:14:14.383][14][debug][router] [source/common/router/router.cc:1153] Executing cleanup(): resetting retry_state_ and disabling timers
[2026-10-05 07:14:14.383][14][debug][http] [source/common/http/conn_manager_impl.cc:2063] [Tags: "ConnectionId":"5531","StreamId":"8451156963398616993"] Codec completed encoding stream.
[2026-10-05 07:14:14.383][14][debug][router] [source/common/router/router.cc:1153] Executing cleanup(): resetting retry_state_ and disabling timers
[2026-10-05 07:14:14.383][14][debug][pool] [source/common/http/http1/conn_pool.cc:61] [Tags: "ConnectionId":"6"] response complete
[2026-10-05 07:14:14.383][14][debug][pool] [source/common/conn_pool/conn_pool_base.cc:282] [Tags: "ConnectionId":"6"] destroying stream: 0 active remaining, readyForStream false, currentUnusedCapacity 1
[2026-10-05 07:14:14.383][14][debug][router] [source/common/router/router.cc:1700] [Tags: "ConnectionId":"5508","StreamId":"18435180272770092098"] upstream headers complete: end_stream=false
[2026-10-05 07:14:14.383][14][debug][lua] [source/extensions/filters/common/lua/lua.cc:23] script log: completed GET /users/usr-40514 status=200
[2026-10-05 07:14:14.383][14][debug][lua] [source/extensions/filters/common/lua/lua.cc:67] coroutine finished
[2026-10-05 07:14:14.383][14][debug][http] [source/common/http/conn_manager_impl.cc:1948] [Tags: "ConnectionId":"5508","StreamId":"18435180272770092098"] encoding headers via codec (end_stream=false):
':status', '200'
'content-type', 'application/json'
'date', 'Mon, 05 Oct 2026 07:14:14 GMT'
'content-length', '32'
'x-envoy-upstream-service-time', '0'
'server', 'envoy'

[2026-10-05 07:14:14.384][14][debug][client] [source/common/http/codec_client.cc:137] [Tags: "ConnectionId":"23"] response complete
[2026-10-05 07:14:14.384][14][debug][router] [source/common/router/router.cc:1153] Executing cleanup(): resetting retry_state_ and disabling timers
[2026-10-05 07:14:14.384][14][debug][http] [source/common/http/conn_manager_impl.cc:2063] [Tags: "ConnectionId":"5508","StreamId":"18435180272770092098"] Codec completed encoding stream.
[2026-10-05 07:14:14.384][14][debug][router] [source/common/router/router.cc:1153] Executing cleanup(): resetting retry_state_ and disabling timers
[2026-10-05 07:14:14.384][14][debug][pool] [source/common/http/http1/conn_pool.cc:61] [Tags: "ConnectionId":"23"] response complete
[2026-10-05 07:14:14.384][14][debug][pool] [source/common/conn_pool/conn_pool_base.cc:282] [Tags: "ConnectionId":"23"] destroying stream: 0 active remaining, readyForStream false, currentUnusedCapacity 1
[2026-10-05 07:14:14.384][14][debug][router] [source/common/router/router.cc:1700] [Tags: "ConnectionId":"5530","StreamId":"5032025019750470875"] upstream headers complete: end_stream=false
[2026-10-05 07:14:14.384][14][debug][lua] [source/extensions/filters/common/lua/lua.cc:23] script log: completed PUT /order/ord-62610 status=200
[2026-10-05 07:14:14.384][14][debug][lua] [source/extensions/filters/common/lua/lua.cc:67] coroutine finished
[2026-10-05 07:14:14.384][14][debug][http] [source/common/http/conn_manager_impl.cc:1948] [Tags: "ConnectionId":"5530","StreamId":"5032025019750470875"] encoding headers via codec (end_stream=false):
':status', '200'
'content-type', 'application/json'
'date', 'Mon, 05 Oct 2026 07:14:14 GMT'
'content-length', '37'
'x-envoy-upstream-service-time', '1'
'server', 'envoy'

[2026-10-05 07:14:14.384][14][debug][client] [source/common/http/codec_client.cc:137] [Tags: "ConnectionId":"1746"] response complete
[2026-10-05 07:14:14.384][14][debug][router] [source/common/router/router.cc:1153] Executing cleanup(): resetting retry_state_ and disabling timers
[2026-10-05 07:14:14.384][14][debug][http] [source/common/http/conn_manager_impl.cc:2063] [Tags: "ConnectionId":"5530","StreamId":"5032025019750470875"] Codec completed encoding stream.
[2026-10-05 07:14:14.384][14][debug][router] [source/common/router/router.cc:1153] Executing cleanup(): resetting retry_state_ and disabling timers
[2026-10-05 07:14:14.384][14][debug][pool] [source/common/http/http1/conn_pool.cc:61] [Tags: "ConnectionId":"1746"] response complete
[2026-10-05 07:14:14.384][14][debug][pool] [source/common/conn_pool/conn_pool_base.cc:282] [Tags: "ConnectionId":"1746"] destroying stream: 0 active remaining, readyForStream false, currentUnusedCapacity 1
[2026-10-05 07:14:14.389][14][debug][connection] [source/common/network/connection_impl.cc:776] [Tags: "ConnectionId":"5531"] remote close
[2026-10-05 07:14:14.389][14][debug][connection] [source/common/network/connection_impl.cc:316] [Tags: "ConnectionId":"5531"] closing socket: 0
[2026-10-05 07:14:14.389][14][debug][conn_handler] [source/common/listener_manager/active_stream_listener_base.cc:124] [Tags: "ConnectionId":"5531"] adding to cleanup list
[2026-10-05 07:14:14.389][14][debug][connection] [source/common/network/connection_impl.cc:151] [Tags: "ConnectionId":"5531"] Not closing conn, socket is not open
[2026-10-05 07:14:14.389][14][debug][connection] [source/common/network/connection_impl.cc:776] [Tags: "ConnectionId":"5528"] remote close
[2026-10-05 07:14:14.389][14][debug][connection] [source/common/network/connection_impl.cc:316] [Tags: "ConnectionId":"5528"] closing socket: 0
[2026-10-05 07:14:14.389][14][debug][conn_handler] [source/common/listener_manager/active_stream_listener_base.cc:124] [Tags: "ConnectionId":"5528"] adding to cleanup list
[2026-10-05 07:14:14.389][14][debug][connection] [source/common/network/connection_impl.cc:776] [Tags: "ConnectionId":"5527"] remote close
[2026-10-05 07:14:14.389][14][debug][connection] [source/common/network/connection_impl.cc:316] [Tags: "ConnectionId":"5527"] closing socket: 0
[2026-10-05 07:14:14.389][14][debug][conn_handler] [source/common/listener_manager/active_stream_listener_base.cc:124] [Tags: "ConnectionId":"5527"] adding to cleanup list
[2026-10-05 07:14:14.389][14][debug][connection] [source/common/network/connection_impl.cc:776] [Tags: "ConnectionId":"5496"] remote close
[2026-10-05 07:14:14.389][14][debug][connection] [source/common/network/connection_impl.cc:316] [Tags: "ConnectionId":"5496"] closing socket: 0
[2026-10-05 07:14:14.389][14][debug][conn_handler] [source/common/listener_manager/active_stream_listener_base.cc:124] [Tags: "ConnectionId":"5496"] adding to cleanup list
[2026-10-05 07:14:14.389][14][debug][connection] [source/common/network/connection_impl.cc:776] [Tags: "ConnectionId":"5520"] remote close
[2026-10-05 07:14:14.389][14][debug][connection] [source/common/network/connection_impl.cc:316] [Tags: "ConnectionId":"5520"] closing socket: 0
[2026-10-05 07:14:14.389][14][debug][conn_handler] [source/common/listener_manager/active_stream_listener_base.cc:124] [Tags: "ConnectionId":"5520"] adding to cleanup list
[2026-10-05 07:14:14.389][14][debug][connection] [source/common/network/connection_impl.cc:776] [Tags: "ConnectionId":"5515"] remote close
[2026-10-05 07:14:14.389][14][debug][connection] [source/common/network/connection_impl.cc:316] [Tags: "ConnectionId":"5515"] closing socket: 0
[2026-10-05 07:14:14.389][14][debug][conn_handler] [source/common/listener_manager/active_stream_listener_base.cc:124] [Tags: "ConnectionId":"5515"] adding to cleanup list
[2026-10-05 07:14:14.389][14][debug][connection] [source/common/network/connection_impl.cc:776] [Tags: "ConnectionId":"5506"] remote close
[2026-10-05 07:14:14.389][14][debug][connection] [source/common/network/connection_impl.cc:316] [Tags: "ConnectionId":"5506"] closing socket: 0
[2026-10-05 07:14:14.389][14][debug][conn_handler] [source/common/listener_manager/active_stream_listener_base.cc:124] [Tags: "ConnectionId":"5506"] adding to cleanup list
[2026-10-05 07:14:14.389][14][debug][connection] [source/common/network/connection_impl.cc:776] [Tags: "ConnectionId":"5470"] remote close
[2026-10-05 07:14:14.389][14][debug][connection] [source/common/network/connection_impl.cc:316] [Tags: "ConnectionId":"5470"] closing socket: 0
[2026-10-05 07:14:14.389][14][debug][conn_handler] [source/common/listener_manager/active_stream_listener_base.cc:124] [Tags: "ConnectionId":"5470"] adding to cleanup list
[2026-10-05 07:14:14.389][14][debug][connection] [source/common/network/connection_impl.cc:151] [Tags: "ConnectionId":"5528"] Not closing conn, socket is not open
[2026-10-05 07:14:14.389][14][debug][connection] [source/common/network/connection_impl.cc:151] [Tags: "ConnectionId":"5527"] Not closing conn, socket is not open
[2026-10-05 07:14:14.389][14][debug][connection] [source/common/network/connection_impl.cc:151] [Tags: "ConnectionId":"5496"] Not closing conn, socket is not open
[2026-10-05 07:14:14.389][14][debug][connection] [source/common/network/connection_impl.cc:151] [Tags: "ConnectionId":"5520"] Not closing conn, socket is not open
[2026-10-05 07:14:14.389][14][debug][connection] [source/common/network/connection_impl.cc:151] [Tags: "ConnectionId":"5515"] Not closing conn, socket is not open
[2026-10-05 07:14:14.389][14][debug][connection] [source/common/network/connection_impl.cc:151] [Tags: "ConnectionId":"5506"] Not closing conn, socket is not open
[2026-10-05 07:14:14.389][14][debug][connection] [source/common/network/connection_impl.cc:151] [Tags: "ConnectionId":"5470"] Not closing conn, socket is not open
[2026-10-05 07:14:14.389][14][debug][connection] [source/common/network/connection_impl.cc:776] [Tags: "ConnectionId":"5530"] remote close
[2026-10-05 07:14:14.389][14][debug][connection] [source/common/network/connection_impl.cc:316] [Tags: "ConnectionId":"5530"] closing socket: 0
[2026-10-05 07:14:14.389][14][debug][conn_handler] [source/common/listener_manager/active_stream_listener_base.cc:124] [Tags: "ConnectionId":"5530"] adding to cleanup list
[2026-10-05 07:14:14.389][14][debug][connection] [source/common/network/connection_impl.cc:776] [Tags: "ConnectionId":"5523"] remote close
[2026-10-05 07:14:14.389][14][debug][connection] [source/common/network/connection_impl.cc:316] [Tags: "ConnectionId":"5523"] closing socket: 0
[2026-10-05 07:14:14.389][14][debug][conn_handler] [source/common/listener_manager/active_stream_listener_base.cc:124] [Tags: "ConnectionId":"5523"] adding to cleanup list
[2026-10-05 07:14:14.389][14][debug][connection] [source/common/network/connection_impl.cc:776] [Tags: "ConnectionId":"5508"] remote close
[2026-10-05 07:14:14.389][14][debug][connection] [source/common/network/connection_impl.cc:316] [Tags: "ConnectionId":"5508"] closing socket: 0
[2026-10-05 07:14:14.389][14][debug][conn_handler] [source/common/listener_manager/active_stream_listener_base.cc:124] [Tags: "ConnectionId":"5508"] adding to cleanup list
[2026-10-05 07:14:14.389][14][debug][connection] [source/common/network/connection_impl.cc:776] [Tags: "ConnectionId":"5507"] remote close
[2026-10-05 07:14:14.389][14][debug][connection] [source/common/network/connection_impl.cc:316] [Tags: "ConnectionId":"5507"] closing socket: 0
[2026-10-05 07:14:14.389][14][debug][conn_handler] [source/common/listener_manager/active_stream_listener_base.cc:124] [Tags: "ConnectionId":"5507"] adding to cleanup list
[2026-10-05 07:14:14.389][14][debug][connection] [source/common/network/connection_impl.cc:776] [Tags: "ConnectionId":"5521"] remote close
[2026-10-05 07:14:14.389][14][debug][connection] [source/common/network/connection_impl.cc:316] [Tags: "ConnectionId":"5521"] closing socket: 0
[2026-10-05 07:14:14.389][14][debug][conn_handler] [source/common/listener_manager/active_stream_listener_base.cc:124] [Tags: "ConnectionId":"5521"] adding to cleanup list
[2026-10-05 07:14:14.389][14][debug][connection] [source/common/network/connection_impl.cc:776] [Tags: "ConnectionId":"5526"] remote close
[2026-10-05 07:14:14.389][14][debug][connection] [source/common/network/connection_impl.cc:316] [Tags: "ConnectionId":"5526"] closing socket: 0
[2026-10-05 07:14:14.389][14][debug][conn_handler] [source/common/listener_manager/active_stream_listener_base.cc:124] [Tags: "ConnectionId":"5526"] adding to cleanup list
[2026-10-05 07:14:14.389][14][debug][connection] [source/common/network/connection_impl.cc:776] [Tags: "ConnectionId":"5525"] remote close
[2026-10-05 07:14:14.389][14][debug][connection] [source/common/network/connection_impl.cc:316] [Tags: "ConnectionId":"5525"] closing socket: 0
[2026-10-05 07:14:14.389][14][debug][conn_handler] [source/common/listener_manager/active_stream_listener_base.cc:124] [Tags: "ConnectionId":"5525"] adding to cleanup list
[2026-10-05 07:14:14.389][14][debug][connection] [source/common/network/connection_impl.cc:776] [Tags: "ConnectionId":"5529"] remote close
[2026-10-05 07:14:14.389][14][debug][connection] [source/common/network/connection_impl.cc:316] [Tags: "ConnectionId":"5529"] closing socket: 0
[2026-10-05 07:14:14.389][14][debug][conn_handler] [source/common/listener_manager/active_stream_listener_base.cc:124] [Tags: "ConnectionId":"5529"] adding to cleanup list
[2026-10-05 07:14:14.389][14][debug][connection] [source/common/network/connection_impl.cc:151] [Tags: "ConnectionId":"5530"] Not closing conn, socket is not open
[2026-10-05 07:14:14.389][14][debug][connection] [source/common/network/connection_impl.cc:151] [Tags: "ConnectionId":"5523"] Not closing conn, socket is not open
[2026-10-05 07:14:14.389][14][debug][connection] [source/common/network/connection_impl.cc:151] [Tags: "ConnectionId":"5508"] Not closing conn, socket is not open
[2026-10-05 07:14:14.389][14][debug][connection] [source/common/network/connection_impl.cc:151] [Tags: "ConnectionId":"5507"] Not closing conn, socket is not open
[2026-10-05 07:14:14.389][14][debug][connection] [source/common/network/connection_impl.cc:151] [Tags: "ConnectionId":"5521"] Not closing conn, socket is not open
[2026-10-05 07:14:14.389][14][debug][connection] [source/common/network/connection_impl.cc:151] [Tags: "ConnectionId":"5526"] Not closing conn, socket is not open
[2026-10-05 07:14:14.389][14][debug][connection] [source/common/network/connection_impl.cc:151] [Tags: "ConnectionId":"5525"] Not closing conn, socket is not open
[2026-10-05 07:14:14.389][14][debug][connection] [source/common/network/connection_impl.cc:151] [Tags: "ConnectionId":"5529"] Not closing conn, socket is not open
[2026-10-05 07:14:14.507][1][warning][main] [source/server/server.cc:981] caught ENVOY_SIGTERM
[2026-10-05 07:14:14.507][1][info][main] [source/server/server.cc:1122] shutting down server instance
[2026-10-05 07:14:14.507][1][info][main] [source/server/server.cc:1062] main dispatch loop exited
[2026-10-05 07:14:14.507][14][debug][main] [source/server/worker_impl.cc:157] worker exited dispatch loop
[2026-10-05 07:14:14.507][14][debug][grpc] [source/common/grpc/google_async_client_impl.cc:44] Joining completionThread
[2026-10-05 07:14:14.507][15][debug][grpc] [source/common/grpc/google_async_client_impl.cc:77] completionThread exiting
[2026-10-05 07:14:14.508][14][debug][grpc] [source/common/grpc/google_async_client_impl.cc:46] Joined completionThread
[2026-10-05 07:14:14.508][14][debug][upstream] [source/common/upstream/cluster_manager_impl.cc:1754] shutting down thread local cluster manager
[2026-10-05 07:14:14.508][14][debug][connection] [source/common/network/connection_impl.cc:184] [Tags: "ConnectionId":"1746"] closing data_to_write=0 type=1
[2026-10-05 07:14:14.508][14][debug][connection] [source/common/network/connection_impl.cc:316] [Tags: "ConnectionId":"1746"] closing socket: 1
[2026-10-05 07:14:14.508][14][debug][client] [source/common/http/codec_client.cc:115] [Tags: "ConnectionId":"1746"] disconnect. resetting 0 pending requests
[2026-10-05 07:14:14.508][14][debug][pool] [source/common/conn_pool/conn_pool_base.cc:567] [Tags: "ConnectionId":"1746"] client disconnected, failure reason: 
[2026-10-05 07:14:14.508][14][debug][connection] [source/common/network/connection_impl.cc:184] [Tags: "ConnectionId":"13"] closing data_to_write=0 type=1
[2026-10-05 07:14:14.508][14][debug][connection] [source/common/network/connection_impl.cc:316] [Tags: "ConnectionId":"13"] closing socket: 1
[2026-10-05 07:14:14.508][14][debug][client] [source/common/http/codec_client.cc:115] [Tags: "ConnectionId":"13"] disconnect. resetting 0 pending requests
[2026-10-05 07:14:14.508][14][debug][pool] [source/common/conn_pool/conn_pool_base.cc:567] [Tags: "ConnectionId":"13"] client disconnected, failure reason: 
[2026-10-05 07:14:14.508][14][debug][connection] [source/common/network/connection_impl.cc:184] [Tags: "ConnectionId":"1745"] closing data_to_write=0 type=1
[2026-10-05 07:14:14.508][14][debug][connection] [source/common/network/connection_impl.cc:316] [Tags: "ConnectionId":"1745"] closing socket: 1
[2026-10-05 07:14:14.508][14][debug][client] [source/common/http/codec_client.cc:115] [Tags: "ConnectionId":"1745"] disconnect. resetting 0 pending requests
[2026-10-05 07:14:14.508][14][debug][pool] [source/common/conn_pool/conn_pool_base.cc:567] [Tags: "ConnectionId":"1745"] client disconnected, failure reason: 
[2026-10-05 07:14:14.508][14][debug][connection] [source/common/network/connection_impl.cc:184] [Tags: "ConnectionId":"25"] closing data_to_write=0 type=1
[2026-10-05 07:14:14.508][14][debug][connection] [source/common/network/connection_impl.cc:316] [Tags: "ConnectionId":"25"] closing socket: 1
[2026-10-05 07:14:14.508][14][debug][client] [source/common/http/codec_client.cc:115] [Tags: "ConnectionId":"25"] disconnect. resetting 0 pending requests
[2026-10-05 07:14:14.508][14][debug][pool] [source/common/conn_pool/conn_pool_base.cc:567] [Tags: "ConnectionId":"25"] client disconnected, failure reason: 
[2026-10-05 07:14:14.508][14][debug][pool] [source/common/conn_pool/conn_pool_base.cc:535] invoking 1 idle callback(s) - is_draining_for_deletion_=false
[2026-10-05 07:14:14.508][14][debug][connection] [source/common/network/connection_impl.cc:151] [Tags: "ConnectionId":"1746"] Not closing conn, socket is not open
[2026-10-05 07:14:14.508][14][debug][connection] [source/common/network/connection_impl.cc:151] [Tags: "ConnectionId":"1746"] Not closing conn, socket is not open
[2026-10-05 07:14:14.508][14][debug][connection] [source/common/network/connection_impl.cc:151] [Tags: "ConnectionId":"13"] Not closing conn, socket is not open
[2026-10-05 07:14:14.508][14][debug][connection] [source/common/network/connection_impl.cc:151] [Tags: "ConnectionId":"13"] Not closing conn, socket is not open
[2026-10-05 07:14:14.508][14][debug][connection] [source/common/network/connection_impl.cc:151] [Tags: "ConnectionId":"1745"] Not closing conn, socket is not open
[2026-10-05 07:14:14.508][14][debug][connection] [source/common/network/connection_impl.cc:151] [Tags: "ConnectionId":"1745"] Not closing conn, socket is not open
[2026-10-05 07:14:14.508][14][debug][connection] [source/common/network/connection_impl.cc:151] [Tags: "ConnectionId":"25"] Not closing conn, socket is not open
[2026-10-05 07:14:14.508][14][debug][connection] [source/common/network/connection_impl.cc:151] [Tags: "ConnectionId":"25"] Not closing conn, socket is not open
[2026-10-05 07:14:14.508][14][debug][connection] [source/common/network/connection_impl.cc:184] [Tags: "ConnectionId":"1748"] closing data_to_write=0 type=1
[2026-10-05 07:14:14.508][14][debug][connection] [source/common/network/connection_impl.cc:316] [Tags: "ConnectionId":"1748"] closing socket: 1
[2026-10-05 07:14:14.508][14][debug][client] [source/common/http/codec_client.cc:115] [Tags: "ConnectionId":"1748"] disconnect. resetting 0 pending requests
[2026-10-05 07:14:14.508][14][debug][pool] [source/common/conn_pool/conn_pool_base.cc:567] [Tags: "ConnectionId":"1748"] client disconnected, failure reason: 
[2026-10-05 07:14:14.508][14][debug][connection] [source/common/network/connection_impl.cc:184] [Tags: "ConnectionId":"2"] closing data_to_write=0 type=1
[2026-10-05 07:14:14.508][14][debug][connection] [source/common/network/connection_impl.cc:316] [Tags: "ConnectionId":"2"] closing socket: 1
[2026-10-05 07:14:14.508][14][debug][client] [source/common/http/codec_client.cc:115] [Tags: "ConnectionId":"2"] disconnect. resetting 0 pending requests
[2026-10-05 07:14:14.508][14][debug][pool] [source/common/conn_pool/conn_pool_base.cc:567] [Tags: "ConnectionId":"2"] client disconnected, failure reason: 
[2026-10-05 07:14:14.508][14][debug][connection] [source/common/network/connection_impl.cc:184] [Tags: "ConnectionId":"11"] closing data_to_write=0 type=1
[2026-10-05 07:14:14.508][14][debug][connection] [source/common/network/connection_impl.cc:316] [Tags: "ConnectionId":"11"] closing socket: 1
[2026-10-05 07:14:14.508][14][debug][client] [source/common/http/codec_client.cc:115] [Tags: "ConnectionId":"11"] disconnect. resetting 0 pending requests
[2026-10-05 07:14:14.508][14][debug][pool] [source/common/conn_pool/conn_pool_base.cc:567] [Tags: "ConnectionId":"11"] client disconnected, failure reason: 
[2026-10-05 07:14:14.508][14][debug][connection] [source/common/network/connection_impl.cc:184] [Tags: "ConnectionId":"17"] closing data_to_write=0 type=1
[2026-10-05 07:14:14.508][14][debug][connection] [source/common/network/connection_impl.cc:316] [Tags: "ConnectionId":"17"] closing socket: 1
[2026-10-05 07:14:14.508][14][debug][client] [source/common/http/codec_client.cc:115] [Tags: "ConnectionId":"17"] disconnect. resetting 0 pending requests
[2026-10-05 07:14:14.508][14][debug][pool] [source/common/conn_pool/conn_pool_base.cc:567] [Tags: "ConnectionId":"17"] client disconnected, failure reason: 
[2026-10-05 07:14:14.508][14][debug][connection] [source/common/network/connection_impl.cc:184] [Tags: "ConnectionId":"19"] closing data_to_write=0 type=1
[2026-10-05 07:14:14.508][14][debug][connection] [source/common/network/connection_impl.cc:316] [Tags: "ConnectionId":"19"] closing socket: 1
[2026-10-05 07:14:14.508][14][debug][client] [source/common/http/codec_client.cc:115] [Tags: "ConnectionId":"19"] disconnect. resetting 0 pending requests
[2026-10-05 07:14:14.508][14][debug][pool] [source/common/conn_pool/conn_pool_base.cc:567] [Tags: "ConnectionId":"19"] client disconnected, failure reason: 
[2026-10-05 07:14:14.508][14][debug][connection] [source/common/network/connection_impl.cc:184] [Tags: "ConnectionId":"1752"] closing data_to_write=0 type=1
[2026-10-05 07:14:14.508][14][debug][connection] [source/common/network/connection_impl.cc:316] [Tags: "ConnectionId":"1752"] closing socket: 1
[2026-10-05 07:14:14.508][14][debug][client] [source/common/http/codec_client.cc:115] [Tags: "ConnectionId":"1752"] disconnect. resetting 0 pending requests
[2026-10-05 07:14:14.508][14][debug][pool] [source/common/conn_pool/conn_pool_base.cc:567] [Tags: "ConnectionId":"1752"] client disconnected, failure reason: 
[2026-10-05 07:14:14.508][14][debug][connection] [source/common/network/connection_impl.cc:184] [Tags: "ConnectionId":"15"] closing data_to_write=0 type=1
[2026-10-05 07:14:14.508][14][debug][connection] [source/common/network/connection_impl.cc:316] [Tags: "ConnectionId":"15"] closing socket: 1
[2026-10-05 07:14:14.508][14][debug][client] [source/common/http/codec_client.cc:115] [Tags: "ConnectionId":"15"] disconnect. resetting 0 pending requests
[2026-10-05 07:14:14.508][14][debug][pool] [source/common/conn_pool/conn_pool_base.cc:567] [Tags: "ConnectionId":"15"] client disconnected, failure reason: 
[2026-10-05 07:14:14.508][14][debug][connection] [source/common/network/connection_impl.cc:184] [Tags: "ConnectionId":"1747"] closing data_to_write=0 type=1
[2026-10-05 07:14:14.508][14][debug][connection] [source/common/network/connection_impl.cc:316] [Tags: "ConnectionId":"1747"] closing socket: 1
[2026-10-05 07:14:14.508][14][debug][client] [source/common/http/codec_client.cc:115] [Tags: "ConnectionId":"1747"] disconnect. resetting 0 pending requests
[2026-10-05 07:14:14.508][14][debug][pool] [source/common/conn_pool/conn_pool_base.cc:567] [Tags: "ConnectionId":"1747"] client disconnected, failure reason: 
[2026-10-05 07:14:14.508][14][debug][connection] [source/common/network/connection_impl.cc:184] [Tags: "ConnectionId":"1743"] closing data_to_write=0 type=1
[2026-10-05 07:14:14.508][14][debug][connection] [source/common/network/connection_impl.cc:316] [Tags: "ConnectionId":"1743"] closing socket: 1
[2026-10-05 07:14:14.508][14][debug][client] [source/common/http/codec_client.cc:115] [Tags: "ConnectionId":"1743"] disconnect. resetting 0 pending requests
[2026-10-05 07:14:14.508][14][debug][pool] [source/common/conn_pool/conn_pool_base.cc:567] [Tags: "ConnectionId":"1743"] client disconnected, failure reason: 
[2026-10-05 07:14:14.508][14][debug][connection] [source/common/network/connection_impl.cc:184] [Tags: "ConnectionId":"1744"] closing data_to_write=0 type=1
[2026-10-05 07:14:14.508][14][debug][connection] [source/common/network/connection_impl.cc:316] [Tags: "ConnectionId":"1744"] closing socket: 1
[2026-10-05 07:14:14.508][14][debug][client] [source/common/http/codec_client.cc:115] [Tags: "ConnectionId":"1744"] disconnect. resetting 0 pending requests
[2026-10-05 07:14:14.508][14][debug][pool] [source/common/conn_pool/conn_pool_base.cc:567] [Tags: "ConnectionId":"1744"] client disconnected, failure reason: 
[2026-10-05 07:14:14.508][14][debug][pool] [source/common/conn_pool/conn_pool_base.cc:535] invoking 1 idle callback(s) - is_draining_for_deletion_=false
[2026-10-05 07:14:14.508][14][debug][connection] [source/common/network/connection_impl.cc:151] [Tags: "ConnectionId":"1748"] Not closing conn, socket is not open
[2026-10-05 07:14:14.508][14][debug][connection] [source/common/network/connection_impl.cc:151] [Tags: "ConnectionId":"1748"] Not closing conn, socket is not open
[2026-10-05 07:14:14.508][14][debug][connection] [source/common/network/connection_impl.cc:151] [Tags: "ConnectionId":"2"] Not closing conn, socket is not open
[2026-10-05 07:14:14.508][14][debug][connection] [source/common/network/connection_impl.cc:151] [Tags: "ConnectionId":"2"] Not closing conn, socket is not open
[2026-10-05 07:14:14.508][14][debug][connection] [source/common/network/connection_impl.cc:151] [Tags: "ConnectionId":"11"] Not closing conn, socket is not open
[2026-10-05 07:14:14.508][14][debug][connection] [source/common/network/connection_impl.cc:151] [Tags: "ConnectionId":"11"] Not closing conn, socket is not open
[2026-10-05 07:14:14.508][14][debug][connection] [source/common/network/connection_impl.cc:151] [Tags: "ConnectionId":"17"] Not closing conn, socket is not open
[2026-10-05 07:14:14.508][14][debug][connection] [source/common/network/connection_impl.cc:151] [Tags: "ConnectionId":"17"] Not closing conn, socket is not open
[2026-10-05 07:14:14.508][14][debug][connection] [source/common/network/connection_impl.cc:151] [Tags: "ConnectionId":"19"] Not closing conn, socket is not open
[2026-10-05 07:14:14.508][14][debug][connection] [source/common/network/connection_impl.cc:151] [Tags: "ConnectionId":"19"] Not closing conn, socket is not open
[2026-10-05 07:14:14.508][14][debug][connection] [source/common/network/connection_impl.cc:151] [Tags: "ConnectionId":"1752"] Not closing conn, socket is not open
[2026-10-05 07:14:14.508][14][debug][connection] [source/common/network/connection_impl.cc:151] [Tags: "ConnectionId":"1752"] Not closing conn, socket is not open
[2026-10-05 07:14:14.508][14][debug][connection] [source/common/network/connection_impl.cc:151] [Tags: "ConnectionId":"15"] Not closing conn, socket is not open
[2026-10-05 07:14:14.508][14][debug][connection] [source/common/network/connection_impl.cc:151] [Tags: "ConnectionId":"15"] Not closing conn, socket is not open
[2026-10-05 07:14:14.508][14][debug][connection] [source/common/network/connection_impl.cc:151] [Tags: "ConnectionId":"1747"] Not closing conn, socket is not open
[2026-10-05 07:14:14.508][14][debug][connection] [source/common/network/connection_impl.cc:151] [Tags: "ConnectionId":"1747"] Not closing conn, socket is not open
[2026-10-05 07:14:14.508][14][debug][connection] [source/common/network/connection_impl.cc:151] [Tags: "ConnectionId":"1743"] Not closing conn, socket is not open
[2026-10-05 07:14:14.508][14][debug][connection] [source/common/network/connection_impl.cc:151] [Tags: "ConnectionId":"1743"] Not closing conn, socket is not open
[2026-10-05 07:14:14.508][14][debug][connection] [source/common/network/connection_impl.cc:151] [Tags: "ConnectionId":"1744"] Not closing conn, socket is not open
[2026-10-05 07:14:14.508][14][debug][connection] [source/common/network/connection_impl.cc:151] [Tags: "ConnectionId":"1744"] Not closing conn, socket is not open
[2026-10-05 07:14:14.508][14][debug][connection] [source/common/network/connection_impl.cc:184] [Tags: "ConnectionId":"6"] closing data_to_write=0 type=1
[2026-10-05 07:14:14.508][14][debug][connection] [source/common/network/connection_impl.cc:316] [Tags: "ConnectionId":"6"] closing socket: 1
[2026-10-05 07:14:14.508][14][debug][client] [source/common/http/codec_client.cc:115] [Tags: "ConnectionId":"6"] disconnect. resetting 0 pending requests
[2026-10-05 07:14:14.508][14][debug][pool] [source/common/conn_pool/conn_pool_base.cc:567] [Tags: "ConnectionId":"6"] client disconnected, failure reason: 
[2026-10-05 07:14:14.508][14][debug][connection] [source/common/network/connection_impl.cc:184] [Tags: "ConnectionId":"21"] closing data_to_write=0 type=1
[2026-10-05 07:14:14.508][14][debug][connection] [source/common/network/connection_impl.cc:316] [Tags: "ConnectionId":"21"] closing socket: 1
[2026-10-05 07:14:14.508][14][debug][client] [source/common/http/codec_client.cc:115] [Tags: "ConnectionId":"21"] disconnect. resetting 0 pending requests
[2026-10-05 07:14:14.508][14][debug][pool] [source/common/conn_pool/conn_pool_base.cc:567] [Tags: "ConnectionId":"21"] client disconnected, failure reason: 
[2026-10-05 07:14:14.508][14][debug][connection] [source/common/network/connection_impl.cc:184] [Tags: "ConnectionId":"1749"] closing data_to_write=0 type=1
[2026-10-05 07:14:14.508][14][debug][connection] [source/common/network/connection_impl.cc:316] [Tags: "ConnectionId":"1749"] closing socket: 1
[2026-10-05 07:14:14.508][14][debug][client] [source/common/http/codec_client.cc:115] [Tags: "ConnectionId":"1749"] disconnect. resetting 0 pending requests
[2026-10-05 07:14:14.508][14][debug][pool] [source/common/conn_pool/conn_pool_base.cc:567] [Tags: "ConnectionId":"1749"] client disconnected, failure reason: 
[2026-10-05 07:14:14.508][14][debug][connection] [source/common/network/connection_impl.cc:184] [Tags: "ConnectionId":"1"] closing data_to_write=0 type=1
[2026-10-05 07:14:14.508][14][debug][connection] [source/common/network/connection_impl.cc:316] [Tags: "ConnectionId":"1"] closing socket: 1
[2026-10-05 07:14:14.508][14][debug][client] [source/common/http/codec_client.cc:115] [Tags: "ConnectionId":"1"] disconnect. resetting 0 pending requests
[2026-10-05 07:14:14.508][14][debug][pool] [source/common/conn_pool/conn_pool_base.cc:567] [Tags: "ConnectionId":"1"] client disconnected, failure reason: 
[2026-10-05 07:14:14.508][14][debug][connection] [source/common/network/connection_impl.cc:184] [Tags: "ConnectionId":"4"] closing data_to_write=0 type=1
[2026-10-05 07:14:14.508][14][debug][connection] [source/common/network/connection_impl.cc:316] [Tags: "ConnectionId":"4"] closing socket: 1
[2026-10-05 07:14:14.508][14][debug][client] [source/common/http/codec_client.cc:115] [Tags: "ConnectionId":"4"] disconnect. resetting 0 pending requests
[2026-10-05 07:14:14.508][14][debug][pool] [source/common/conn_pool/conn_pool_base.cc:567] [Tags: "ConnectionId":"4"] client disconnected, failure reason: 
[2026-10-05 07:14:14.508][14][debug][pool] [source/common/conn_pool/conn_pool_base.cc:535] invoking 1 idle callback(s) - is_draining_for_deletion_=false
[2026-10-05 07:14:14.508][14][debug][connection] [source/common/network/connection_impl.cc:151] [Tags: "ConnectionId":"6"] Not closing conn, socket is not open
[2026-10-05 07:14:14.508][14][debug][connection] [source/common/network/connection_impl.cc:151] [Tags: "ConnectionId":"6"] Not closing conn, socket is not open
[2026-10-05 07:14:14.508][14][debug][connection] [source/common/network/connection_impl.cc:151] [Tags: "ConnectionId":"21"] Not closing conn, socket is not open
[2026-10-05 07:14:14.508][14][debug][connection] [source/common/network/connection_impl.cc:151] [Tags: "ConnectionId":"21"] Not closing conn, socket is not open
[2026-10-05 07:14:14.508][14][debug][connection] [source/common/network/connection_impl.cc:151] [Tags: "ConnectionId":"1749"] Not closing conn, socket is not open
[2026-10-05 07:14:14.508][14][debug][connection] [source/common/network/connection_impl.cc:151] [Tags: "ConnectionId":"1749"] Not closing conn, socket is not open
[2026-10-05 07:14:14.508][14][debug][connection] [source/common/network/connection_impl.cc:151] [Tags: "ConnectionId":"1"] Not closing conn, socket is not open
[2026-10-05 07:14:14.508][14][debug][connection] [source/common/network/connection_impl.cc:151] [Tags: "ConnectionId":"1"] Not closing conn, socket is not open
[2026-10-05 07:14:14.508][14][debug][connection] [source/common/network/connection_impl.cc:151] [Tags: "ConnectionId":"4"] Not closing conn, socket is not open
[2026-10-05 07:14:14.508][14][debug][connection] [source/common/network/connection_impl.cc:151] [Tags: "ConnectionId":"4"] Not closing conn, socket is not open
[2026-10-05 07:14:14.508][14][debug][connection] [source/common/network/connection_impl.cc:184] [Tags: "ConnectionId":"23"] closing data_to_write=0 type=1
[2026-10-05 07:14:14.508][14][debug][connection] [source/common/network/connection_impl.cc:316] [Tags: "ConnectionId":"23"] closing socket: 1
[2026-10-05 07:14:14.508][14][debug][client] [source/common/http/codec_client.cc:115] [Tags: "ConnectionId":"23"] disconnect. resetting 0 pending requests
[2026-10-05 07:14:14.508][14][debug][pool] [source/common/conn_pool/conn_pool_base.cc:567] [Tags: "ConnectionId":"23"] client disconnected, failure reason: 
[2026-10-05 07:14:14.508][14][debug][connection] [source/common/network/connection_impl.cc:184] [Tags: "ConnectionId":"8"] closing data_to_write=0 type=1
[2026-10-05 07:14:14.508][14][debug][connection] [source/common/network/connection_impl.cc:316] [Tags: "ConnectionId":"8"] closing socket: 1
[2026-10-05 07:14:14.508][14][debug][client] [source/common/http/codec_client.cc:115] [Tags: "ConnectionId":"8"] disconnect. resetting 0 pending requests
[2026-10-05 07:14:14.508][14][debug][pool] [source/common/conn_pool/conn_pool_base.cc:567] [Tags: "ConnectionId":"8"] client disconnected, failure reason: 
[2026-10-05 07:14:14.508][14][debug][pool] [source/common/conn_pool/conn_pool_base.cc:535] invoking 1 idle callback(s) - is_draining_for_deletion_=false
[2026-10-05 07:14:14.508][14][debug][connection] [source/common/network/connection_impl.cc:151] [Tags: "ConnectionId":"23"] Not closing conn, socket is not open
[2026-10-05 07:14:14.508][14][debug][connection] [source/common/network/connection_impl.cc:151] [Tags: "ConnectionId":"23"] Not closing conn, socket is not open
[2026-10-05 07:14:14.508][14][debug][connection] [source/common/network/connection_impl.cc:151] [Tags: "ConnectionId":"8"] Not closing conn, socket is not open
[2026-10-05 07:14:14.508][14][debug][connection] [source/common/network/connection_impl.cc:151] [Tags: "ConnectionId":"8"] Not closing conn, socket is not open
[2026-10-05 07:14:14.508][14][debug][connection] [source/common/network/connection_impl.cc:184] [Tags: "ConnectionId":"1750"] closing data_to_write=0 type=1
[2026-10-05 07:14:14.508][14][debug][connection] [source/common/network/connection_impl.cc:316] [Tags: "ConnectionId":"1750"] closing socket: 1
[2026-10-05 07:14:14.508][14][debug][client] [source/common/http/codec_client.cc:115] [Tags: "ConnectionId":"1750"] disconnect. resetting 0 pending requests
[2026-10-05 07:14:14.508][14][debug][pool] [source/common/conn_pool/conn_pool_base.cc:567] [Tags: "ConnectionId":"1750"] client disconnected, failure reason: 
[2026-10-05 07:14:14.508][14][debug][connection] [source/common/network/connection_impl.cc:184] [Tags: "ConnectionId":"1751"] closing data_to_write=0 type=1
[2026-10-05 07:14:14.508][14][debug][connection] [source/common/network/connection_impl.cc:316] [Tags: "ConnectionId":"1751"] closing socket: 1
[2026-10-05 07:14:14.508][14][debug][client] [source/common/http/codec_client.cc:115] [Tags: "ConnectionId":"1751"] disconnect. resetting 0 pending requests
[2026-10-05 07:14:14.508][14][debug][pool] [source/common/conn_pool/conn_pool_base.cc:567] [Tags: "ConnectionId":"1751"] client disconnected, failure reason: 
[2026-10-05 07:14:14.508][14][debug][connection] [source/common/network/connection_impl.cc:184] [Tags: "ConnectionId":"24"] closing data_to_write=0 type=1
[2026-10-05 07:14:14.508][14][debug][connection] [source/common/network/connection_impl.cc:316] [Tags: "ConnectionId":"24"] closing socket: 1
[2026-10-05 07:14:14.508][14][debug][client] [source/common/http/codec_client.cc:115] [Tags: "ConnectionId":"24"] disconnect. resetting 0 pending requests
[2026-10-05 07:14:14.508][14][debug][pool] [source/common/conn_pool/conn_pool_base.cc:567] [Tags: "ConnectionId":"24"] client disconnected, failure reason: 
[2026-10-05 07:14:14.508][14][debug][connection] [source/common/network/connection_impl.cc:184] [Tags: "ConnectionId":"22"] closing data_to_write=0 type=1
[2026-10-05 07:14:14.508][14][debug][connection] [source/common/network/connection_impl.cc:316] [Tags: "ConnectionId":"22"] closing socket: 1
[2026-10-05 07:14:14.508][14][debug][client] [source/common/http/codec_client.cc:115] [Tags: "ConnectionId":"22"] disconnect. resetting 0 pending requests
[2026-10-05 07:14:14.508][14][debug][pool] [source/common/conn_pool/conn_pool_base.cc:567] [Tags: "ConnectionId":"22"] client disconnected, failure reason: 
[2026-10-05 07:14:14.508][14][debug][pool] [source/common/conn_pool/conn_pool_base.cc:535] invoking 1 idle callback(s) - is_draining_for_deletion_=false
[2026-10-05 07:14:14.508][14][debug][connection] [source/common/network/connection_impl.cc:151] [Tags: "ConnectionId":"1750"] Not closing conn, socket is not open
[2026-10-05 07:14:14.508][14][debug][connection] [source/common/network/connection_impl.cc:151] [Tags: "ConnectionId":"1750"] Not closing conn, socket is not open
[2026-10-05 07:14:14.508][14][debug][connection] [source/common/network/connection_impl.cc:151] [Tags: "ConnectionId":"1751"] Not closing conn, socket is not open
[2026-10-05 07:14:14.508][14][debug][connection] [source/common/network/connection_impl.cc:151] [Tags: "ConnectionId":"1751"] Not closing conn, socket is not open
[2026-10-05 07:14:14.508][14][debug][connection] [source/common/network/connection_impl.cc:151] [Tags: "ConnectionId":"24"] Not closing conn, socket is not open
[2026-10-05 07:14:14.508][14][debug][connection] [source/common/network/connection_impl.cc:151] [Tags: "ConnectionId":"24"] Not closing conn, socket is not open
[2026-10-05 07:14:14.508][14][debug][connection] [source/common/network/connection_impl.cc:151] [Tags: "ConnectionId":"22"] Not closing conn, socket is not open
[2026-10-05 07:14:14.508][14][debug][connection] [source/common/network/connection_impl.cc:151] [Tags: "ConnectionId":"22"] Not closing conn, socket is not open
[2026-10-05 07:14:14.508][1][debug][main] [source/server/server.cc:246] flushing stats
[2026-10-05 07:14:14.508][1][debug][init] [source/common/init/watcher_impl.cc:31] ClusterImplBase destroyed
[2026-10-05 07:14:14.508][1][debug][init] [source/common/init/watcher_impl.cc:31] init manager Cluster booking destroyed
[2026-10-05 07:14:14.508][1][debug][init] [source/common/init/watcher_impl.cc:31] ClusterImplBase destroyed
[2026-10-05 07:14:14.508][1][debug][init] [source/common/init/watcher_impl.cc:31] init manager Cluster orders destroyed
[2026-10-05 07:14:14.508][1][debug][init] [source/common/init/watcher_impl.cc:31] ClusterImplBase destroyed
[2026-10-05 07:14:14.508][1][debug][init] [source/common/init/watcher_impl.cc:31] init manager Cluster foods destroyed
[2026-10-05 07:14:14.508][1][debug][init] [source/common/init/watcher_impl.cc:31] ClusterImplBase destroyed
[2026-10-05 07:14:14.508][1][debug][init] [source/common/init/watcher_impl.cc:31] init manager Cluster users destroyed
[2026-10-05 07:14:14.508][1][debug][init] [source/common/init/watcher_impl.cc:31] ClusterImplBase destroyed
[2026-10-05 07:14:14.508][1][debug][init] [source/common/init/watcher_impl.cc:31] init manager Cluster payments destroyed
[2026-10-05 07:14:14.509][11][debug][grpc] [source/common/grpc/google_async_client_impl.cc:77] completionThread exiting
[2026-10-05 07:14:14.509][1][debug][grpc] [source/common/grpc/google_async_client_impl.cc:44] Joining completionThread
[2026-10-05 07:14:14.509][1][debug][grpc] [source/common/grpc/google_async_client_impl.cc:46] Joined completionThread
[2026-10-05 07:14:14.509][1][debug][upstream] [source/common/upstream/cluster_manager_impl.cc:1754] shutting down thread local cluster manager
[2026-10-05 07:14:14.509][1][info][main] [source/server/server.cc:1114] exiting
[2026-10-05 07:14:14.510][1][debug][init] [source/common/init/watcher_impl.cc:31] RunHelper destroyed
